{
"type": "FeatureCollection",
"name": "base_geometry",
"crs": { "type": "name", "properties": { "name": "urn:ogc:def:crs:EPSG::32618" } },
"features": [
{ "type": "Feature", "properties": { "opt_id": 0 }, "geometry": { "type": "Polygon", "coordinates": [ [ [ 110.555555555555557, 80.0 ], [ 110.555555555555557, 85.0 ], [ 105.537037037037038, 85.0 ], [ 105.537037037037038, 80.0 ], [ 110.555555555555557, 80.0 ] ] ] } },
{ "type": "Feature", "properties": { "opt_id": 1 }, "geometry": { "type": "Polygon", "coordinates": [ [ [ 115.574074074074062, 80.0 ], [ 115.574074074074062, 85.0 ], [ 110.555555555555543, 85.0 ], [ 110.555555555555543, 80.0 ], [ 115.574074074074062, 80.0 ] ] ] } },
{ "type": "Feature", "properties": { "opt_id": 2 }, "geometry": { "type": "Polygon", "coordinates": [ [ [ 120.592592592592595, 80.0 ], [ 120.592592592592595, 85.0 ], [ 115.574074074074076, 85.0 ], [ 115.574074074074076, 80.0 ], [ 120.592592592592595, 80.0 ] ] ] } },
{ "type": "Feature", "properties": { "opt_id": 3 }, "geometry": { "type": "Polygon", "coordinates": [ [ [ 125.6111111111111, 80.0 ], [ 125.6111111111111, 85.0 ], [ 120.592592592592581, 85.0 ], [ 120.592592592592581, 80.0 ], [ 125.6111111111111, 80.0 ] ] ] } },
{ "type": "Feature", "properties": { "opt_id": 4 }, "geometry": { "type": "Polygon", "coordinates": [ [ [ 130.629629629629591, 80.0 ], [ 130.629629629629591, 85.0 ], [ 125.611111111111086, 85.0 ], [ 125.611111111111086, 80.0 ], [ 130.629629629629591, 80.0 ] ] ] } },
{ "type": "Feature", "properties": { "opt_id": 5 }, "geometry": { "type": "Polygon", "coordinates": [ [ [ 135.648148148148124, 80.0 ], [ 135.648148148148124, 85.0 ], [ 130.629629629629619, 85.0 ], [ 130.629629629629619, 80.0 ], [ 135.648148148148124, 80.0 ] ] ] } },
{ "type": "Feature", "properties": { "opt_id": 6 }, "geometry": { "type": "Polygon", "coordinates": [ [ [ 140.666666666666629, 80.0 ], [ 140.666666666666629, 85.0 ], [ 135.648148148148124, 85.0 ], [ 135.648148148148124, 80.0 ], [ 140.666666666666629, 80.0 ] ] ] } },
{ "type": "Feature", "properties": { "opt_id": 7 }, "geometry": { "type": "Polygon", "coordinates": [ [ [ 145.685185185185162, 80.0 ], [ 145.685185185185162, 85.0 ], [ 140.666666666666657, 85.0 ], [ 140.666666666666657, 80.0 ], [ 145.685185185185162, 80.0 ] ] ] } },
{ "type": "Feature", "properties": { "opt_id": 8 }, "geometry": { "type": "Polygon", "coordinates": [ [ [ 150.703703703703667, 80.0 ], [ 150.703703703703667, 85.0 ], [ 145.685185185185162, 85.0 ], [ 145.685185185185162, 80.0 ], [ 150.703703703703667, 80.0 ] ] ] } },
{ "type": "Feature", "properties": { "opt_id": 9 }, "geometry": { "type": "Polygon", "coordinates": [ [ [ 155.7222222222222, 80.0 ], [ 155.7222222222222, 85.0 ], [ 150.703703703703695, 85.0 ], [ 150.703703703703695, 80.0 ], [ 155.7222222222222, 80.0 ] ] ] } },
{ "type": "Feature", "properties": { "opt_id": 10 }, "geometry": { "type": "Polygon", "coordinates": [ [ [ 110.555555555555557, 75.0 ], [ 110.555555555555557, 80.0 ], [ 105.537037037037038, 80.0 ], [ 105.537037037037038, 75.0 ], [ 110.555555555555557, 75.0 ] ] ] } },
{ "type": "Feature", "properties": { "opt_id": 11 }, "geometry": { "type": "Polygon", "coordinates": [ [ [ 115.574074074074062, 75.0 ], [ 115.574074074074062, 80.0 ], [ 110.555555555555543, 80.0 ], [ 110.555555555555543, 75.0 ], [ 115.574074074074062, 75.0 ] ] ] } },
{ "type": "Feature", "properties": { "opt_id": 12 }, "geometry": { "type": "Polygon", "coordinates": [ [ [ 130.629629629629591, 75.0 ], [ 130.629629629629591, 80.0 ], [ 125.611111111111086, 80.0 ], [ 125.611111111111086, 75.0 ], [ 130.629629629629591, 75.0 ] ] ] } },
{ "type": "Feature", "properties": { "opt_id": 13 }, "geometry": { "type": "Polygon", "coordinates": [ [ [ 135.648148148148124, 75.0 ], [ 135.648148148148124, 80.0 ], [ 130.629629629629619, 80.0 ], [ 130.629629629629619, 75.0 ], [ 135.648148148148124, 75.0 ] ] ] } },
{ "type": "Feature", "properties": { "opt_id": 14 }, "geometry": { "type": "Polygon", "coordinates": [ [ [ 140.666666666666629, 75.0 ], [ 140.666666666666629, 80.0 ], [ 135.648148148148124, 80.0 ], [ 135.648148148148124, 75.0 ], [ 140.666666666666629, 75.0 ] ] ] } },
{ "type": "Feature", "properties": { "opt_id": 15 }, "geometry": { "type": "Polygon", "coordinates": [ [ [ 145.685185185185162, 75.0 ], [ 145.685185185185162, 80.0 ], [ 140.666666666666657, 80.0 ], [ 140.666666666666657, 75.0 ], [ 145.685185185185162, 75.0 ] ] ] } },
{ "type": "Feature", "properties": { "opt_id": 16 }, "geometry": { "type": "Polygon", "coordinates": [ [ [ 150.703703703703667, 75.0 ], [ 150.703703703703667, 80.0 ], [ 145.685185185185162, 80.0 ], [ 145.685185185185162, 75.0 ], [ 150.703703703703667, 75.0 ] ] ] } },
{ "type": "Feature", "properties": { "opt_id": 17 }, "geometry": { "type": "Polygon", "coordinates": [ [ [ 155.7222222222222, 75.0 ], [ 155.7222222222222, 80.0 ], [ 150.703703703703695, 80.0 ], [ 150.703703703703695, 75.0 ], [ 155.7222222222222, 75.0 ] ] ] } },
{ "type": "Feature", "properties": { "opt_id": 18 }, "geometry": { "type": "Polygon", "coordinates": [ [ [ 180.814814814814781, 75.0 ], [ 180.814814814814781, 80.0 ], [ 175.796296296296276, 80.0 ], [ 175.796296296296276, 75.0 ], [ 180.814814814814781, 75.0 ] ] ] } },
{ "type": "Feature", "properties": { "opt_id": 19 }, "geometry": { "type": "Polygon", "coordinates": [ [ [ 185.833333333333314, 75.0 ], [ 185.833333333333314, 80.0 ], [ 180.81481481481481, 80.0 ], [ 180.81481481481481, 75.0 ], [ 185.833333333333314, 75.0 ] ] ] } },
{ "type": "Feature", "properties": { "opt_id": 20 }, "geometry": { "type": "Polygon", "coordinates": [ [ [ 190.851851851851819, 75.0 ], [ 190.851851851851819, 80.0 ], [ 185.833333333333314, 80.0 ], [ 185.833333333333314, 75.0 ], [ 190.851851851851819, 75.0 ] ] ] } },
{ "type": "Feature", "properties": { "opt_id": 21 }, "geometry": { "type": "Polygon", "coordinates": [ [ [ 195.870370370370352, 75.0 ], [ 195.870370370370352, 80.0 ], [ 190.851851851851848, 80.0 ], [ 190.851851851851848, 75.0 ], [ 195.870370370370352, 75.0 ] ] ] } },
{ "type": "Feature", "properties": { "opt_id": 22 }, "geometry": { "type": "Polygon", "coordinates": [ [ [ 110.555555555555557, 70.0 ], [ 110.555555555555557, 75.0 ], [ 105.537037037037038, 75.0 ], [ 105.537037037037038, 70.0 ], [ 110.555555555555557, 70.0 ] ] ] } },
{ "type": "Feature", "properties": { "opt_id": 23 }, "geometry": { "type": "Polygon", "coordinates": [ [ [ 115.574074074074062, 70.0 ], [ 115.574074074074062, 75.0 ], [ 110.555555555555543, 75.0 ], [ 110.555555555555543, 70.0 ], [ 115.574074074074062, 70.0 ] ] ] } },
{ "type": "Feature", "properties": { "opt_id": 24 }, "geometry": { "type": "Polygon", "coordinates": [ [ [ 130.629629629629591, 70.0 ], [ 130.629629629629591, 75.0 ], [ 125.611111111111086, 75.0 ], [ 125.611111111111086, 70.0 ], [ 130.629629629629591, 70.0 ] ] ] } },
{ "type": "Feature", "properties": { "opt_id": 25 }, "geometry": { "type": "Polygon", "coordinates": [ [ [ 135.648148148148124, 70.0 ], [ 135.648148148148124, 75.0 ], [ 130.629629629629619, 75.0 ], [ 130.629629629629619, 70.0 ], [ 135.648148148148124, 70.0 ] ] ] } },
{ "type": "Feature", "properties": { "opt_id": 26 }, "geometry": { "type": "Polygon", "coordinates": [ [ [ 140.666666666666629, 70.0 ], [ 140.666666666666629, 75.0 ], [ 135.648148148148124, 75.0 ], [ 135.648148148148124, 70.0 ], [ 140.666666666666629, 70.0 ] ] ] } },
{ "type": "Feature", "properties": { "opt_id": 27 }, "geometry": { "type": "Polygon", "coordinates": [ [ [ 180.814814814814781, 70.0 ], [ 180.814814814814781, 75.0 ], [ 175.796296296296276, 75.0 ], [ 175.796296296296276, 70.0 ], [ 180.814814814814781, 70.0 ] ] ] } },
{ "type": "Feature", "properties": { "opt_id": 28 }, "geometry": { "type": "Polygon", "coordinates": [ [ [ 185.833333333333314, 70.0 ], [ 185.833333333333314, 75.0 ], [ 180.81481481481481, 75.0 ], [ 180.81481481481481, 70.0 ], [ 185.833333333333314, 70.0 ] ] ] } },
{ "type": "Feature", "properties": { "opt_id": 29 }, "geometry": { "type": "Polygon", "coordinates": [ [ [ 190.851851851851819, 70.0 ], [ 190.851851851851819, 75.0 ], [ 185.833333333333314, 75.0 ], [ 185.833333333333314, 70.0 ], [ 190.851851851851819, 70.0 ] ] ] } },
{ "type": "Feature", "properties": { "opt_id": 30 }, "geometry": { "type": "Polygon", "coordinates": [ [ [ 195.870370370370352, 70.0 ], [ 195.870370370370352, 75.0 ], [ 190.851851851851848, 75.0 ], [ 190.851851851851848, 70.0 ], [ 195.870370370370352, 70.0 ] ] ] } },
{ "type": "Feature", "properties": { "opt_id": 31 }, "geometry": { "type": "Polygon", "coordinates": [ [ [ 110.555555555555557, 65.0 ], [ 110.555555555555557, 70.0 ], [ 105.537037037037038, 70.0 ], [ 105.537037037037038, 65.0 ], [ 110.555555555555557, 65.0 ] ] ] } },
{ "type": "Feature", "properties": { "opt_id": 32 }, "geometry": { "type": "Polygon", "coordinates": [ [ [ 115.574074074074062, 65.0 ], [ 115.574074074074062, 70.0 ], [ 110.555555555555543, 70.0 ], [ 110.555555555555543, 65.0 ], [ 115.574074074074062, 65.0 ] ] ] } },
{ "type": "Feature", "properties": { "opt_id": 33 }, "geometry": { "type": "Polygon", "coordinates": [ [ [ 130.629629629629591, 65.0 ], [ 130.629629629629591, 70.0 ], [ 125.611111111111086, 70.0 ], [ 125.611111111111086, 65.0 ], [ 130.629629629629591, 65.0 ] ] ] } },
{ "type": "Feature", "properties": { "opt_id": 34 }, "geometry": { "type": "Polygon", "coordinates": [ [ [ 135.648148148148124, 65.0 ], [ 135.648148148148124, 70.0 ], [ 130.629629629629619, 70.0 ], [ 130.629629629629619, 65.0 ], [ 135.648148148148124, 65.0 ] ] ] } },
{ "type": "Feature", "properties": { "opt_id": 35 }, "geometry": { "type": "Polygon", "coordinates": [ [ [ 140.666666666666629, 65.0 ], [ 140.666666666666629, 70.0 ], [ 135.648148148148124, 70.0 ], [ 135.648148148148124, 65.0 ], [ 140.666666666666629, 65.0 ] ] ] } },
{ "type": "Feature", "properties": { "opt_id": 36 }, "geometry": { "type": "Polygon", "coordinates": [ [ [ 180.814814814814781, 65.0 ], [ 180.814814814814781, 70.0 ], [ 175.796296296296276, 70.0 ], [ 175.796296296296276, 65.0 ], [ 180.814814814814781, 65.0 ] ] ] } },
{ "type": "Feature", "properties": { "opt_id": 37 }, "geometry": { "type": "Polygon", "coordinates": [ [ [ 185.833333333333314, 65.0 ], [ 185.833333333333314, 70.0 ], [ 180.81481481481481, 70.0 ], [ 180.81481481481481, 65.0 ], [ 185.833333333333314, 65.0 ] ] ] } },
{ "type": "Feature", "properties": { "opt_id": 38 }, "geometry": { "type": "Polygon", "coordinates": [ [ [ 190.851851851851819, 65.0 ], [ 190.851851851851819, 70.0 ], [ 185.833333333333314, 70.0 ], [ 185.833333333333314, 65.0 ], [ 190.851851851851819, 65.0 ] ] ] } },
{ "type": "Feature", "properties": { "opt_id": 39 }, "geometry": { "type": "Polygon", "coordinates": [ [ [ 195.870370370370352, 65.0 ], [ 195.870370370370352, 70.0 ], [ 190.851851851851848, 70.0 ], [ 190.851851851851848, 65.0 ], [ 195.870370370370352, 65.0 ] ] ] } },
{ "type": "Feature", "properties": { "opt_id": 40 }, "geometry": { "type": "Polygon", "coordinates": [ [ [ 110.555555555555557, 60.0 ], [ 110.555555555555557, 65.0 ], [ 105.537037037037038, 65.0 ], [ 105.537037037037038, 60.0 ], [ 110.555555555555557, 60.0 ] ] ] } },
{ "type": "Feature", "properties": { "opt_id": 41 }, "geometry": { "type": "Polygon", "coordinates": [ [ [ 115.574074074074062, 60.0 ], [ 115.574074074074062, 65.0 ], [ 110.555555555555543, 65.0 ], [ 110.555555555555543, 60.0 ], [ 115.574074074074062, 60.0 ] ] ] } },
{ "type": "Feature", "properties": { "opt_id": 42 }, "geometry": { "type": "Polygon", "coordinates": [ [ [ 130.629629629629591, 60.0 ], [ 130.629629629629591, 65.0 ], [ 125.611111111111086, 65.0 ], [ 125.611111111111086, 60.0 ], [ 130.629629629629591, 60.0 ] ] ] } },
{ "type": "Feature", "properties": { "opt_id": 43 }, "geometry": { "type": "Polygon", "coordinates": [ [ [ 135.648148148148124, 60.0 ], [ 135.648148148148124, 65.0 ], [ 130.629629629629619, 65.0 ], [ 130.629629629629619, 60.0 ], [ 135.648148148148124, 60.0 ] ] ] } },
{ "type": "Feature", "properties": { "opt_id": 44 }, "geometry": { "type": "Polygon", "coordinates": [ [ [ 140.666666666666629, 60.0 ], [ 140.666666666666629, 65.0 ], [ 135.648148148148124, 65.0 ], [ 135.648148148148124, 60.0 ], [ 140.666666666666629, 60.0 ] ] ] } },
{ "type": "Feature", "properties": { "opt_id": 45 }, "geometry": { "type": "Polygon", "coordinates": [ [ [ 180.814814814814781, 60.0 ], [ 180.814814814814781, 65.0 ], [ 175.796296296296276, 65.0 ], [ 175.796296296296276, 60.0 ], [ 180.814814814814781, 60.0 ] ] ] } },
{ "type": "Feature", "properties": { "opt_id": 46 }, "geometry": { "type": "Polygon", "coordinates": [ [ [ 185.833333333333314, 60.0 ], [ 185.833333333333314, 65.0 ], [ 180.81481481481481, 65.0 ], [ 180.81481481481481, 60.0 ], [ 185.833333333333314, 60.0 ] ] ] } },
{ "type": "Feature", "properties": { "opt_id": 47 }, "geometry": { "type": "Polygon", "coordinates": [ [ [ 190.851851851851819, 60.0 ], [ 190.851851851851819, 65.0 ], [ 185.833333333333314, 65.0 ], [ 185.833333333333314, 60.0 ], [ 190.851851851851819, 60.0 ] ] ] } },
{ "type": "Feature", "properties": { "opt_id": 48 }, "geometry": { "type": "Polygon", "coordinates": [ [ [ 195.870370370370352, 60.0 ], [ 195.870370370370352, 65.0 ], [ 190.851851851851848, 65.0 ], [ 190.851851851851848, 60.0 ], [ 195.870370370370352, 60.0 ] ] ] } },
{ "type": "Feature", "properties": { "opt_id": 49 }, "geometry": { "type": "Polygon", "coordinates": [ [ [ 110.555555555555557, 55.0 ], [ 110.555555555555557, 60.0 ], [ 105.537037037037038, 60.0 ], [ 105.537037037037038, 55.0 ], [ 110.555555555555557, 55.0 ] ] ] } },
{ "type": "Feature", "properties": { "opt_id": 50 }, "geometry": { "type": "Polygon", "coordinates": [ [ [ 115.574074074074062, 55.0 ], [ 115.574074074074062, 60.0 ], [ 110.555555555555543, 60.0 ], [ 110.555555555555543, 55.0 ], [ 115.574074074074062, 55.0 ] ] ] } },
{ "type": "Feature", "properties": { "opt_id": 51 }, "geometry": { "type": "Polygon", "coordinates": [ [ [ 130.629629629629591, 55.0 ], [ 130.629629629629591, 60.0 ], [ 125.611111111111086, 60.0 ], [ 125.611111111111086, 55.0 ], [ 130.629629629629591, 55.0 ] ] ] } },
{ "type": "Feature", "properties": { "opt_id": 52 }, "geometry": { "type": "Polygon", "coordinates": [ [ [ 135.648148148148124, 55.0 ], [ 135.648148148148124, 60.0 ], [ 130.629629629629619, 60.0 ], [ 130.629629629629619, 55.0 ], [ 135.648148148148124, 55.0 ] ] ] } },
{ "type": "Feature", "properties": { "opt_id": 53 }, "geometry": { "type": "Polygon", "coordinates": [ [ [ 140.666666666666629, 55.0 ], [ 140.666666666666629, 60.0 ], [ 135.648148148148124, 60.0 ], [ 135.648148148148124, 55.0 ], [ 140.666666666666629, 55.0 ] ] ] } },
{ "type": "Feature", "properties": { "opt_id": 54 }, "geometry": { "type": "Polygon", "coordinates": [ [ [ 185.833333333333314, 55.0 ], [ 185.833333333333314, 60.0 ], [ 180.81481481481481, 60.0 ], [ 180.81481481481481, 55.0 ], [ 185.833333333333314, 55.0 ] ] ] } },
{ "type": "Feature", "properties": { "opt_id": 55 }, "geometry": { "type": "Polygon", "coordinates": [ [ [ 190.851851851851819, 55.0 ], [ 190.851851851851819, 60.0 ], [ 185.833333333333314, 60.0 ], [ 185.833333333333314, 55.0 ], [ 190.851851851851819, 55.0 ] ] ] } },
{ "type": "Feature", "properties": { "opt_id": 56 }, "geometry": { "type": "Polygon", "coordinates": [ [ [ 195.870370370370352, 55.0 ], [ 195.870370370370352, 60.0 ], [ 190.851851851851848, 60.0 ], [ 190.851851851851848, 55.0 ], [ 195.870370370370352, 55.0 ] ] ] } },
{ "type": "Feature", "properties": { "opt_id": 57 }, "geometry": { "type": "Polygon", "coordinates": [ [ [ 110.555555555555557, 50.0 ], [ 110.555555555555557, 55.0 ], [ 105.537037037037038, 55.0 ], [ 105.537037037037038, 50.0 ], [ 110.555555555555557, 50.0 ] ] ] } },
{ "type": "Feature", "properties": { "opt_id": 58 }, "geometry": { "type": "Polygon", "coordinates": [ [ [ 115.574074074074062, 50.0 ], [ 115.574074074074062, 55.0 ], [ 110.555555555555543, 55.0 ], [ 110.555555555555543, 50.0 ], [ 115.574074074074062, 50.0 ] ] ] } },
{ "type": "Feature", "properties": { "opt_id": 59 }, "geometry": { "type": "Polygon", "coordinates": [ [ [ 130.629629629629591, 50.0 ], [ 130.629629629629591, 55.0 ], [ 125.611111111111086, 55.0 ], [ 125.611111111111086, 50.0 ], [ 130.629629629629591, 50.0 ] ] ] } },
{ "type": "Feature", "properties": { "opt_id": 60 }, "geometry": { "type": "Polygon", "coordinates": [ [ [ 135.648148148148124, 50.0 ], [ 135.648148148148124, 55.0 ], [ 130.629629629629619, 55.0 ], [ 130.629629629629619, 50.0 ], [ 135.648148148148124, 50.0 ] ] ] } },
{ "type": "Feature", "properties": { "opt_id": 61 }, "geometry": { "type": "Polygon", "coordinates": [ [ [ 140.666666666666629, 50.0 ], [ 140.666666666666629, 55.0 ], [ 135.648148148148124, 55.0 ], [ 135.648148148148124, 50.0 ], [ 140.666666666666629, 50.0 ] ] ] } },
{ "type": "Feature", "properties": { "opt_id": 62 }, "geometry": { "type": "Polygon", "coordinates": [ [ [ 145.685185185185162, 50.0 ], [ 145.685185185185162, 55.0 ], [ 140.666666666666657, 55.0 ], [ 140.666666666666657, 50.0 ], [ 145.685185185185162, 50.0 ] ] ] } },
{ "type": "Feature", "properties": { "opt_id": 63 }, "geometry": { "type": "Polygon", "coordinates": [ [ [ 150.703703703703667, 50.0 ], [ 150.703703703703667, 55.0 ], [ 145.685185185185162, 55.0 ], [ 145.685185185185162, 50.0 ], [ 150.703703703703667, 50.0 ] ] ] } },
{ "type": "Feature", "properties": { "opt_id": 64 }, "geometry": { "type": "Polygon", "coordinates": [ [ [ 155.7222222222222, 50.0 ], [ 155.7222222222222, 55.0 ], [ 150.703703703703695, 55.0 ], [ 150.703703703703695, 50.0 ], [ 155.7222222222222, 50.0 ] ] ] } },
{ "type": "Feature", "properties": { "opt_id": 65 }, "geometry": { "type": "Polygon", "coordinates": [ [ [ 185.833333333333314, 50.0 ], [ 185.833333333333314, 55.0 ], [ 180.81481481481481, 55.0 ], [ 180.81481481481481, 50.0 ], [ 185.833333333333314, 50.0 ] ] ] } },
{ "type": "Feature", "properties": { "opt_id": 66 }, "geometry": { "type": "Polygon", "coordinates": [ [ [ 190.851851851851819, 50.0 ], [ 190.851851851851819, 55.0 ], [ 185.833333333333314, 55.0 ], [ 185.833333333333314, 50.0 ], [ 190.851851851851819, 50.0 ] ] ] } },
{ "type": "Feature", "properties": { "opt_id": 67 }, "geometry": { "type": "Polygon", "coordinates": [ [ [ 195.870370370370352, 50.0 ], [ 195.870370370370352, 55.0 ], [ 190.851851851851848, 55.0 ], [ 190.851851851851848, 50.0 ], [ 195.870370370370352, 50.0 ] ] ] } },
{ "type": "Feature", "properties": { "opt_id": 68 }, "geometry": { "type": "Polygon", "coordinates": [ [ [ 200.888888888888857, 50.0 ], [ 200.888888888888857, 55.0 ], [ 195.870370370370352, 55.0 ], [ 195.870370370370352, 50.0 ], [ 200.888888888888857, 50.0 ] ] ] } },
{ "type": "Feature", "properties": { "opt_id": 69 }, "geometry": { "type": "Polygon", "coordinates": [ [ [ 205.907407407407362, 50.0 ], [ 205.907407407407362, 55.0 ], [ 200.888888888888857, 55.0 ], [ 200.888888888888857, 50.0 ], [ 205.907407407407362, 50.0 ] ] ] } },
{ "type": "Feature", "properties": { "opt_id": 70 }, "geometry": { "type": "Polygon", "coordinates": [ [ [ 110.555555555555557, 45.0 ], [ 110.555555555555557, 50.0 ], [ 105.537037037037038, 50.0 ], [ 105.537037037037038, 45.0 ], [ 110.555555555555557, 45.0 ] ] ] } },
{ "type": "Feature", "properties": { "opt_id": 71 }, "geometry": { "type": "Polygon", "coordinates": [ [ [ 115.574074074074062, 45.0 ], [ 115.574074074074062, 50.0 ], [ 110.555555555555543, 50.0 ], [ 110.555555555555543, 45.0 ], [ 115.574074074074062, 45.0 ] ] ] } },
{ "type": "Feature", "properties": { "opt_id": 72 }, "geometry": { "type": "Polygon", "coordinates": [ [ [ 120.592592592592595, 45.0 ], [ 120.592592592592595, 50.0 ], [ 115.574074074074076, 50.0 ], [ 115.574074074074076, 45.0 ], [ 120.592592592592595, 45.0 ] ] ] } },
{ "type": "Feature", "properties": { "opt_id": 73 }, "geometry": { "type": "Polygon", "coordinates": [ [ [ 125.6111111111111, 45.0 ], [ 125.6111111111111, 50.0 ], [ 120.592592592592581, 50.0 ], [ 120.592592592592581, 45.0 ], [ 125.6111111111111, 45.0 ] ] ] } },
{ "type": "Feature", "properties": { "opt_id": 74 }, "geometry": { "type": "Polygon", "coordinates": [ [ [ 130.629629629629591, 45.0 ], [ 130.629629629629591, 50.0 ], [ 125.611111111111086, 50.0 ], [ 125.611111111111086, 45.0 ], [ 130.629629629629591, 45.0 ] ] ] } },
{ "type": "Feature", "properties": { "opt_id": 75 }, "geometry": { "type": "Polygon", "coordinates": [ [ [ 135.648148148148124, 45.0 ], [ 135.648148148148124, 50.0 ], [ 130.629629629629619, 50.0 ], [ 130.629629629629619, 45.0 ], [ 135.648148148148124, 45.0 ] ] ] } },
{ "type": "Feature", "properties": { "opt_id": 76 }, "geometry": { "type": "Polygon", "coordinates": [ [ [ 140.666666666666629, 45.0 ], [ 140.666666666666629, 50.0 ], [ 135.648148148148124, 50.0 ], [ 135.648148148148124, 45.0 ], [ 140.666666666666629, 45.0 ] ] ] } },
{ "type": "Feature", "properties": { "opt_id": 77 }, "geometry": { "type": "Polygon", "coordinates": [ [ [ 145.685185185185162, 45.0 ], [ 145.685185185185162, 50.0 ], [ 140.666666666666657, 50.0 ], [ 140.666666666666657, 45.0 ], [ 145.685185185185162, 45.0 ] ] ] } },
{ "type": "Feature", "properties": { "opt_id": 78 }, "geometry": { "type": "Polygon", "coordinates": [ [ [ 150.703703703703667, 45.0 ], [ 150.703703703703667, 50.0 ], [ 145.685185185185162, 50.0 ], [ 145.685185185185162, 45.0 ], [ 150.703703703703667, 45.0 ] ] ] } },
{ "type": "Feature", "properties": { "opt_id": 79 }, "geometry": { "type": "Polygon", "coordinates": [ [ [ 155.7222222222222, 45.0 ], [ 155.7222222222222, 50.0 ], [ 150.703703703703695, 50.0 ], [ 150.703703703703695, 45.0 ], [ 155.7222222222222, 45.0 ] ] ] } },
{ "type": "Feature", "properties": { "opt_id": 80 }, "geometry": { "type": "Polygon", "coordinates": [ [ [ 185.833333333333314, 45.0 ], [ 185.833333333333314, 50.0 ], [ 180.81481481481481, 50.0 ], [ 180.81481481481481, 45.0 ], [ 185.833333333333314, 45.0 ] ] ] } },
{ "type": "Feature", "properties": { "opt_id": 81 }, "geometry": { "type": "Polygon", "coordinates": [ [ [ 190.851851851851819, 45.0 ], [ 190.851851851851819, 50.0 ], [ 185.833333333333314, 50.0 ], [ 185.833333333333314, 45.0 ], [ 190.851851851851819, 45.0 ] ] ] } },
{ "type": "Feature", "properties": { "opt_id": 82 }, "geometry": { "type": "Polygon", "coordinates": [ [ [ 195.870370370370352, 45.0 ], [ 195.870370370370352, 50.0 ], [ 190.851851851851848, 50.0 ], [ 190.851851851851848, 45.0 ], [ 195.870370370370352, 45.0 ] ] ] } },
{ "type": "Feature", "properties": { "opt_id": 83 }, "geometry": { "type": "Polygon", "coordinates": [ [ [ 200.888888888888857, 45.0 ], [ 200.888888888888857, 50.0 ], [ 195.870370370370352, 50.0 ], [ 195.870370370370352, 45.0 ], [ 200.888888888888857, 45.0 ] ] ] } },
{ "type": "Feature", "properties": { "opt_id": 84 }, "geometry": { "type": "Polygon", "coordinates": [ [ [ 205.907407407407362, 45.0 ], [ 205.907407407407362, 50.0 ], [ 200.888888888888857, 50.0 ], [ 200.888888888888857, 45.0 ], [ 205.907407407407362, 45.0 ] ] ] } },
{ "type": "Feature", "properties": { "opt_id": 85 }, "geometry": { "type": "Polygon", "coordinates": [ [ [ 110.555555555555557, 40.0 ], [ 110.555555555555557, 45.0 ], [ 105.537037037037038, 45.0 ], [ 105.537037037037038, 40.0 ], [ 110.555555555555557, 40.0 ] ] ] } },
{ "type": "Feature", "properties": { "opt_id": 86 }, "geometry": { "type": "Polygon", "coordinates": [ [ [ 115.574074074074062, 40.0 ], [ 115.574074074074062, 45.0 ], [ 110.555555555555543, 45.0 ], [ 110.555555555555543, 40.0 ], [ 115.574074074074062, 40.0 ] ] ] } },
{ "type": "Feature", "properties": { "opt_id": 87 }, "geometry": { "type": "Polygon", "coordinates": [ [ [ 120.592592592592595, 40.0 ], [ 120.592592592592595, 45.0 ], [ 115.574074074074076, 45.0 ], [ 115.574074074074076, 40.0 ], [ 120.592592592592595, 40.0 ] ] ] } },
{ "type": "Feature", "properties": { "opt_id": 88 }, "geometry": { "type": "Polygon", "coordinates": [ [ [ 125.6111111111111, 40.0 ], [ 125.6111111111111, 45.0 ], [ 120.592592592592581, 45.0 ], [ 120.592592592592581, 40.0 ], [ 125.6111111111111, 40.0 ] ] ] } },
{ "type": "Feature", "properties": { "opt_id": 89 }, "geometry": { "type": "Polygon", "coordinates": [ [ [ 130.629629629629591, 40.0 ], [ 130.629629629629591, 45.0 ], [ 125.611111111111086, 45.0 ], [ 125.611111111111086, 40.0 ], [ 130.629629629629591, 40.0 ] ] ] } },
{ "type": "Feature", "properties": { "opt_id": 90 }, "geometry": { "type": "Polygon", "coordinates": [ [ [ 135.648148148148124, 40.0 ], [ 135.648148148148124, 45.0 ], [ 130.629629629629619, 45.0 ], [ 130.629629629629619, 40.0 ], [ 135.648148148148124, 40.0 ] ] ] } },
{ "type": "Feature", "properties": { "opt_id": 91 }, "geometry": { "type": "Polygon", "coordinates": [ [ [ 140.666666666666629, 40.0 ], [ 140.666666666666629, 45.0 ], [ 135.648148148148124, 45.0 ], [ 135.648148148148124, 40.0 ], [ 140.666666666666629, 40.0 ] ] ] } },
{ "type": "Feature", "properties": { "opt_id": 92 }, "geometry": { "type": "Polygon", "coordinates": [ [ [ 145.685185185185162, 40.0 ], [ 145.685185185185162, 45.0 ], [ 140.666666666666657, 45.0 ], [ 140.666666666666657, 40.0 ], [ 145.685185185185162, 40.0 ] ] ] } },
{ "type": "Feature", "properties": { "opt_id": 93 }, "geometry": { "type": "Polygon", "coordinates": [ [ [ 150.703703703703667, 40.0 ], [ 150.703703703703667, 45.0 ], [ 145.685185185185162, 45.0 ], [ 145.685185185185162, 40.0 ], [ 150.703703703703667, 40.0 ] ] ] } },
{ "type": "Feature", "properties": { "opt_id": 94 }, "geometry": { "type": "Polygon", "coordinates": [ [ [ 155.7222222222222, 40.0 ], [ 155.7222222222222, 45.0 ], [ 150.703703703703695, 45.0 ], [ 150.703703703703695, 40.0 ], [ 155.7222222222222, 40.0 ] ] ] } },
{ "type": "Feature", "properties": { "opt_id": 95 }, "geometry": { "type": "Polygon", "coordinates": [ [ [ 185.833333333333314, 40.0 ], [ 185.833333333333314, 45.0 ], [ 180.81481481481481, 45.0 ], [ 180.81481481481481, 40.0 ], [ 185.833333333333314, 40.0 ] ] ] } },
{ "type": "Feature", "properties": { "opt_id": 96 }, "geometry": { "type": "Polygon", "coordinates": [ [ [ 190.851851851851819, 40.0 ], [ 190.851851851851819, 45.0 ], [ 185.833333333333314, 45.0 ], [ 185.833333333333314, 40.0 ], [ 190.851851851851819, 40.0 ] ] ] } },
{ "type": "Feature", "properties": { "opt_id": 97 }, "geometry": { "type": "Polygon", "coordinates": [ [ [ 195.870370370370352, 40.0 ], [ 195.870370370370352, 45.0 ], [ 190.851851851851848, 45.0 ], [ 190.851851851851848, 40.0 ], [ 195.870370370370352, 40.0 ] ] ] } },
{ "type": "Feature", "properties": { "opt_id": 98 }, "geometry": { "type": "Polygon", "coordinates": [ [ [ 200.888888888888857, 40.0 ], [ 200.888888888888857, 45.0 ], [ 195.870370370370352, 45.0 ], [ 195.870370370370352, 40.0 ], [ 200.888888888888857, 40.0 ] ] ] } },
{ "type": "Feature", "properties": { "opt_id": 99 }, "geometry": { "type": "Polygon", "coordinates": [ [ [ 205.907407407407362, 40.0 ], [ 205.907407407407362, 45.0 ], [ 200.888888888888857, 45.0 ], [ 200.888888888888857, 40.0 ], [ 205.907407407407362, 40.0 ] ] ] } },
{ "type": "Feature", "properties": { "opt_id": 100 }, "geometry": { "type": "Polygon", "coordinates": [ [ [ 110.555555555555557, 35.0 ], [ 110.555555555555557, 40.0 ], [ 105.537037037037038, 40.0 ], [ 105.537037037037038, 35.0 ], [ 110.555555555555557, 35.0 ] ] ] } },
{ "type": "Feature", "properties": { "opt_id": 101 }, "geometry": { "type": "Polygon", "coordinates": [ [ [ 115.574074074074062, 35.0 ], [ 115.574074074074062, 40.0 ], [ 110.555555555555543, 40.0 ], [ 110.555555555555543, 35.0 ], [ 115.574074074074062, 35.0 ] ] ] } },
{ "type": "Feature", "properties": { "opt_id": 102 }, "geometry": { "type": "Polygon", "coordinates": [ [ [ 120.592592592592595, 35.0 ], [ 120.592592592592595, 40.0 ], [ 115.574074074074076, 40.0 ], [ 115.574074074074076, 35.0 ], [ 120.592592592592595, 35.0 ] ] ] } },
{ "type": "Feature", "properties": { "opt_id": 103 }, "geometry": { "type": "Polygon", "coordinates": [ [ [ 125.6111111111111, 35.0 ], [ 125.6111111111111, 40.0 ], [ 120.592592592592581, 40.0 ], [ 120.592592592592581, 35.0 ], [ 125.6111111111111, 35.0 ] ] ] } },
{ "type": "Feature", "properties": { "opt_id": 104 }, "geometry": { "type": "Polygon", "coordinates": [ [ [ 130.629629629629591, 35.0 ], [ 130.629629629629591, 40.0 ], [ 125.611111111111086, 40.0 ], [ 125.611111111111086, 35.0 ], [ 130.629629629629591, 35.0 ] ] ] } },
{ "type": "Feature", "properties": { "opt_id": 105 }, "geometry": { "type": "Polygon", "coordinates": [ [ [ 135.648148148148124, 35.0 ], [ 135.648148148148124, 40.0 ], [ 130.629629629629619, 40.0 ], [ 130.629629629629619, 35.0 ], [ 135.648148148148124, 35.0 ] ] ] } },
{ "type": "Feature", "properties": { "opt_id": 106 }, "geometry": { "type": "Polygon", "coordinates": [ [ [ 140.666666666666629, 35.0 ], [ 140.666666666666629, 40.0 ], [ 135.648148148148124, 40.0 ], [ 135.648148148148124, 35.0 ], [ 140.666666666666629, 35.0 ] ] ] } },
{ "type": "Feature", "properties": { "opt_id": 107 }, "geometry": { "type": "Polygon", "coordinates": [ [ [ 145.685185185185162, 35.0 ], [ 145.685185185185162, 40.0 ], [ 140.666666666666657, 40.0 ], [ 140.666666666666657, 35.0 ], [ 145.685185185185162, 35.0 ] ] ] } },
{ "type": "Feature", "properties": { "opt_id": 108 }, "geometry": { "type": "Polygon", "coordinates": [ [ [ 150.703703703703667, 35.0 ], [ 150.703703703703667, 40.0 ], [ 145.685185185185162, 40.0 ], [ 145.685185185185162, 35.0 ], [ 150.703703703703667, 35.0 ] ] ] } },
{ "type": "Feature", "properties": { "opt_id": 109 }, "geometry": { "type": "Polygon", "coordinates": [ [ [ 155.7222222222222, 35.0 ], [ 155.7222222222222, 40.0 ], [ 150.703703703703695, 40.0 ], [ 150.703703703703695, 35.0 ], [ 155.7222222222222, 35.0 ] ] ] } },
{ "type": "Feature", "properties": { "opt_id": 110 }, "geometry": { "type": "Polygon", "coordinates": [ [ [ 185.833333333333314, 35.0 ], [ 185.833333333333314, 40.0 ], [ 180.81481481481481, 40.0 ], [ 180.81481481481481, 35.0 ], [ 185.833333333333314, 35.0 ] ] ] } },
{ "type": "Feature", "properties": { "opt_id": 111 }, "geometry": { "type": "Polygon", "coordinates": [ [ [ 190.851851851851819, 35.0 ], [ 190.851851851851819, 40.0 ], [ 185.833333333333314, 40.0 ], [ 185.833333333333314, 35.0 ], [ 190.851851851851819, 35.0 ] ] ] } },
{ "type": "Feature", "properties": { "opt_id": 112 }, "geometry": { "type": "Polygon", "coordinates": [ [ [ 195.870370370370352, 35.0 ], [ 195.870370370370352, 40.0 ], [ 190.851851851851848, 40.0 ], [ 190.851851851851848, 35.0 ], [ 195.870370370370352, 35.0 ] ] ] } },
{ "type": "Feature", "properties": { "opt_id": 113 }, "geometry": { "type": "Polygon", "coordinates": [ [ [ 200.888888888888857, 35.0 ], [ 200.888888888888857, 40.0 ], [ 195.870370370370352, 40.0 ], [ 195.870370370370352, 35.0 ], [ 200.888888888888857, 35.0 ] ] ] } },
{ "type": "Feature", "properties": { "opt_id": 114 }, "geometry": { "type": "Polygon", "coordinates": [ [ [ 205.907407407407362, 35.0 ], [ 205.907407407407362, 40.0 ], [ 200.888888888888857, 40.0 ], [ 200.888888888888857, 35.0 ], [ 205.907407407407362, 35.0 ] ] ] } },
{ "type": "Feature", "properties": { "opt_id": 115 }, "geometry": { "type": "Polygon", "coordinates": [ [ [ 110.555555555555557, 30.0 ], [ 110.555555555555557, 35.0 ], [ 105.537037037037038, 35.0 ], [ 105.537037037037038, 30.0 ], [ 110.555555555555557, 30.0 ] ] ] } },
{ "type": "Feature", "properties": { "opt_id": 116 }, "geometry": { "type": "Polygon", "coordinates": [ [ [ 115.574074074074062, 30.0 ], [ 115.574074074074062, 35.0 ], [ 110.555555555555543, 35.0 ], [ 110.555555555555543, 30.0 ], [ 115.574074074074062, 30.0 ] ] ] } },
{ "type": "Feature", "properties": { "opt_id": 117 }, "geometry": { "type": "Polygon", "coordinates": [ [ [ 120.592592592592595, 30.0 ], [ 120.592592592592595, 35.0 ], [ 115.574074074074076, 35.0 ], [ 115.574074074074076, 30.0 ], [ 120.592592592592595, 30.0 ] ] ] } },
{ "type": "Feature", "properties": { "opt_id": 118 }, "geometry": { "type": "Polygon", "coordinates": [ [ [ 125.6111111111111, 30.0 ], [ 125.6111111111111, 35.0 ], [ 120.592592592592581, 35.0 ], [ 120.592592592592581, 30.0 ], [ 125.6111111111111, 30.0 ] ] ] } },
{ "type": "Feature", "properties": { "opt_id": 119 }, "geometry": { "type": "Polygon", "coordinates": [ [ [ 130.629629629629591, 30.0 ], [ 130.629629629629591, 35.0 ], [ 125.611111111111086, 35.0 ], [ 125.611111111111086, 30.0 ], [ 130.629629629629591, 30.0 ] ] ] } },
{ "type": "Feature", "properties": { "opt_id": 120 }, "geometry": { "type": "Polygon", "coordinates": [ [ [ 135.648148148148124, 30.0 ], [ 135.648148148148124, 35.0 ], [ 130.629629629629619, 35.0 ], [ 130.629629629629619, 30.0 ], [ 135.648148148148124, 30.0 ] ] ] } },
{ "type": "Feature", "properties": { "opt_id": 121 }, "geometry": { "type": "Polygon", "coordinates": [ [ [ 140.666666666666629, 30.0 ], [ 140.666666666666629, 35.0 ], [ 135.648148148148124, 35.0 ], [ 135.648148148148124, 30.0 ], [ 140.666666666666629, 30.0 ] ] ] } },
{ "type": "Feature", "properties": { "opt_id": 122 }, "geometry": { "type": "Polygon", "coordinates": [ [ [ 145.685185185185162, 30.0 ], [ 145.685185185185162, 35.0 ], [ 140.666666666666657, 35.0 ], [ 140.666666666666657, 30.0 ], [ 145.685185185185162, 30.0 ] ] ] } },
{ "type": "Feature", "properties": { "opt_id": 123 }, "geometry": { "type": "Polygon", "coordinates": [ [ [ 150.703703703703667, 30.0 ], [ 150.703703703703667, 35.0 ], [ 145.685185185185162, 35.0 ], [ 145.685185185185162, 30.0 ], [ 150.703703703703667, 30.0 ] ] ] } },
{ "type": "Feature", "properties": { "opt_id": 124 }, "geometry": { "type": "Polygon", "coordinates": [ [ [ 155.7222222222222, 30.0 ], [ 155.7222222222222, 35.0 ], [ 150.703703703703695, 35.0 ], [ 150.703703703703695, 30.0 ], [ 155.7222222222222, 30.0 ] ] ] } },
{ "type": "Feature", "properties": { "opt_id": 125 }, "geometry": { "type": "Polygon", "coordinates": [ [ [ 165.759259259259238, 30.0 ], [ 165.759259259259238, 35.0 ], [ 160.740740740740733, 35.0 ], [ 160.740740740740733, 30.0 ], [ 165.759259259259238, 30.0 ] ] ] } },
{ "type": "Feature", "properties": { "opt_id": 126 }, "geometry": { "type": "Polygon", "coordinates": [ [ [ 170.777777777777743, 30.0 ], [ 170.777777777777743, 35.0 ], [ 165.759259259259238, 35.0 ], [ 165.759259259259238, 30.0 ], [ 170.777777777777743, 30.0 ] ] ] } },
{ "type": "Feature", "properties": { "opt_id": 127 }, "geometry": { "type": "Polygon", "coordinates": [ [ [ 175.796296296296276, 30.0 ], [ 175.796296296296276, 35.0 ], [ 170.777777777777771, 35.0 ], [ 170.777777777777771, 30.0 ], [ 175.796296296296276, 30.0 ] ] ] } },
{ "type": "Feature", "properties": { "opt_id": 128 }, "geometry": { "type": "Polygon", "coordinates": [ [ [ 180.814814814814781, 30.0 ], [ 180.814814814814781, 35.0 ], [ 175.796296296296276, 35.0 ], [ 175.796296296296276, 30.0 ], [ 180.814814814814781, 30.0 ] ] ] } },
{ "type": "Feature", "properties": { "opt_id": 129 }, "geometry": { "type": "Polygon", "coordinates": [ [ [ 210.925925925925895, 30.0 ], [ 210.925925925925895, 35.0 ], [ 205.907407407407391, 35.0 ], [ 205.907407407407391, 30.0 ], [ 210.925925925925895, 30.0 ] ] ] } },
{ "type": "Feature", "properties": { "opt_id": 130 }, "geometry": { "type": "Polygon", "coordinates": [ [ [ 110.555555555555557, 25.0 ], [ 110.555555555555557, 30.0 ], [ 105.537037037037038, 30.0 ], [ 105.537037037037038, 25.0 ], [ 110.555555555555557, 25.0 ] ] ] } },
{ "type": "Feature", "properties": { "opt_id": 131 }, "geometry": { "type": "Polygon", "coordinates": [ [ [ 115.574074074074062, 25.0 ], [ 115.574074074074062, 30.0 ], [ 110.555555555555543, 30.0 ], [ 110.555555555555543, 25.0 ], [ 115.574074074074062, 25.0 ] ] ] } },
{ "type": "Feature", "properties": { "opt_id": 132 }, "geometry": { "type": "Polygon", "coordinates": [ [ [ 120.592592592592595, 25.0 ], [ 120.592592592592595, 30.0 ], [ 115.574074074074076, 30.0 ], [ 115.574074074074076, 25.0 ], [ 120.592592592592595, 25.0 ] ] ] } },
{ "type": "Feature", "properties": { "opt_id": 133 }, "geometry": { "type": "Polygon", "coordinates": [ [ [ 125.6111111111111, 25.0 ], [ 125.6111111111111, 30.0 ], [ 120.592592592592581, 30.0 ], [ 120.592592592592581, 25.0 ], [ 125.6111111111111, 25.0 ] ] ] } },
{ "type": "Feature", "properties": { "opt_id": 134 }, "geometry": { "type": "Polygon", "coordinates": [ [ [ 130.629629629629591, 25.0 ], [ 130.629629629629591, 30.0 ], [ 125.611111111111086, 30.0 ], [ 125.611111111111086, 25.0 ], [ 130.629629629629591, 25.0 ] ] ] } },
{ "type": "Feature", "properties": { "opt_id": 135 }, "geometry": { "type": "Polygon", "coordinates": [ [ [ 135.648148148148124, 25.0 ], [ 135.648148148148124, 30.0 ], [ 130.629629629629619, 30.0 ], [ 130.629629629629619, 25.0 ], [ 135.648148148148124, 25.0 ] ] ] } },
{ "type": "Feature", "properties": { "opt_id": 136 }, "geometry": { "type": "Polygon", "coordinates": [ [ [ 140.666666666666629, 25.0 ], [ 140.666666666666629, 30.0 ], [ 135.648148148148124, 30.0 ], [ 135.648148148148124, 25.0 ], [ 140.666666666666629, 25.0 ] ] ] } },
{ "type": "Feature", "properties": { "opt_id": 137 }, "geometry": { "type": "Polygon", "coordinates": [ [ [ 145.685185185185162, 25.0 ], [ 145.685185185185162, 30.0 ], [ 140.666666666666657, 30.0 ], [ 140.666666666666657, 25.0 ], [ 145.685185185185162, 25.0 ] ] ] } },
{ "type": "Feature", "properties": { "opt_id": 138 }, "geometry": { "type": "Polygon", "coordinates": [ [ [ 150.703703703703667, 25.0 ], [ 150.703703703703667, 30.0 ], [ 145.685185185185162, 30.0 ], [ 145.685185185185162, 25.0 ], [ 150.703703703703667, 25.0 ] ] ] } },
{ "type": "Feature", "properties": { "opt_id": 139 }, "geometry": { "type": "Polygon", "coordinates": [ [ [ 155.7222222222222, 25.0 ], [ 155.7222222222222, 30.0 ], [ 150.703703703703695, 30.0 ], [ 150.703703703703695, 25.0 ], [ 155.7222222222222, 25.0 ] ] ] } },
{ "type": "Feature", "properties": { "opt_id": 140 }, "geometry": { "type": "Polygon", "coordinates": [ [ [ 165.759259259259238, 25.0 ], [ 165.759259259259238, 30.0 ], [ 160.740740740740733, 30.0 ], [ 160.740740740740733, 25.0 ], [ 165.759259259259238, 25.0 ] ] ] } },
{ "type": "Feature", "properties": { "opt_id": 141 }, "geometry": { "type": "Polygon", "coordinates": [ [ [ 170.777777777777743, 25.0 ], [ 170.777777777777743, 30.0 ], [ 165.759259259259238, 30.0 ], [ 165.759259259259238, 25.0 ], [ 170.777777777777743, 25.0 ] ] ] } },
{ "type": "Feature", "properties": { "opt_id": 142 }, "geometry": { "type": "Polygon", "coordinates": [ [ [ 175.796296296296276, 25.0 ], [ 175.796296296296276, 30.0 ], [ 170.777777777777771, 30.0 ], [ 170.777777777777771, 25.0 ], [ 175.796296296296276, 25.0 ] ] ] } },
{ "type": "Feature", "properties": { "opt_id": 143 }, "geometry": { "type": "Polygon", "coordinates": [ [ [ 180.814814814814781, 25.0 ], [ 180.814814814814781, 30.0 ], [ 175.796296296296276, 30.0 ], [ 175.796296296296276, 25.0 ], [ 180.814814814814781, 25.0 ] ] ] } },
{ "type": "Feature", "properties": { "opt_id": 144 }, "geometry": { "type": "Polygon", "coordinates": [ [ [ 210.925925925925895, 25.0 ], [ 210.925925925925895, 30.0 ], [ 205.907407407407391, 30.0 ], [ 205.907407407407391, 25.0 ], [ 210.925925925925895, 25.0 ] ] ] } },
{ "type": "Feature", "properties": { "opt_id": 145 }, "geometry": { "type": "Polygon", "coordinates": [ [ [ 110.555555555555557, 20.0 ], [ 110.555555555555557, 25.0 ], [ 105.537037037037038, 25.0 ], [ 105.537037037037038, 20.0 ], [ 110.555555555555557, 20.0 ] ] ] } },
{ "type": "Feature", "properties": { "opt_id": 146 }, "geometry": { "type": "Polygon", "coordinates": [ [ [ 115.574074074074062, 20.0 ], [ 115.574074074074062, 25.0 ], [ 110.555555555555543, 25.0 ], [ 110.555555555555543, 20.0 ], [ 115.574074074074062, 20.0 ] ] ] } },
{ "type": "Feature", "properties": { "opt_id": 147 }, "geometry": { "type": "Polygon", "coordinates": [ [ [ 120.592592592592595, 20.0 ], [ 120.592592592592595, 25.0 ], [ 115.574074074074076, 25.0 ], [ 115.574074074074076, 20.0 ], [ 120.592592592592595, 20.0 ] ] ] } },
{ "type": "Feature", "properties": { "opt_id": 148 }, "geometry": { "type": "Polygon", "coordinates": [ [ [ 125.6111111111111, 20.0 ], [ 125.6111111111111, 25.0 ], [ 120.592592592592581, 25.0 ], [ 120.592592592592581, 20.0 ], [ 125.6111111111111, 20.0 ] ] ] } },
{ "type": "Feature", "properties": { "opt_id": 149 }, "geometry": { "type": "Polygon", "coordinates": [ [ [ 130.629629629629591, 20.0 ], [ 130.629629629629591, 25.0 ], [ 125.611111111111086, 25.0 ], [ 125.611111111111086, 20.0 ], [ 130.629629629629591, 20.0 ] ] ] } },
{ "type": "Feature", "properties": { "opt_id": 150 }, "geometry": { "type": "Polygon", "coordinates": [ [ [ 135.648148148148124, 20.0 ], [ 135.648148148148124, 25.0 ], [ 130.629629629629619, 25.0 ], [ 130.629629629629619, 20.0 ], [ 135.648148148148124, 20.0 ] ] ] } },
{ "type": "Feature", "properties": { "opt_id": 151 }, "geometry": { "type": "Polygon", "coordinates": [ [ [ 140.666666666666629, 20.0 ], [ 140.666666666666629, 25.0 ], [ 135.648148148148124, 25.0 ], [ 135.648148148148124, 20.0 ], [ 140.666666666666629, 20.0 ] ] ] } },
{ "type": "Feature", "properties": { "opt_id": 152 }, "geometry": { "type": "Polygon", "coordinates": [ [ [ 145.685185185185162, 20.0 ], [ 145.685185185185162, 25.0 ], [ 140.666666666666657, 25.0 ], [ 140.666666666666657, 20.0 ], [ 145.685185185185162, 20.0 ] ] ] } },
{ "type": "Feature", "properties": { "opt_id": 153 }, "geometry": { "type": "Polygon", "coordinates": [ [ [ 150.703703703703667, 20.0 ], [ 150.703703703703667, 25.0 ], [ 145.685185185185162, 25.0 ], [ 145.685185185185162, 20.0 ], [ 150.703703703703667, 20.0 ] ] ] } },
{ "type": "Feature", "properties": { "opt_id": 154 }, "geometry": { "type": "Polygon", "coordinates": [ [ [ 155.7222222222222, 20.0 ], [ 155.7222222222222, 25.0 ], [ 150.703703703703695, 25.0 ], [ 150.703703703703695, 20.0 ], [ 155.7222222222222, 20.0 ] ] ] } },
{ "type": "Feature", "properties": { "opt_id": 155 }, "geometry": { "type": "Polygon", "coordinates": [ [ [ 165.759259259259238, 20.0 ], [ 165.759259259259238, 25.0 ], [ 160.740740740740733, 25.0 ], [ 160.740740740740733, 20.0 ], [ 165.759259259259238, 20.0 ] ] ] } },
{ "type": "Feature", "properties": { "opt_id": 156 }, "geometry": { "type": "Polygon", "coordinates": [ [ [ 170.777777777777743, 20.0 ], [ 170.777777777777743, 25.0 ], [ 165.759259259259238, 25.0 ], [ 165.759259259259238, 20.0 ], [ 170.777777777777743, 20.0 ] ] ] } },
{ "type": "Feature", "properties": { "opt_id": 157 }, "geometry": { "type": "Polygon", "coordinates": [ [ [ 175.796296296296276, 20.0 ], [ 175.796296296296276, 25.0 ], [ 170.777777777777771, 25.0 ], [ 170.777777777777771, 20.0 ], [ 175.796296296296276, 20.0 ] ] ] } },
{ "type": "Feature", "properties": { "opt_id": 158 }, "geometry": { "type": "Polygon", "coordinates": [ [ [ 180.814814814814781, 20.0 ], [ 180.814814814814781, 25.0 ], [ 175.796296296296276, 25.0 ], [ 175.796296296296276, 20.0 ], [ 180.814814814814781, 20.0 ] ] ] } },
{ "type": "Feature", "properties": { "opt_id": 159 }, "geometry": { "type": "Polygon", "coordinates": [ [ [ 210.925925925925895, 20.0 ], [ 210.925925925925895, 25.0 ], [ 205.907407407407391, 25.0 ], [ 205.907407407407391, 20.0 ], [ 210.925925925925895, 20.0 ] ] ] } },
{ "type": "Feature", "properties": { "opt_id": 160 }, "geometry": { "type": "Polygon", "coordinates": [ [ [ 120.592592592592595, 15.0 ], [ 120.592592592592595, 20.0 ], [ 115.574074074074076, 20.0 ], [ 115.574074074074076, 15.0 ], [ 120.592592592592595, 15.0 ] ] ] } },
{ "type": "Feature", "properties": { "opt_id": 161 }, "geometry": { "type": "Polygon", "coordinates": [ [ [ 125.6111111111111, 15.0 ], [ 125.6111111111111, 20.0 ], [ 120.592592592592581, 20.0 ], [ 120.592592592592581, 15.0 ], [ 125.6111111111111, 15.0 ] ] ] } },
{ "type": "Feature", "properties": { "opt_id": 162 }, "geometry": { "type": "Polygon", "coordinates": [ [ [ 130.629629629629591, 15.0 ], [ 130.629629629629591, 20.0 ], [ 125.611111111111086, 20.0 ], [ 125.611111111111086, 15.0 ], [ 130.629629629629591, 15.0 ] ] ] } },
{ "type": "Feature", "properties": { "opt_id": 163 }, "geometry": { "type": "Polygon", "coordinates": [ [ [ 135.648148148148124, 15.0 ], [ 135.648148148148124, 20.0 ], [ 130.629629629629619, 20.0 ], [ 130.629629629629619, 15.0 ], [ 135.648148148148124, 15.0 ] ] ] } },
{ "type": "Feature", "properties": { "opt_id": 164 }, "geometry": { "type": "Polygon", "coordinates": [ [ [ 140.666666666666629, 15.0 ], [ 140.666666666666629, 20.0 ], [ 135.648148148148124, 20.0 ], [ 135.648148148148124, 15.0 ], [ 140.666666666666629, 15.0 ] ] ] } },
{ "type": "Feature", "properties": { "opt_id": 165 }, "geometry": { "type": "Polygon", "coordinates": [ [ [ 145.685185185185162, 15.0 ], [ 145.685185185185162, 20.0 ], [ 140.666666666666657, 20.0 ], [ 140.666666666666657, 15.0 ], [ 145.685185185185162, 15.0 ] ] ] } },
{ "type": "Feature", "properties": { "opt_id": 166 }, "geometry": { "type": "Polygon", "coordinates": [ [ [ 150.703703703703667, 15.0 ], [ 150.703703703703667, 20.0 ], [ 145.685185185185162, 20.0 ], [ 145.685185185185162, 15.0 ], [ 150.703703703703667, 15.0 ] ] ] } },
{ "type": "Feature", "properties": { "opt_id": 167 }, "geometry": { "type": "Polygon", "coordinates": [ [ [ 155.7222222222222, 15.0 ], [ 155.7222222222222, 20.0 ], [ 150.703703703703695, 20.0 ], [ 150.703703703703695, 15.0 ], [ 155.7222222222222, 15.0 ] ] ] } },
{ "type": "Feature", "properties": { "opt_id": 168 }, "geometry": { "type": "Polygon", "coordinates": [ [ [ 165.759259259259238, 15.0 ], [ 165.759259259259238, 20.0 ], [ 160.740740740740733, 20.0 ], [ 160.740740740740733, 15.0 ], [ 165.759259259259238, 15.0 ] ] ] } },
{ "type": "Feature", "properties": { "opt_id": 169 }, "geometry": { "type": "Polygon", "coordinates": [ [ [ 170.777777777777743, 15.0 ], [ 170.777777777777743, 20.0 ], [ 165.759259259259238, 20.0 ], [ 165.759259259259238, 15.0 ], [ 170.777777777777743, 15.0 ] ] ] } },
{ "type": "Feature", "properties": { "opt_id": 170 }, "geometry": { "type": "Polygon", "coordinates": [ [ [ 175.796296296296276, 15.0 ], [ 175.796296296296276, 20.0 ], [ 170.777777777777771, 20.0 ], [ 170.777777777777771, 15.0 ], [ 175.796296296296276, 15.0 ] ] ] } },
{ "type": "Feature", "properties": { "opt_id": 171 }, "geometry": { "type": "Polygon", "coordinates": [ [ [ 180.814814814814781, 15.0 ], [ 180.814814814814781, 20.0 ], [ 175.796296296296276, 20.0 ], [ 175.796296296296276, 15.0 ], [ 180.814814814814781, 15.0 ] ] ] } },
{ "type": "Feature", "properties": { "opt_id": 172 }, "geometry": { "type": "Polygon", "coordinates": [ [ [ 210.925925925925895, 15.0 ], [ 210.925925925925895, 20.0 ], [ 205.907407407407391, 20.0 ], [ 205.907407407407391, 15.0 ], [ 210.925925925925895, 15.0 ] ] ] } },
{ "type": "Feature", "properties": { "opt_id": 173 }, "geometry": { "type": "Polygon", "coordinates": [ [ [ 0.148148148148144, 10.0 ], [ 0.148148148148144, 15.0 ], [ -4.870370370370374, 15.0 ], [ -4.870370370370374, 10.0 ], [ 0.148148148148144, 10.0 ] ] ] } },
{ "type": "Feature", "properties": { "opt_id": 174 }, "geometry": { "type": "Polygon", "coordinates": [ [ [ 35.277777777777771, 10.0 ], [ 35.277777777777771, 15.0 ], [ 30.259259259259252, 15.0 ], [ 30.259259259259252, 10.0 ], [ 35.277777777777771, 10.0 ] ] ] } },
{ "type": "Feature", "properties": { "opt_id": 175 }, "geometry": { "type": "Polygon", "coordinates": [ [ [ 40.296296296296291, 10.0 ], [ 40.296296296296291, 15.0 ], [ 35.277777777777771, 15.0 ], [ 35.277777777777771, 10.0 ], [ 40.296296296296291, 10.0 ] ] ] } },
{ "type": "Feature", "properties": { "opt_id": 176 }, "geometry": { "type": "Polygon", "coordinates": [ [ [ 45.31481481481481, 10.0 ], [ 45.31481481481481, 15.0 ], [ 40.296296296296291, 15.0 ], [ 40.296296296296291, 10.0 ], [ 45.31481481481481, 10.0 ] ] ] } },
{ "type": "Feature", "properties": { "opt_id": 177 }, "geometry": { "type": "Polygon", "coordinates": [ [ [ 75.425925925925924, 10.0 ], [ 75.425925925925924, 15.0 ], [ 70.407407407407405, 15.0 ], [ 70.407407407407405, 10.0 ], [ 75.425925925925924, 10.0 ] ] ] } },
{ "type": "Feature", "properties": { "opt_id": 178 }, "geometry": { "type": "Polygon", "coordinates": [ [ [ 80.444444444444443, 10.0 ], [ 80.444444444444443, 15.0 ], [ 75.425925925925924, 15.0 ], [ 75.425925925925924, 10.0 ], [ 80.444444444444443, 10.0 ] ] ] } },
{ "type": "Feature", "properties": { "opt_id": 179 }, "geometry": { "type": "Polygon", "coordinates": [ [ [ 85.462962962962948, 10.0 ], [ 85.462962962962948, 15.0 ], [ 80.444444444444429, 15.0 ], [ 80.444444444444429, 10.0 ], [ 85.462962962962948, 10.0 ] ] ] } },
{ "type": "Feature", "properties": { "opt_id": 180 }, "geometry": { "type": "Polygon", "coordinates": [ [ [ 110.555555555555557, 10.0 ], [ 110.555555555555557, 15.0 ], [ 105.537037037037038, 15.0 ], [ 105.537037037037038, 10.0 ], [ 110.555555555555557, 10.0 ] ] ] } },
{ "type": "Feature", "properties": { "opt_id": 181 }, "geometry": { "type": "Polygon", "coordinates": [ [ [ 115.574074074074062, 10.0 ], [ 115.574074074074062, 15.0 ], [ 110.555555555555543, 15.0 ], [ 110.555555555555543, 10.0 ], [ 115.574074074074062, 10.0 ] ] ] } },
{ "type": "Feature", "properties": { "opt_id": 182 }, "geometry": { "type": "Polygon", "coordinates": [ [ [ 120.592592592592595, 10.0 ], [ 120.592592592592595, 15.0 ], [ 115.574074074074076, 15.0 ], [ 115.574074074074076, 10.0 ], [ 120.592592592592595, 10.0 ] ] ] } },
{ "type": "Feature", "properties": { "opt_id": 183 }, "geometry": { "type": "Polygon", "coordinates": [ [ [ 125.6111111111111, 10.0 ], [ 125.6111111111111, 15.0 ], [ 120.592592592592581, 15.0 ], [ 120.592592592592581, 10.0 ], [ 125.6111111111111, 10.0 ] ] ] } },
{ "type": "Feature", "properties": { "opt_id": 184 }, "geometry": { "type": "Polygon", "coordinates": [ [ [ 130.629629629629591, 10.0 ], [ 130.629629629629591, 15.0 ], [ 125.611111111111086, 15.0 ], [ 125.611111111111086, 10.0 ], [ 130.629629629629591, 10.0 ] ] ] } },
{ "type": "Feature", "properties": { "opt_id": 185 }, "geometry": { "type": "Polygon", "coordinates": [ [ [ 135.648148148148124, 10.0 ], [ 135.648148148148124, 15.0 ], [ 130.629629629629619, 15.0 ], [ 130.629629629629619, 10.0 ], [ 135.648148148148124, 10.0 ] ] ] } },
{ "type": "Feature", "properties": { "opt_id": 186 }, "geometry": { "type": "Polygon", "coordinates": [ [ [ 140.666666666666629, 10.0 ], [ 140.666666666666629, 15.0 ], [ 135.648148148148124, 15.0 ], [ 135.648148148148124, 10.0 ], [ 140.666666666666629, 10.0 ] ] ] } },
{ "type": "Feature", "properties": { "opt_id": 187 }, "geometry": { "type": "Polygon", "coordinates": [ [ [ 145.685185185185162, 10.0 ], [ 145.685185185185162, 15.0 ], [ 140.666666666666657, 15.0 ], [ 140.666666666666657, 10.0 ], [ 145.685185185185162, 10.0 ] ] ] } },
{ "type": "Feature", "properties": { "opt_id": 188 }, "geometry": { "type": "Polygon", "coordinates": [ [ [ 150.703703703703667, 10.0 ], [ 150.703703703703667, 15.0 ], [ 145.685185185185162, 15.0 ], [ 145.685185185185162, 10.0 ], [ 150.703703703703667, 10.0 ] ] ] } },
{ "type": "Feature", "properties": { "opt_id": 189 }, "geometry": { "type": "Polygon", "coordinates": [ [ [ 155.7222222222222, 10.0 ], [ 155.7222222222222, 15.0 ], [ 150.703703703703695, 15.0 ], [ 150.703703703703695, 10.0 ], [ 155.7222222222222, 10.0 ] ] ] } },
{ "type": "Feature", "properties": { "opt_id": 190 }, "geometry": { "type": "Polygon", "coordinates": [ [ [ 165.759259259259238, 10.0 ], [ 165.759259259259238, 15.0 ], [ 160.740740740740733, 15.0 ], [ 160.740740740740733, 10.0 ], [ 165.759259259259238, 10.0 ] ] ] } },
{ "type": "Feature", "properties": { "opt_id": 191 }, "geometry": { "type": "Polygon", "coordinates": [ [ [ 170.777777777777743, 10.0 ], [ 170.777777777777743, 15.0 ], [ 165.759259259259238, 15.0 ], [ 165.759259259259238, 10.0 ], [ 170.777777777777743, 10.0 ] ] ] } },
{ "type": "Feature", "properties": { "opt_id": 192 }, "geometry": { "type": "Polygon", "coordinates": [ [ [ 175.796296296296276, 10.0 ], [ 175.796296296296276, 15.0 ], [ 170.777777777777771, 15.0 ], [ 170.777777777777771, 10.0 ], [ 175.796296296296276, 10.0 ] ] ] } },
{ "type": "Feature", "properties": { "opt_id": 193 }, "geometry": { "type": "Polygon", "coordinates": [ [ [ 180.814814814814781, 10.0 ], [ 180.814814814814781, 15.0 ], [ 175.796296296296276, 15.0 ], [ 175.796296296296276, 10.0 ], [ 180.814814814814781, 10.0 ] ] ] } },
{ "type": "Feature", "properties": { "opt_id": 194 }, "geometry": { "type": "Polygon", "coordinates": [ [ [ 0.148148148148144, 5.0 ], [ 0.148148148148144, 10.0 ], [ -4.870370370370374, 10.0 ], [ -4.870370370370374, 5.0 ], [ 0.148148148148144, 5.0 ] ] ] } },
{ "type": "Feature", "properties": { "opt_id": 195 }, "geometry": { "type": "Polygon", "coordinates": [ [ [ 35.277777777777771, 5.0 ], [ 35.277777777777771, 10.0 ], [ 30.259259259259252, 10.0 ], [ 30.259259259259252, 5.0 ], [ 35.277777777777771, 5.0 ] ] ] } },
{ "type": "Feature", "properties": { "opt_id": 196 }, "geometry": { "type": "Polygon", "coordinates": [ [ [ 40.296296296296291, 5.0 ], [ 40.296296296296291, 10.0 ], [ 35.277777777777771, 10.0 ], [ 35.277777777777771, 5.0 ], [ 40.296296296296291, 5.0 ] ] ] } },
{ "type": "Feature", "properties": { "opt_id": 197 }, "geometry": { "type": "Polygon", "coordinates": [ [ [ 45.31481481481481, 5.0 ], [ 45.31481481481481, 10.0 ], [ 40.296296296296291, 10.0 ], [ 40.296296296296291, 5.0 ], [ 45.31481481481481, 5.0 ] ] ] } },
{ "type": "Feature", "properties": { "opt_id": 198 }, "geometry": { "type": "Polygon", "coordinates": [ [ [ 75.425925925925924, 5.0 ], [ 75.425925925925924, 10.0 ], [ 70.407407407407405, 10.0 ], [ 70.407407407407405, 5.0 ], [ 75.425925925925924, 5.0 ] ] ] } },
{ "type": "Feature", "properties": { "opt_id": 199 }, "geometry": { "type": "Polygon", "coordinates": [ [ [ 80.444444444444443, 5.0 ], [ 80.444444444444443, 10.0 ], [ 75.425925925925924, 10.0 ], [ 75.425925925925924, 5.0 ], [ 80.444444444444443, 5.0 ] ] ] } },
{ "type": "Feature", "properties": { "opt_id": 200 }, "geometry": { "type": "Polygon", "coordinates": [ [ [ 85.462962962962948, 5.0 ], [ 85.462962962962948, 10.0 ], [ 80.444444444444429, 10.0 ], [ 80.444444444444429, 5.0 ], [ 85.462962962962948, 5.0 ] ] ] } },
{ "type": "Feature", "properties": { "opt_id": 201 }, "geometry": { "type": "Polygon", "coordinates": [ [ [ 110.555555555555557, 5.0 ], [ 110.555555555555557, 10.0 ], [ 105.537037037037038, 10.0 ], [ 105.537037037037038, 5.0 ], [ 110.555555555555557, 5.0 ] ] ] } },
{ "type": "Feature", "properties": { "opt_id": 202 }, "geometry": { "type": "Polygon", "coordinates": [ [ [ 115.574074074074062, 5.0 ], [ 115.574074074074062, 10.0 ], [ 110.555555555555543, 10.0 ], [ 110.555555555555543, 5.0 ], [ 115.574074074074062, 5.0 ] ] ] } },
{ "type": "Feature", "properties": { "opt_id": 203 }, "geometry": { "type": "Polygon", "coordinates": [ [ [ 120.592592592592595, 5.0 ], [ 120.592592592592595, 10.0 ], [ 115.574074074074076, 10.0 ], [ 115.574074074074076, 5.0 ], [ 120.592592592592595, 5.0 ] ] ] } },
{ "type": "Feature", "properties": { "opt_id": 204 }, "geometry": { "type": "Polygon", "coordinates": [ [ [ 125.6111111111111, 5.0 ], [ 125.6111111111111, 10.0 ], [ 120.592592592592581, 10.0 ], [ 120.592592592592581, 5.0 ], [ 125.6111111111111, 5.0 ] ] ] } },
{ "type": "Feature", "properties": { "opt_id": 205 }, "geometry": { "type": "Polygon", "coordinates": [ [ [ 130.629629629629591, 5.0 ], [ 130.629629629629591, 10.0 ], [ 125.611111111111086, 10.0 ], [ 125.611111111111086, 5.0 ], [ 130.629629629629591, 5.0 ] ] ] } },
{ "type": "Feature", "properties": { "opt_id": 206 }, "geometry": { "type": "Polygon", "coordinates": [ [ [ 135.648148148148124, 5.0 ], [ 135.648148148148124, 10.0 ], [ 130.629629629629619, 10.0 ], [ 130.629629629629619, 5.0 ], [ 135.648148148148124, 5.0 ] ] ] } },
{ "type": "Feature", "properties": { "opt_id": 207 }, "geometry": { "type": "Polygon", "coordinates": [ [ [ 140.666666666666629, 5.0 ], [ 140.666666666666629, 10.0 ], [ 135.648148148148124, 10.0 ], [ 135.648148148148124, 5.0 ], [ 140.666666666666629, 5.0 ] ] ] } },
{ "type": "Feature", "properties": { "opt_id": 208 }, "geometry": { "type": "Polygon", "coordinates": [ [ [ 145.685185185185162, 5.0 ], [ 145.685185185185162, 10.0 ], [ 140.666666666666657, 10.0 ], [ 140.666666666666657, 5.0 ], [ 145.685185185185162, 5.0 ] ] ] } },
{ "type": "Feature", "properties": { "opt_id": 209 }, "geometry": { "type": "Polygon", "coordinates": [ [ [ 150.703703703703667, 5.0 ], [ 150.703703703703667, 10.0 ], [ 145.685185185185162, 10.0 ], [ 145.685185185185162, 5.0 ], [ 150.703703703703667, 5.0 ] ] ] } },
{ "type": "Feature", "properties": { "opt_id": 210 }, "geometry": { "type": "Polygon", "coordinates": [ [ [ 155.7222222222222, 5.0 ], [ 155.7222222222222, 10.0 ], [ 150.703703703703695, 10.0 ], [ 150.703703703703695, 5.0 ], [ 155.7222222222222, 5.0 ] ] ] } },
{ "type": "Feature", "properties": { "opt_id": 211 }, "geometry": { "type": "Polygon", "coordinates": [ [ [ 165.759259259259238, 5.0 ], [ 165.759259259259238, 10.0 ], [ 160.740740740740733, 10.0 ], [ 160.740740740740733, 5.0 ], [ 165.759259259259238, 5.0 ] ] ] } },
{ "type": "Feature", "properties": { "opt_id": 212 }, "geometry": { "type": "Polygon", "coordinates": [ [ [ 170.777777777777743, 5.0 ], [ 170.777777777777743, 10.0 ], [ 165.759259259259238, 10.0 ], [ 165.759259259259238, 5.0 ], [ 170.777777777777743, 5.0 ] ] ] } },
{ "type": "Feature", "properties": { "opt_id": 213 }, "geometry": { "type": "Polygon", "coordinates": [ [ [ 175.796296296296276, 5.0 ], [ 175.796296296296276, 10.0 ], [ 170.777777777777771, 10.0 ], [ 170.777777777777771, 5.0 ], [ 175.796296296296276, 5.0 ] ] ] } },
{ "type": "Feature", "properties": { "opt_id": 214 }, "geometry": { "type": "Polygon", "coordinates": [ [ [ 180.814814814814781, 5.0 ], [ 180.814814814814781, 10.0 ], [ 175.796296296296276, 10.0 ], [ 175.796296296296276, 5.0 ], [ 180.814814814814781, 5.0 ] ] ] } },
{ "type": "Feature", "properties": { "opt_id": 215 }, "geometry": { "type": "Polygon", "coordinates": [ [ [ 0.148148148148144, 0.0 ], [ 0.148148148148144, 5.0 ], [ -4.870370370370374, 5.0 ], [ -4.870370370370374, 0.0 ], [ 0.148148148148144, 0.0 ] ] ] } },
{ "type": "Feature", "properties": { "opt_id": 216 }, "geometry": { "type": "Polygon", "coordinates": [ [ [ 40.296296296296291, 0.0 ], [ 40.296296296296291, 5.0 ], [ 35.277777777777771, 5.0 ], [ 35.277777777777771, 0.0 ], [ 40.296296296296291, 0.0 ] ] ] } },
{ "type": "Feature", "properties": { "opt_id": 217 }, "geometry": { "type": "Polygon", "coordinates": [ [ [ 45.31481481481481, 0.0 ], [ 45.31481481481481, 5.0 ], [ 40.296296296296291, 5.0 ], [ 40.296296296296291, 0.0 ], [ 45.31481481481481, 0.0 ] ] ] } },
{ "type": "Feature", "properties": { "opt_id": 218 }, "geometry": { "type": "Polygon", "coordinates": [ [ [ 75.425925925925924, 0.0 ], [ 75.425925925925924, 5.0 ], [ 70.407407407407405, 5.0 ], [ 70.407407407407405, 0.0 ], [ 75.425925925925924, 0.0 ] ] ] } },
{ "type": "Feature", "properties": { "opt_id": 219 }, "geometry": { "type": "Polygon", "coordinates": [ [ [ 80.444444444444443, 0.0 ], [ 80.444444444444443, 5.0 ], [ 75.425925925925924, 5.0 ], [ 75.425925925925924, 0.0 ], [ 80.444444444444443, 0.0 ] ] ] } },
{ "type": "Feature", "properties": { "opt_id": 220 }, "geometry": { "type": "Polygon", "coordinates": [ [ [ 85.462962962962948, 0.0 ], [ 85.462962962962948, 5.0 ], [ 80.444444444444429, 5.0 ], [ 80.444444444444429, 0.0 ], [ 85.462962962962948, 0.0 ] ] ] } },
{ "type": "Feature", "properties": { "opt_id": 221 }, "geometry": { "type": "Polygon", "coordinates": [ [ [ 110.555555555555557, 0.0 ], [ 110.555555555555557, 5.0 ], [ 105.537037037037038, 5.0 ], [ 105.537037037037038, 0.0 ], [ 110.555555555555557, 0.0 ] ] ] } },
{ "type": "Feature", "properties": { "opt_id": 222 }, "geometry": { "type": "Polygon", "coordinates": [ [ [ 115.574074074074062, 0.0 ], [ 115.574074074074062, 5.0 ], [ 110.555555555555543, 5.0 ], [ 110.555555555555543, 0.0 ], [ 115.574074074074062, 0.0 ] ] ] } },
{ "type": "Feature", "properties": { "opt_id": 223 }, "geometry": { "type": "Polygon", "coordinates": [ [ [ 120.592592592592595, 0.0 ], [ 120.592592592592595, 5.0 ], [ 115.574074074074076, 5.0 ], [ 115.574074074074076, 0.0 ], [ 120.592592592592595, 0.0 ] ] ] } },
{ "type": "Feature", "properties": { "opt_id": 224 }, "geometry": { "type": "Polygon", "coordinates": [ [ [ 125.6111111111111, 0.0 ], [ 125.6111111111111, 5.0 ], [ 120.592592592592581, 5.0 ], [ 120.592592592592581, 0.0 ], [ 125.6111111111111, 0.0 ] ] ] } },
{ "type": "Feature", "properties": { "opt_id": 225 }, "geometry": { "type": "Polygon", "coordinates": [ [ [ 130.629629629629591, 0.0 ], [ 130.629629629629591, 5.0 ], [ 125.611111111111086, 5.0 ], [ 125.611111111111086, 0.0 ], [ 130.629629629629591, 0.0 ] ] ] } },
{ "type": "Feature", "properties": { "opt_id": 226 }, "geometry": { "type": "Polygon", "coordinates": [ [ [ 135.648148148148124, 0.0 ], [ 135.648148148148124, 5.0 ], [ 130.629629629629619, 5.0 ], [ 130.629629629629619, 0.0 ], [ 135.648148148148124, 0.0 ] ] ] } },
{ "type": "Feature", "properties": { "opt_id": 227 }, "geometry": { "type": "Polygon", "coordinates": [ [ [ 140.666666666666629, 0.0 ], [ 140.666666666666629, 5.0 ], [ 135.648148148148124, 5.0 ], [ 135.648148148148124, 0.0 ], [ 140.666666666666629, 0.0 ] ] ] } },
{ "type": "Feature", "properties": { "opt_id": 228 }, "geometry": { "type": "Polygon", "coordinates": [ [ [ 145.685185185185162, 0.0 ], [ 145.685185185185162, 5.0 ], [ 140.666666666666657, 5.0 ], [ 140.666666666666657, 0.0 ], [ 145.685185185185162, 0.0 ] ] ] } },
{ "type": "Feature", "properties": { "opt_id": 229 }, "geometry": { "type": "Polygon", "coordinates": [ [ [ 150.703703703703667, 0.0 ], [ 150.703703703703667, 5.0 ], [ 145.685185185185162, 5.0 ], [ 145.685185185185162, 0.0 ], [ 150.703703703703667, 0.0 ] ] ] } },
{ "type": "Feature", "properties": { "opt_id": 230 }, "geometry": { "type": "Polygon", "coordinates": [ [ [ 155.7222222222222, 0.0 ], [ 155.7222222222222, 5.0 ], [ 150.703703703703695, 5.0 ], [ 150.703703703703695, 0.0 ], [ 155.7222222222222, 0.0 ] ] ] } },
{ "type": "Feature", "properties": { "opt_id": 231 }, "geometry": { "type": "Polygon", "coordinates": [ [ [ 165.759259259259238, 0.0 ], [ 165.759259259259238, 5.0 ], [ 160.740740740740733, 5.0 ], [ 160.740740740740733, 0.0 ], [ 165.759259259259238, 0.0 ] ] ] } },
{ "type": "Feature", "properties": { "opt_id": 232 }, "geometry": { "type": "Polygon", "coordinates": [ [ [ 170.777777777777743, 0.0 ], [ 170.777777777777743, 5.0 ], [ 165.759259259259238, 5.0 ], [ 165.759259259259238, 0.0 ], [ 170.777777777777743, 0.0 ] ] ] } },
{ "type": "Feature", "properties": { "opt_id": 233 }, "geometry": { "type": "Polygon", "coordinates": [ [ [ 175.796296296296276, 0.0 ], [ 175.796296296296276, 5.0 ], [ 170.777777777777771, 5.0 ], [ 170.777777777777771, 0.0 ], [ 175.796296296296276, 0.0 ] ] ] } },
{ "type": "Feature", "properties": { "opt_id": 234 }, "geometry": { "type": "Polygon", "coordinates": [ [ [ 180.814814814814781, 0.0 ], [ 180.814814814814781, 5.0 ], [ 175.796296296296276, 5.0 ], [ 175.796296296296276, 0.0 ], [ 180.814814814814781, 0.0 ] ] ] } },
{ "type": "Feature", "properties": { "opt_id": 235 }, "geometry": { "type": "Polygon", "coordinates": [ [ [ 0.148148148148144, -5.0 ], [ 0.148148148148144, 0.0 ], [ -4.870370370370374, 0.0 ], [ -4.870370370370374, -5.0 ], [ 0.148148148148144, -5.0 ] ] ] } },
{ "type": "Feature", "properties": { "opt_id": 236 }, "geometry": { "type": "Polygon", "coordinates": [ [ [ 40.296296296296291, -5.0 ], [ 40.296296296296291, 0.0 ], [ 35.277777777777771, 0.0 ], [ 35.277777777777771, -5.0 ], [ 40.296296296296291, -5.0 ] ] ] } },
{ "type": "Feature", "properties": { "opt_id": 237 }, "geometry": { "type": "Polygon", "coordinates": [ [ [ 45.31481481481481, -5.0 ], [ 45.31481481481481, 0.0 ], [ 40.296296296296291, 0.0 ], [ 40.296296296296291, -5.0 ], [ 45.31481481481481, -5.0 ] ] ] } },
{ "type": "Feature", "properties": { "opt_id": 238 }, "geometry": { "type": "Polygon", "coordinates": [ [ [ 75.425925925925924, -5.0 ], [ 75.425925925925924, 0.0 ], [ 70.407407407407405, 0.0 ], [ 70.407407407407405, -5.0 ], [ 75.425925925925924, -5.0 ] ] ] } },
{ "type": "Feature", "properties": { "opt_id": 239 }, "geometry": { "type": "Polygon", "coordinates": [ [ [ 80.444444444444443, -5.0 ], [ 80.444444444444443, 0.0 ], [ 75.425925925925924, 0.0 ], [ 75.425925925925924, -5.0 ], [ 80.444444444444443, -5.0 ] ] ] } },
{ "type": "Feature", "properties": { "opt_id": 240 }, "geometry": { "type": "Polygon", "coordinates": [ [ [ 85.462962962962948, -5.0 ], [ 85.462962962962948, 0.0 ], [ 80.444444444444429, 0.0 ], [ 80.444444444444429, -5.0 ], [ 85.462962962962948, -5.0 ] ] ] } },
{ "type": "Feature", "properties": { "opt_id": 241 }, "geometry": { "type": "Polygon", "coordinates": [ [ [ 110.555555555555557, -5.0 ], [ 110.555555555555557, 0.0 ], [ 105.537037037037038, 0.0 ], [ 105.537037037037038, -5.0 ], [ 110.555555555555557, -5.0 ] ] ] } },
{ "type": "Feature", "properties": { "opt_id": 242 }, "geometry": { "type": "Polygon", "coordinates": [ [ [ 115.574074074074062, -5.0 ], [ 115.574074074074062, 0.0 ], [ 110.555555555555543, 0.0 ], [ 110.555555555555543, -5.0 ], [ 115.574074074074062, -5.0 ] ] ] } },
{ "type": "Feature", "properties": { "opt_id": 243 }, "geometry": { "type": "Polygon", "coordinates": [ [ [ 120.592592592592595, -5.0 ], [ 120.592592592592595, 0.0 ], [ 115.574074074074076, 0.0 ], [ 115.574074074074076, -5.0 ], [ 120.592592592592595, -5.0 ] ] ] } },
{ "type": "Feature", "properties": { "opt_id": 244 }, "geometry": { "type": "Polygon", "coordinates": [ [ [ 125.6111111111111, -5.0 ], [ 125.6111111111111, 0.0 ], [ 120.592592592592581, 0.0 ], [ 120.592592592592581, -5.0 ], [ 125.6111111111111, -5.0 ] ] ] } },
{ "type": "Feature", "properties": { "opt_id": 245 }, "geometry": { "type": "Polygon", "coordinates": [ [ [ 130.629629629629591, -5.0 ], [ 130.629629629629591, 0.0 ], [ 125.611111111111086, 0.0 ], [ 125.611111111111086, -5.0 ], [ 130.629629629629591, -5.0 ] ] ] } },
{ "type": "Feature", "properties": { "opt_id": 246 }, "geometry": { "type": "Polygon", "coordinates": [ [ [ 135.648148148148124, -5.0 ], [ 135.648148148148124, 0.0 ], [ 130.629629629629619, 0.0 ], [ 130.629629629629619, -5.0 ], [ 135.648148148148124, -5.0 ] ] ] } },
{ "type": "Feature", "properties": { "opt_id": 247 }, "geometry": { "type": "Polygon", "coordinates": [ [ [ 140.666666666666629, -5.0 ], [ 140.666666666666629, 0.0 ], [ 135.648148148148124, 0.0 ], [ 135.648148148148124, -5.0 ], [ 140.666666666666629, -5.0 ] ] ] } },
{ "type": "Feature", "properties": { "opt_id": 248 }, "geometry": { "type": "Polygon", "coordinates": [ [ [ 145.685185185185162, -5.0 ], [ 145.685185185185162, 0.0 ], [ 140.666666666666657, 0.0 ], [ 140.666666666666657, -5.0 ], [ 145.685185185185162, -5.0 ] ] ] } },
{ "type": "Feature", "properties": { "opt_id": 249 }, "geometry": { "type": "Polygon", "coordinates": [ [ [ 150.703703703703667, -5.0 ], [ 150.703703703703667, 0.0 ], [ 145.685185185185162, 0.0 ], [ 145.685185185185162, -5.0 ], [ 150.703703703703667, -5.0 ] ] ] } },
{ "type": "Feature", "properties": { "opt_id": 250 }, "geometry": { "type": "Polygon", "coordinates": [ [ [ 155.7222222222222, -5.0 ], [ 155.7222222222222, 0.0 ], [ 150.703703703703695, 0.0 ], [ 150.703703703703695, -5.0 ], [ 155.7222222222222, -5.0 ] ] ] } },
{ "type": "Feature", "properties": { "opt_id": 251 }, "geometry": { "type": "Polygon", "coordinates": [ [ [ 0.148148148148144, -10.0 ], [ 0.148148148148144, -5.0 ], [ -4.870370370370374, -5.0 ], [ -4.870370370370374, -10.0 ], [ 0.148148148148144, -10.0 ] ] ] } },
{ "type": "Feature", "properties": { "opt_id": 252 }, "geometry": { "type": "Polygon", "coordinates": [ [ [ 40.296296296296291, -10.0 ], [ 40.296296296296291, -5.0 ], [ 35.277777777777771, -5.0 ], [ 35.277777777777771, -10.0 ], [ 40.296296296296291, -10.0 ] ] ] } },
{ "type": "Feature", "properties": { "opt_id": 253 }, "geometry": { "type": "Polygon", "coordinates": [ [ [ 45.31481481481481, -10.0 ], [ 45.31481481481481, -5.0 ], [ 40.296296296296291, -5.0 ], [ 40.296296296296291, -10.0 ], [ 45.31481481481481, -10.0 ] ] ] } },
{ "type": "Feature", "properties": { "opt_id": 254 }, "geometry": { "type": "Polygon", "coordinates": [ [ [ 75.425925925925924, -10.0 ], [ 75.425925925925924, -5.0 ], [ 70.407407407407405, -5.0 ], [ 70.407407407407405, -10.0 ], [ 75.425925925925924, -10.0 ] ] ] } },
{ "type": "Feature", "properties": { "opt_id": 255 }, "geometry": { "type": "Polygon", "coordinates": [ [ [ 80.444444444444443, -10.0 ], [ 80.444444444444443, -5.0 ], [ 75.425925925925924, -5.0 ], [ 75.425925925925924, -10.0 ], [ 80.444444444444443, -10.0 ] ] ] } },
{ "type": "Feature", "properties": { "opt_id": 256 }, "geometry": { "type": "Polygon", "coordinates": [ [ [ 85.462962962962948, -10.0 ], [ 85.462962962962948, -5.0 ], [ 80.444444444444429, -5.0 ], [ 80.444444444444429, -10.0 ], [ 85.462962962962948, -10.0 ] ] ] } },
{ "type": "Feature", "properties": { "opt_id": 257 }, "geometry": { "type": "Polygon", "coordinates": [ [ [ 110.555555555555557, -10.0 ], [ 110.555555555555557, -5.0 ], [ 105.537037037037038, -5.0 ], [ 105.537037037037038, -10.0 ], [ 110.555555555555557, -10.0 ] ] ] } },
{ "type": "Feature", "properties": { "opt_id": 258 }, "geometry": { "type": "Polygon", "coordinates": [ [ [ 115.574074074074062, -10.0 ], [ 115.574074074074062, -5.0 ], [ 110.555555555555543, -5.0 ], [ 110.555555555555543, -10.0 ], [ 115.574074074074062, -10.0 ] ] ] } },
{ "type": "Feature", "properties": { "opt_id": 259 }, "geometry": { "type": "Polygon", "coordinates": [ [ [ 120.592592592592595, -10.0 ], [ 120.592592592592595, -5.0 ], [ 115.574074074074076, -5.0 ], [ 115.574074074074076, -10.0 ], [ 120.592592592592595, -10.0 ] ] ] } },
{ "type": "Feature", "properties": { "opt_id": 260 }, "geometry": { "type": "Polygon", "coordinates": [ [ [ 125.6111111111111, -10.0 ], [ 125.6111111111111, -5.0 ], [ 120.592592592592581, -5.0 ], [ 120.592592592592581, -10.0 ], [ 125.6111111111111, -10.0 ] ] ] } },
{ "type": "Feature", "properties": { "opt_id": 261 }, "geometry": { "type": "Polygon", "coordinates": [ [ [ 130.629629629629591, -10.0 ], [ 130.629629629629591, -5.0 ], [ 125.611111111111086, -5.0 ], [ 125.611111111111086, -10.0 ], [ 130.629629629629591, -10.0 ] ] ] } },
{ "type": "Feature", "properties": { "opt_id": 262 }, "geometry": { "type": "Polygon", "coordinates": [ [ [ 135.648148148148124, -10.0 ], [ 135.648148148148124, -5.0 ], [ 130.629629629629619, -5.0 ], [ 130.629629629629619, -10.0 ], [ 135.648148148148124, -10.0 ] ] ] } },
{ "type": "Feature", "properties": { "opt_id": 263 }, "geometry": { "type": "Polygon", "coordinates": [ [ [ 140.666666666666629, -10.0 ], [ 140.666666666666629, -5.0 ], [ 135.648148148148124, -5.0 ], [ 135.648148148148124, -10.0 ], [ 140.666666666666629, -10.0 ] ] ] } },
{ "type": "Feature", "properties": { "opt_id": 264 }, "geometry": { "type": "Polygon", "coordinates": [ [ [ 145.685185185185162, -10.0 ], [ 145.685185185185162, -5.0 ], [ 140.666666666666657, -5.0 ], [ 140.666666666666657, -10.0 ], [ 145.685185185185162, -10.0 ] ] ] } },
{ "type": "Feature", "properties": { "opt_id": 265 }, "geometry": { "type": "Polygon", "coordinates": [ [ [ 150.703703703703667, -10.0 ], [ 150.703703703703667, -5.0 ], [ 145.685185185185162, -5.0 ], [ 145.685185185185162, -10.0 ], [ 150.703703703703667, -10.0 ] ] ] } },
{ "type": "Feature", "properties": { "opt_id": 266 }, "geometry": { "type": "Polygon", "coordinates": [ [ [ 155.7222222222222, -10.0 ], [ 155.7222222222222, -5.0 ], [ 150.703703703703695, -5.0 ], [ 150.703703703703695, -10.0 ], [ 155.7222222222222, -10.0 ] ] ] } },
{ "type": "Feature", "properties": { "opt_id": 267 }, "geometry": { "type": "Polygon", "coordinates": [ [ [ 0.148148148148144, -15.0 ], [ 0.148148148148144, -10.0 ], [ -4.870370370370374, -10.0 ], [ -4.870370370370374, -15.0 ], [ 0.148148148148144, -15.0 ] ] ] } },
{ "type": "Feature", "properties": { "opt_id": 268 }, "geometry": { "type": "Polygon", "coordinates": [ [ [ 40.296296296296291, -15.0 ], [ 40.296296296296291, -10.0 ], [ 35.277777777777771, -10.0 ], [ 35.277777777777771, -15.0 ], [ 40.296296296296291, -15.0 ] ] ] } },
{ "type": "Feature", "properties": { "opt_id": 269 }, "geometry": { "type": "Polygon", "coordinates": [ [ [ 45.31481481481481, -15.0 ], [ 45.31481481481481, -10.0 ], [ 40.296296296296291, -10.0 ], [ 40.296296296296291, -15.0 ], [ 45.31481481481481, -15.0 ] ] ] } },
{ "type": "Feature", "properties": { "opt_id": 270 }, "geometry": { "type": "Polygon", "coordinates": [ [ [ 75.425925925925924, -15.0 ], [ 75.425925925925924, -10.0 ], [ 70.407407407407405, -10.0 ], [ 70.407407407407405, -15.0 ], [ 75.425925925925924, -15.0 ] ] ] } },
{ "type": "Feature", "properties": { "opt_id": 271 }, "geometry": { "type": "Polygon", "coordinates": [ [ [ 80.444444444444443, -15.0 ], [ 80.444444444444443, -10.0 ], [ 75.425925925925924, -10.0 ], [ 75.425925925925924, -15.0 ], [ 80.444444444444443, -15.0 ] ] ] } },
{ "type": "Feature", "properties": { "opt_id": 272 }, "geometry": { "type": "Polygon", "coordinates": [ [ [ 85.462962962962948, -15.0 ], [ 85.462962962962948, -10.0 ], [ 80.444444444444429, -10.0 ], [ 80.444444444444429, -15.0 ], [ 85.462962962962948, -15.0 ] ] ] } },
{ "type": "Feature", "properties": { "opt_id": 273 }, "geometry": { "type": "Polygon", "coordinates": [ [ [ 0.148148148148144, -20.0 ], [ 0.148148148148144, -15.0 ], [ -4.870370370370374, -15.0 ], [ -4.870370370370374, -20.0 ], [ 0.148148148148144, -20.0 ] ] ] } },
{ "type": "Feature", "properties": { "opt_id": 274 }, "geometry": { "type": "Polygon", "coordinates": [ [ [ 35.277777777777771, -20.0 ], [ 35.277777777777771, -15.0 ], [ 30.259259259259252, -15.0 ], [ 30.259259259259252, -20.0 ], [ 35.277777777777771, -20.0 ] ] ] } },
{ "type": "Feature", "properties": { "opt_id": 275 }, "geometry": { "type": "Polygon", "coordinates": [ [ [ 40.296296296296291, -20.0 ], [ 40.296296296296291, -15.0 ], [ 35.277777777777771, -15.0 ], [ 35.277777777777771, -20.0 ], [ 40.296296296296291, -20.0 ] ] ] } },
{ "type": "Feature", "properties": { "opt_id": 276 }, "geometry": { "type": "Polygon", "coordinates": [ [ [ 45.31481481481481, -20.0 ], [ 45.31481481481481, -15.0 ], [ 40.296296296296291, -15.0 ], [ 40.296296296296291, -20.0 ], [ 45.31481481481481, -20.0 ] ] ] } },
{ "type": "Feature", "properties": { "opt_id": 277 }, "geometry": { "type": "Polygon", "coordinates": [ [ [ 75.425925925925924, -20.0 ], [ 75.425925925925924, -15.0 ], [ 70.407407407407405, -15.0 ], [ 70.407407407407405, -20.0 ], [ 75.425925925925924, -20.0 ] ] ] } },
{ "type": "Feature", "properties": { "opt_id": 278 }, "geometry": { "type": "Polygon", "coordinates": [ [ [ 80.444444444444443, -20.0 ], [ 80.444444444444443, -15.0 ], [ 75.425925925925924, -15.0 ], [ 75.425925925925924, -20.0 ], [ 80.444444444444443, -20.0 ] ] ] } },
{ "type": "Feature", "properties": { "opt_id": 279 }, "geometry": { "type": "Polygon", "coordinates": [ [ [ 85.462962962962948, -20.0 ], [ 85.462962962962948, -15.0 ], [ 80.444444444444429, -15.0 ], [ 80.444444444444429, -20.0 ], [ 85.462962962962948, -20.0 ] ] ] } },
{ "type": "Feature", "properties": { "opt_id": 280 }, "geometry": { "type": "Polygon", "coordinates": [ [ [ 0.148148148148144, -25.0 ], [ 0.148148148148144, -20.0 ], [ -4.870370370370374, -20.0 ], [ -4.870370370370374, -25.0 ], [ 0.148148148148144, -25.0 ] ] ] } },
{ "type": "Feature", "properties": { "opt_id": 281 }, "geometry": { "type": "Polygon", "coordinates": [ [ [ 35.277777777777771, -25.0 ], [ 35.277777777777771, -20.0 ], [ 30.259259259259252, -20.0 ], [ 30.259259259259252, -25.0 ], [ 35.277777777777771, -25.0 ] ] ] } },
{ "type": "Feature", "properties": { "opt_id": 282 }, "geometry": { "type": "Polygon", "coordinates": [ [ [ 40.296296296296291, -25.0 ], [ 40.296296296296291, -20.0 ], [ 35.277777777777771, -20.0 ], [ 35.277777777777771, -25.0 ], [ 40.296296296296291, -25.0 ] ] ] } },
{ "type": "Feature", "properties": { "opt_id": 283 }, "geometry": { "type": "Polygon", "coordinates": [ [ [ 45.31481481481481, -25.0 ], [ 45.31481481481481, -20.0 ], [ 40.296296296296291, -20.0 ], [ 40.296296296296291, -25.0 ], [ 45.31481481481481, -25.0 ] ] ] } },
{ "type": "Feature", "properties": { "opt_id": 284 }, "geometry": { "type": "Polygon", "coordinates": [ [ [ 75.425925925925924, -25.0 ], [ 75.425925925925924, -20.0 ], [ 70.407407407407405, -20.0 ], [ 70.407407407407405, -25.0 ], [ 75.425925925925924, -25.0 ] ] ] } },
{ "type": "Feature", "properties": { "opt_id": 285 }, "geometry": { "type": "Polygon", "coordinates": [ [ [ 80.444444444444443, -25.0 ], [ 80.444444444444443, -20.0 ], [ 75.425925925925924, -20.0 ], [ 75.425925925925924, -25.0 ], [ 80.444444444444443, -25.0 ] ] ] } },
{ "type": "Feature", "properties": { "opt_id": 286 }, "geometry": { "type": "Polygon", "coordinates": [ [ [ 85.462962962962948, -25.0 ], [ 85.462962962962948, -20.0 ], [ 80.444444444444429, -20.0 ], [ 80.444444444444429, -25.0 ], [ 85.462962962962948, -25.0 ] ] ] } },
{ "type": "Feature", "properties": { "opt_id": 287 }, "geometry": { "type": "Polygon", "coordinates": [ [ [ 0.148148148148144, -30.0 ], [ 0.148148148148144, -25.0 ], [ -4.870370370370374, -25.0 ], [ -4.870370370370374, -30.0 ], [ 0.148148148148144, -30.0 ] ] ] } },
{ "type": "Feature", "properties": { "opt_id": 288 }, "geometry": { "type": "Polygon", "coordinates": [ [ [ 35.277777777777771, -30.0 ], [ 35.277777777777771, -25.0 ], [ 30.259259259259252, -25.0 ], [ 30.259259259259252, -30.0 ], [ 35.277777777777771, -30.0 ] ] ] } },
{ "type": "Feature", "properties": { "opt_id": 289 }, "geometry": { "type": "Polygon", "coordinates": [ [ [ 40.296296296296291, -30.0 ], [ 40.296296296296291, -25.0 ], [ 35.277777777777771, -25.0 ], [ 35.277777777777771, -30.0 ], [ 40.296296296296291, -30.0 ] ] ] } },
{ "type": "Feature", "properties": { "opt_id": 290 }, "geometry": { "type": "Polygon", "coordinates": [ [ [ 45.31481481481481, -30.0 ], [ 45.31481481481481, -25.0 ], [ 40.296296296296291, -25.0 ], [ 40.296296296296291, -30.0 ], [ 45.31481481481481, -30.0 ] ] ] } },
{ "type": "Feature", "properties": { "opt_id": 291 }, "geometry": { "type": "Polygon", "coordinates": [ [ [ 55.351851851851848, -30.0 ], [ 55.351851851851848, -25.0 ], [ 50.333333333333329, -25.0 ], [ 50.333333333333329, -30.0 ], [ 55.351851851851848, -30.0 ] ] ] } },
{ "type": "Feature", "properties": { "opt_id": 292 }, "geometry": { "type": "Polygon", "coordinates": [ [ [ 60.370370370370367, -30.0 ], [ 60.370370370370367, -25.0 ], [ 55.351851851851848, -25.0 ], [ 55.351851851851848, -30.0 ], [ 60.370370370370367, -30.0 ] ] ] } },
{ "type": "Feature", "properties": { "opt_id": 293 }, "geometry": { "type": "Polygon", "coordinates": [ [ [ 65.388888888888886, -30.0 ], [ 65.388888888888886, -25.0 ], [ 60.370370370370367, -25.0 ], [ 60.370370370370367, -30.0 ], [ 65.388888888888886, -30.0 ] ] ] } },
{ "type": "Feature", "properties": { "opt_id": 294 }, "geometry": { "type": "Polygon", "coordinates": [ [ [ 70.407407407407405, -30.0 ], [ 70.407407407407405, -25.0 ], [ 65.388888888888886, -25.0 ], [ 65.388888888888886, -30.0 ], [ 70.407407407407405, -30.0 ] ] ] } },
{ "type": "Feature", "properties": { "opt_id": 295 }, "geometry": { "type": "Polygon", "coordinates": [ [ [ 75.425925925925924, -30.0 ], [ 75.425925925925924, -25.0 ], [ 70.407407407407405, -25.0 ], [ 70.407407407407405, -30.0 ], [ 75.425925925925924, -30.0 ] ] ] } },
{ "type": "Feature", "properties": { "opt_id": 296 }, "geometry": { "type": "Polygon", "coordinates": [ [ [ 80.444444444444443, -30.0 ], [ 80.444444444444443, -25.0 ], [ 75.425925925925924, -25.0 ], [ 75.425925925925924, -30.0 ], [ 80.444444444444443, -30.0 ] ] ] } },
{ "type": "Feature", "properties": { "opt_id": 297 }, "geometry": { "type": "Polygon", "coordinates": [ [ [ 85.462962962962948, -30.0 ], [ 85.462962962962948, -25.0 ], [ 80.444444444444429, -25.0 ], [ 80.444444444444429, -30.0 ], [ 85.462962962962948, -30.0 ] ] ] } },
{ "type": "Feature", "properties": { "opt_id": 298 }, "geometry": { "type": "Polygon", "coordinates": [ [ [ 110.555555555555557, -30.0 ], [ 110.555555555555557, -25.0 ], [ 105.537037037037038, -25.0 ], [ 105.537037037037038, -30.0 ], [ 110.555555555555557, -30.0 ] ] ] } },
{ "type": "Feature", "properties": { "opt_id": 299 }, "geometry": { "type": "Polygon", "coordinates": [ [ [ 115.574074074074062, -30.0 ], [ 115.574074074074062, -25.0 ], [ 110.555555555555543, -25.0 ], [ 110.555555555555543, -30.0 ], [ 115.574074074074062, -30.0 ] ] ] } },
{ "type": "Feature", "properties": { "opt_id": 300 }, "geometry": { "type": "Polygon", "coordinates": [ [ [ 120.592592592592595, -30.0 ], [ 120.592592592592595, -25.0 ], [ 115.574074074074076, -25.0 ], [ 115.574074074074076, -30.0 ], [ 120.592592592592595, -30.0 ] ] ] } },
{ "type": "Feature", "properties": { "opt_id": 301 }, "geometry": { "type": "Polygon", "coordinates": [ [ [ 125.6111111111111, -30.0 ], [ 125.6111111111111, -25.0 ], [ 120.592592592592581, -25.0 ], [ 120.592592592592581, -30.0 ], [ 125.6111111111111, -30.0 ] ] ] } },
{ "type": "Feature", "properties": { "opt_id": 302 }, "geometry": { "type": "Polygon", "coordinates": [ [ [ 130.629629629629591, -30.0 ], [ 130.629629629629591, -25.0 ], [ 125.611111111111086, -25.0 ], [ 125.611111111111086, -30.0 ], [ 130.629629629629591, -30.0 ] ] ] } },
{ "type": "Feature", "properties": { "opt_id": 303 }, "geometry": { "type": "Polygon", "coordinates": [ [ [ 135.648148148148124, -30.0 ], [ 135.648148148148124, -25.0 ], [ 130.629629629629619, -25.0 ], [ 130.629629629629619, -30.0 ], [ 135.648148148148124, -30.0 ] ] ] } },
{ "type": "Feature", "properties": { "opt_id": 304 }, "geometry": { "type": "Polygon", "coordinates": [ [ [ 140.666666666666629, -30.0 ], [ 140.666666666666629, -25.0 ], [ 135.648148148148124, -25.0 ], [ 135.648148148148124, -30.0 ], [ 140.666666666666629, -30.0 ] ] ] } },
{ "type": "Feature", "properties": { "opt_id": 305 }, "geometry": { "type": "Polygon", "coordinates": [ [ [ 145.685185185185162, -30.0 ], [ 145.685185185185162, -25.0 ], [ 140.666666666666657, -25.0 ], [ 140.666666666666657, -30.0 ], [ 145.685185185185162, -30.0 ] ] ] } },
{ "type": "Feature", "properties": { "opt_id": 306 }, "geometry": { "type": "Polygon", "coordinates": [ [ [ 0.148148148148144, -35.0 ], [ 0.148148148148144, -30.0 ], [ -4.870370370370374, -30.0 ], [ -4.870370370370374, -35.0 ], [ 0.148148148148144, -35.0 ] ] ] } },
{ "type": "Feature", "properties": { "opt_id": 307 }, "geometry": { "type": "Polygon", "coordinates": [ [ [ 35.277777777777771, -35.0 ], [ 35.277777777777771, -30.0 ], [ 30.259259259259252, -30.0 ], [ 30.259259259259252, -35.0 ], [ 35.277777777777771, -35.0 ] ] ] } },
{ "type": "Feature", "properties": { "opt_id": 308 }, "geometry": { "type": "Polygon", "coordinates": [ [ [ 40.296296296296291, -35.0 ], [ 40.296296296296291, -30.0 ], [ 35.277777777777771, -30.0 ], [ 35.277777777777771, -35.0 ], [ 40.296296296296291, -35.0 ] ] ] } },
{ "type": "Feature", "properties": { "opt_id": 309 }, "geometry": { "type": "Polygon", "coordinates": [ [ [ 45.31481481481481, -35.0 ], [ 45.31481481481481, -30.0 ], [ 40.296296296296291, -30.0 ], [ 40.296296296296291, -35.0 ], [ 45.31481481481481, -35.0 ] ] ] } },
{ "type": "Feature", "properties": { "opt_id": 310 }, "geometry": { "type": "Polygon", "coordinates": [ [ [ 55.351851851851848, -35.0 ], [ 55.351851851851848, -30.0 ], [ 50.333333333333329, -30.0 ], [ 50.333333333333329, -35.0 ], [ 55.351851851851848, -35.0 ] ] ] } },
{ "type": "Feature", "properties": { "opt_id": 311 }, "geometry": { "type": "Polygon", "coordinates": [ [ [ 60.370370370370367, -35.0 ], [ 60.370370370370367, -30.0 ], [ 55.351851851851848, -30.0 ], [ 55.351851851851848, -35.0 ], [ 60.370370370370367, -35.0 ] ] ] } },
{ "type": "Feature", "properties": { "opt_id": 312 }, "geometry": { "type": "Polygon", "coordinates": [ [ [ 65.388888888888886, -35.0 ], [ 65.388888888888886, -30.0 ], [ 60.370370370370367, -30.0 ], [ 60.370370370370367, -35.0 ], [ 65.388888888888886, -35.0 ] ] ] } },
{ "type": "Feature", "properties": { "opt_id": 313 }, "geometry": { "type": "Polygon", "coordinates": [ [ [ 70.407407407407405, -35.0 ], [ 70.407407407407405, -30.0 ], [ 65.388888888888886, -30.0 ], [ 65.388888888888886, -35.0 ], [ 70.407407407407405, -35.0 ] ] ] } },
{ "type": "Feature", "properties": { "opt_id": 314 }, "geometry": { "type": "Polygon", "coordinates": [ [ [ 75.425925925925924, -35.0 ], [ 75.425925925925924, -30.0 ], [ 70.407407407407405, -30.0 ], [ 70.407407407407405, -35.0 ], [ 75.425925925925924, -35.0 ] ] ] } },
{ "type": "Feature", "properties": { "opt_id": 315 }, "geometry": { "type": "Polygon", "coordinates": [ [ [ 80.444444444444443, -35.0 ], [ 80.444444444444443, -30.0 ], [ 75.425925925925924, -30.0 ], [ 75.425925925925924, -35.0 ], [ 80.444444444444443, -35.0 ] ] ] } },
{ "type": "Feature", "properties": { "opt_id": 316 }, "geometry": { "type": "Polygon", "coordinates": [ [ [ 85.462962962962948, -35.0 ], [ 85.462962962962948, -30.0 ], [ 80.444444444444429, -30.0 ], [ 80.444444444444429, -35.0 ], [ 85.462962962962948, -35.0 ] ] ] } },
{ "type": "Feature", "properties": { "opt_id": 317 }, "geometry": { "type": "Polygon", "coordinates": [ [ [ 110.555555555555557, -35.0 ], [ 110.555555555555557, -30.0 ], [ 105.537037037037038, -30.0 ], [ 105.537037037037038, -35.0 ], [ 110.555555555555557, -35.0 ] ] ] } },
{ "type": "Feature", "properties": { "opt_id": 318 }, "geometry": { "type": "Polygon", "coordinates": [ [ [ 115.574074074074062, -35.0 ], [ 115.574074074074062, -30.0 ], [ 110.555555555555543, -30.0 ], [ 110.555555555555543, -35.0 ], [ 115.574074074074062, -35.0 ] ] ] } },
{ "type": "Feature", "properties": { "opt_id": 319 }, "geometry": { "type": "Polygon", "coordinates": [ [ [ 120.592592592592595, -35.0 ], [ 120.592592592592595, -30.0 ], [ 115.574074074074076, -30.0 ], [ 115.574074074074076, -35.0 ], [ 120.592592592592595, -35.0 ] ] ] } },
{ "type": "Feature", "properties": { "opt_id": 320 }, "geometry": { "type": "Polygon", "coordinates": [ [ [ 125.6111111111111, -35.0 ], [ 125.6111111111111, -30.0 ], [ 120.592592592592581, -30.0 ], [ 120.592592592592581, -35.0 ], [ 125.6111111111111, -35.0 ] ] ] } },
{ "type": "Feature", "properties": { "opt_id": 321 }, "geometry": { "type": "Polygon", "coordinates": [ [ [ 130.629629629629591, -35.0 ], [ 130.629629629629591, -30.0 ], [ 125.611111111111086, -30.0 ], [ 125.611111111111086, -35.0 ], [ 130.629629629629591, -35.0 ] ] ] } },
{ "type": "Feature", "properties": { "opt_id": 322 }, "geometry": { "type": "Polygon", "coordinates": [ [ [ 135.648148148148124, -35.0 ], [ 135.648148148148124, -30.0 ], [ 130.629629629629619, -30.0 ], [ 130.629629629629619, -35.0 ], [ 135.648148148148124, -35.0 ] ] ] } },
{ "type": "Feature", "properties": { "opt_id": 323 }, "geometry": { "type": "Polygon", "coordinates": [ [ [ 140.666666666666629, -35.0 ], [ 140.666666666666629, -30.0 ], [ 135.648148148148124, -30.0 ], [ 135.648148148148124, -35.0 ], [ 140.666666666666629, -35.0 ] ] ] } },
{ "type": "Feature", "properties": { "opt_id": 324 }, "geometry": { "type": "Polygon", "coordinates": [ [ [ 145.685185185185162, -35.0 ], [ 145.685185185185162, -30.0 ], [ 140.666666666666657, -30.0 ], [ 140.666666666666657, -35.0 ], [ 145.685185185185162, -35.0 ] ] ] } },
{ "type": "Feature", "properties": { "opt_id": 325 }, "geometry": { "type": "Polygon", "coordinates": [ [ [ 0.148148148148144, -40.0 ], [ 0.148148148148144, -35.0 ], [ -4.870370370370374, -35.0 ], [ -4.870370370370374, -40.0 ], [ 0.148148148148144, -40.0 ] ] ] } },
{ "type": "Feature", "properties": { "opt_id": 326 }, "geometry": { "type": "Polygon", "coordinates": [ [ [ 35.277777777777771, -40.0 ], [ 35.277777777777771, -35.0 ], [ 30.259259259259252, -35.0 ], [ 30.259259259259252, -40.0 ], [ 35.277777777777771, -40.0 ] ] ] } },
{ "type": "Feature", "properties": { "opt_id": 327 }, "geometry": { "type": "Polygon", "coordinates": [ [ [ 40.296296296296291, -40.0 ], [ 40.296296296296291, -35.0 ], [ 35.277777777777771, -35.0 ], [ 35.277777777777771, -40.0 ], [ 40.296296296296291, -40.0 ] ] ] } },
{ "type": "Feature", "properties": { "opt_id": 328 }, "geometry": { "type": "Polygon", "coordinates": [ [ [ 45.31481481481481, -40.0 ], [ 45.31481481481481, -35.0 ], [ 40.296296296296291, -35.0 ], [ 40.296296296296291, -40.0 ], [ 45.31481481481481, -40.0 ] ] ] } },
{ "type": "Feature", "properties": { "opt_id": 329 }, "geometry": { "type": "Polygon", "coordinates": [ [ [ 55.351851851851848, -40.0 ], [ 55.351851851851848, -35.0 ], [ 50.333333333333329, -35.0 ], [ 50.333333333333329, -40.0 ], [ 55.351851851851848, -40.0 ] ] ] } },
{ "type": "Feature", "properties": { "opt_id": 330 }, "geometry": { "type": "Polygon", "coordinates": [ [ [ 60.370370370370367, -40.0 ], [ 60.370370370370367, -35.0 ], [ 55.351851851851848, -35.0 ], [ 55.351851851851848, -40.0 ], [ 60.370370370370367, -40.0 ] ] ] } },
{ "type": "Feature", "properties": { "opt_id": 331 }, "geometry": { "type": "Polygon", "coordinates": [ [ [ 65.388888888888886, -40.0 ], [ 65.388888888888886, -35.0 ], [ 60.370370370370367, -35.0 ], [ 60.370370370370367, -40.0 ], [ 65.388888888888886, -40.0 ] ] ] } },
{ "type": "Feature", "properties": { "opt_id": 332 }, "geometry": { "type": "Polygon", "coordinates": [ [ [ 70.407407407407405, -40.0 ], [ 70.407407407407405, -35.0 ], [ 65.388888888888886, -35.0 ], [ 65.388888888888886, -40.0 ], [ 70.407407407407405, -40.0 ] ] ] } },
{ "type": "Feature", "properties": { "opt_id": 333 }, "geometry": { "type": "Polygon", "coordinates": [ [ [ 75.425925925925924, -40.0 ], [ 75.425925925925924, -35.0 ], [ 70.407407407407405, -35.0 ], [ 70.407407407407405, -40.0 ], [ 75.425925925925924, -40.0 ] ] ] } },
{ "type": "Feature", "properties": { "opt_id": 334 }, "geometry": { "type": "Polygon", "coordinates": [ [ [ 80.444444444444443, -40.0 ], [ 80.444444444444443, -35.0 ], [ 75.425925925925924, -35.0 ], [ 75.425925925925924, -40.0 ], [ 80.444444444444443, -40.0 ] ] ] } },
{ "type": "Feature", "properties": { "opt_id": 335 }, "geometry": { "type": "Polygon", "coordinates": [ [ [ 85.462962962962948, -40.0 ], [ 85.462962962962948, -35.0 ], [ 80.444444444444429, -35.0 ], [ 80.444444444444429, -40.0 ], [ 85.462962962962948, -40.0 ] ] ] } },
{ "type": "Feature", "properties": { "opt_id": 336 }, "geometry": { "type": "Polygon", "coordinates": [ [ [ 110.555555555555557, -40.0 ], [ 110.555555555555557, -35.0 ], [ 105.537037037037038, -35.0 ], [ 105.537037037037038, -40.0 ], [ 110.555555555555557, -40.0 ] ] ] } },
{ "type": "Feature", "properties": { "opt_id": 337 }, "geometry": { "type": "Polygon", "coordinates": [ [ [ 115.574074074074062, -40.0 ], [ 115.574074074074062, -35.0 ], [ 110.555555555555543, -35.0 ], [ 110.555555555555543, -40.0 ], [ 115.574074074074062, -40.0 ] ] ] } },
{ "type": "Feature", "properties": { "opt_id": 338 }, "geometry": { "type": "Polygon", "coordinates": [ [ [ 120.592592592592595, -40.0 ], [ 120.592592592592595, -35.0 ], [ 115.574074074074076, -35.0 ], [ 115.574074074074076, -40.0 ], [ 120.592592592592595, -40.0 ] ] ] } },
{ "type": "Feature", "properties": { "opt_id": 339 }, "geometry": { "type": "Polygon", "coordinates": [ [ [ 125.6111111111111, -40.0 ], [ 125.6111111111111, -35.0 ], [ 120.592592592592581, -35.0 ], [ 120.592592592592581, -40.0 ], [ 125.6111111111111, -40.0 ] ] ] } },
{ "type": "Feature", "properties": { "opt_id": 340 }, "geometry": { "type": "Polygon", "coordinates": [ [ [ 130.629629629629591, -40.0 ], [ 130.629629629629591, -35.0 ], [ 125.611111111111086, -35.0 ], [ 125.611111111111086, -40.0 ], [ 130.629629629629591, -40.0 ] ] ] } },
{ "type": "Feature", "properties": { "opt_id": 341 }, "geometry": { "type": "Polygon", "coordinates": [ [ [ 135.648148148148124, -40.0 ], [ 135.648148148148124, -35.0 ], [ 130.629629629629619, -35.0 ], [ 130.629629629629619, -40.0 ], [ 135.648148148148124, -40.0 ] ] ] } },
{ "type": "Feature", "properties": { "opt_id": 342 }, "geometry": { "type": "Polygon", "coordinates": [ [ [ 140.666666666666629, -40.0 ], [ 140.666666666666629, -35.0 ], [ 135.648148148148124, -35.0 ], [ 135.648148148148124, -40.0 ], [ 140.666666666666629, -40.0 ] ] ] } },
{ "type": "Feature", "properties": { "opt_id": 343 }, "geometry": { "type": "Polygon", "coordinates": [ [ [ 145.685185185185162, -40.0 ], [ 145.685185185185162, -35.0 ], [ 140.666666666666657, -35.0 ], [ 140.666666666666657, -40.0 ], [ 145.685185185185162, -40.0 ] ] ] } },
{ "type": "Feature", "properties": { "opt_id": 344 }, "geometry": { "type": "Polygon", "coordinates": [ [ [ 0.148148148148144, -45.0 ], [ 0.148148148148144, -40.0 ], [ -4.870370370370374, -40.0 ], [ -4.870370370370374, -45.0 ], [ 0.148148148148144, -45.0 ] ] ] } },
{ "type": "Feature", "properties": { "opt_id": 345 }, "geometry": { "type": "Polygon", "coordinates": [ [ [ 20.222222222222221, -45.0 ], [ 20.222222222222221, -40.0 ], [ 15.203703703703702, -40.0 ], [ 15.203703703703702, -45.0 ], [ 20.222222222222221, -45.0 ] ] ] } },
{ "type": "Feature", "properties": { "opt_id": 346 }, "geometry": { "type": "Polygon", "coordinates": [ [ [ 35.277777777777771, -45.0 ], [ 35.277777777777771, -40.0 ], [ 30.259259259259252, -40.0 ], [ 30.259259259259252, -45.0 ], [ 35.277777777777771, -45.0 ] ] ] } },
{ "type": "Feature", "properties": { "opt_id": 347 }, "geometry": { "type": "Polygon", "coordinates": [ [ [ 40.296296296296291, -45.0 ], [ 40.296296296296291, -40.0 ], [ 35.277777777777771, -40.0 ], [ 35.277777777777771, -45.0 ], [ 40.296296296296291, -45.0 ] ] ] } },
{ "type": "Feature", "properties": { "opt_id": 348 }, "geometry": { "type": "Polygon", "coordinates": [ [ [ 45.31481481481481, -45.0 ], [ 45.31481481481481, -40.0 ], [ 40.296296296296291, -40.0 ], [ 40.296296296296291, -45.0 ], [ 45.31481481481481, -45.0 ] ] ] } },
{ "type": "Feature", "properties": { "opt_id": 349 }, "geometry": { "type": "Polygon", "coordinates": [ [ [ 55.351851851851848, -45.0 ], [ 55.351851851851848, -40.0 ], [ 50.333333333333329, -40.0 ], [ 50.333333333333329, -45.0 ], [ 55.351851851851848, -45.0 ] ] ] } },
{ "type": "Feature", "properties": { "opt_id": 350 }, "geometry": { "type": "Polygon", "coordinates": [ [ [ 60.370370370370367, -45.0 ], [ 60.370370370370367, -40.0 ], [ 55.351851851851848, -40.0 ], [ 55.351851851851848, -45.0 ], [ 60.370370370370367, -45.0 ] ] ] } },
{ "type": "Feature", "properties": { "opt_id": 351 }, "geometry": { "type": "Polygon", "coordinates": [ [ [ 65.388888888888886, -45.0 ], [ 65.388888888888886, -40.0 ], [ 60.370370370370367, -40.0 ], [ 60.370370370370367, -45.0 ], [ 65.388888888888886, -45.0 ] ] ] } },
{ "type": "Feature", "properties": { "opt_id": 352 }, "geometry": { "type": "Polygon", "coordinates": [ [ [ 70.407407407407405, -45.0 ], [ 70.407407407407405, -40.0 ], [ 65.388888888888886, -40.0 ], [ 65.388888888888886, -45.0 ], [ 70.407407407407405, -45.0 ] ] ] } },
{ "type": "Feature", "properties": { "opt_id": 353 }, "geometry": { "type": "Polygon", "coordinates": [ [ [ 75.425925925925924, -45.0 ], [ 75.425925925925924, -40.0 ], [ 70.407407407407405, -40.0 ], [ 70.407407407407405, -45.0 ], [ 75.425925925925924, -45.0 ] ] ] } },
{ "type": "Feature", "properties": { "opt_id": 354 }, "geometry": { "type": "Polygon", "coordinates": [ [ [ 80.444444444444443, -45.0 ], [ 80.444444444444443, -40.0 ], [ 75.425925925925924, -40.0 ], [ 75.425925925925924, -45.0 ], [ 80.444444444444443, -45.0 ] ] ] } },
{ "type": "Feature", "properties": { "opt_id": 355 }, "geometry": { "type": "Polygon", "coordinates": [ [ [ 85.462962962962948, -45.0 ], [ 85.462962962962948, -40.0 ], [ 80.444444444444429, -40.0 ], [ 80.444444444444429, -45.0 ], [ 85.462962962962948, -45.0 ] ] ] } },
{ "type": "Feature", "properties": { "opt_id": 356 }, "geometry": { "type": "Polygon", "coordinates": [ [ [ 110.555555555555557, -45.0 ], [ 110.555555555555557, -40.0 ], [ 105.537037037037038, -40.0 ], [ 105.537037037037038, -45.0 ], [ 110.555555555555557, -45.0 ] ] ] } },
{ "type": "Feature", "properties": { "opt_id": 357 }, "geometry": { "type": "Polygon", "coordinates": [ [ [ 115.574074074074062, -45.0 ], [ 115.574074074074062, -40.0 ], [ 110.555555555555543, -40.0 ], [ 110.555555555555543, -45.0 ], [ 115.574074074074062, -45.0 ] ] ] } },
{ "type": "Feature", "properties": { "opt_id": 358 }, "geometry": { "type": "Polygon", "coordinates": [ [ [ 120.592592592592595, -45.0 ], [ 120.592592592592595, -40.0 ], [ 115.574074074074076, -40.0 ], [ 115.574074074074076, -45.0 ], [ 120.592592592592595, -45.0 ] ] ] } },
{ "type": "Feature", "properties": { "opt_id": 359 }, "geometry": { "type": "Polygon", "coordinates": [ [ [ 125.6111111111111, -45.0 ], [ 125.6111111111111, -40.0 ], [ 120.592592592592581, -40.0 ], [ 120.592592592592581, -45.0 ], [ 125.6111111111111, -45.0 ] ] ] } },
{ "type": "Feature", "properties": { "opt_id": 360 }, "geometry": { "type": "Polygon", "coordinates": [ [ [ 130.629629629629591, -45.0 ], [ 130.629629629629591, -40.0 ], [ 125.611111111111086, -40.0 ], [ 125.611111111111086, -45.0 ], [ 130.629629629629591, -45.0 ] ] ] } },
{ "type": "Feature", "properties": { "opt_id": 361 }, "geometry": { "type": "Polygon", "coordinates": [ [ [ 135.648148148148124, -45.0 ], [ 135.648148148148124, -40.0 ], [ 130.629629629629619, -40.0 ], [ 130.629629629629619, -45.0 ], [ 135.648148148148124, -45.0 ] ] ] } },
{ "type": "Feature", "properties": { "opt_id": 362 }, "geometry": { "type": "Polygon", "coordinates": [ [ [ 140.666666666666629, -45.0 ], [ 140.666666666666629, -40.0 ], [ 135.648148148148124, -40.0 ], [ 135.648148148148124, -45.0 ], [ 140.666666666666629, -45.0 ] ] ] } },
{ "type": "Feature", "properties": { "opt_id": 363 }, "geometry": { "type": "Polygon", "coordinates": [ [ [ 145.685185185185162, -45.0 ], [ 145.685185185185162, -40.0 ], [ 140.666666666666657, -40.0 ], [ 140.666666666666657, -45.0 ], [ 145.685185185185162, -45.0 ] ] ] } },
{ "type": "Feature", "properties": { "opt_id": 364 }, "geometry": { "type": "Polygon", "coordinates": [ [ [ 150.703703703703667, -45.0 ], [ 150.703703703703667, -40.0 ], [ 145.685185185185162, -40.0 ], [ 145.685185185185162, -45.0 ], [ 150.703703703703667, -45.0 ] ] ] } },
{ "type": "Feature", "properties": { "opt_id": 365 }, "geometry": { "type": "Polygon", "coordinates": [ [ [ 155.7222222222222, -45.0 ], [ 155.7222222222222, -40.0 ], [ 150.703703703703695, -40.0 ], [ 150.703703703703695, -45.0 ], [ 155.7222222222222, -45.0 ] ] ] } },
{ "type": "Feature", "properties": { "opt_id": 366 }, "geometry": { "type": "Polygon", "coordinates": [ [ [ 165.759259259259238, -45.0 ], [ 165.759259259259238, -40.0 ], [ 160.740740740740733, -40.0 ], [ 160.740740740740733, -45.0 ], [ 165.759259259259238, -45.0 ] ] ] } },
{ "type": "Feature", "properties": { "opt_id": 367 }, "geometry": { "type": "Polygon", "coordinates": [ [ [ 170.777777777777743, -45.0 ], [ 170.777777777777743, -40.0 ], [ 165.759259259259238, -40.0 ], [ 165.759259259259238, -45.0 ], [ 170.777777777777743, -45.0 ] ] ] } },
{ "type": "Feature", "properties": { "opt_id": 368 }, "geometry": { "type": "Polygon", "coordinates": [ [ [ 175.796296296296276, -45.0 ], [ 175.796296296296276, -40.0 ], [ 170.777777777777771, -40.0 ], [ 170.777777777777771, -45.0 ], [ 175.796296296296276, -45.0 ] ] ] } },
{ "type": "Feature", "properties": { "opt_id": 369 }, "geometry": { "type": "Polygon", "coordinates": [ [ [ 180.814814814814781, -45.0 ], [ 180.814814814814781, -40.0 ], [ 175.796296296296276, -40.0 ], [ 175.796296296296276, -45.0 ], [ 180.814814814814781, -45.0 ] ] ] } },
{ "type": "Feature", "properties": { "opt_id": 370 }, "geometry": { "type": "Polygon", "coordinates": [ [ [ 0.148148148148144, -50.0 ], [ 0.148148148148144, -45.0 ], [ -4.870370370370374, -45.0 ], [ -4.870370370370374, -50.0 ], [ 0.148148148148144, -50.0 ] ] ] } },
{ "type": "Feature", "properties": { "opt_id": 371 }, "geometry": { "type": "Polygon", "coordinates": [ [ [ 20.222222222222221, -50.0 ], [ 20.222222222222221, -45.0 ], [ 15.203703703703702, -45.0 ], [ 15.203703703703702, -50.0 ], [ 20.222222222222221, -50.0 ] ] ] } },
{ "type": "Feature", "properties": { "opt_id": 372 }, "geometry": { "type": "Polygon", "coordinates": [ [ [ 40.296296296296291, -50.0 ], [ 40.296296296296291, -45.0 ], [ 35.277777777777771, -45.0 ], [ 35.277777777777771, -50.0 ], [ 40.296296296296291, -50.0 ] ] ] } },
{ "type": "Feature", "properties": { "opt_id": 373 }, "geometry": { "type": "Polygon", "coordinates": [ [ [ 45.31481481481481, -50.0 ], [ 45.31481481481481, -45.0 ], [ 40.296296296296291, -45.0 ], [ 40.296296296296291, -50.0 ], [ 45.31481481481481, -50.0 ] ] ] } },
{ "type": "Feature", "properties": { "opt_id": 374 }, "geometry": { "type": "Polygon", "coordinates": [ [ [ 55.351851851851848, -50.0 ], [ 55.351851851851848, -45.0 ], [ 50.333333333333329, -45.0 ], [ 50.333333333333329, -50.0 ], [ 55.351851851851848, -50.0 ] ] ] } },
{ "type": "Feature", "properties": { "opt_id": 375 }, "geometry": { "type": "Polygon", "coordinates": [ [ [ 60.370370370370367, -50.0 ], [ 60.370370370370367, -45.0 ], [ 55.351851851851848, -45.0 ], [ 55.351851851851848, -50.0 ], [ 60.370370370370367, -50.0 ] ] ] } },
{ "type": "Feature", "properties": { "opt_id": 376 }, "geometry": { "type": "Polygon", "coordinates": [ [ [ 65.388888888888886, -50.0 ], [ 65.388888888888886, -45.0 ], [ 60.370370370370367, -45.0 ], [ 60.370370370370367, -50.0 ], [ 65.388888888888886, -50.0 ] ] ] } },
{ "type": "Feature", "properties": { "opt_id": 377 }, "geometry": { "type": "Polygon", "coordinates": [ [ [ 70.407407407407405, -50.0 ], [ 70.407407407407405, -45.0 ], [ 65.388888888888886, -45.0 ], [ 65.388888888888886, -50.0 ], [ 70.407407407407405, -50.0 ] ] ] } },
{ "type": "Feature", "properties": { "opt_id": 378 }, "geometry": { "type": "Polygon", "coordinates": [ [ [ 75.425925925925924, -50.0 ], [ 75.425925925925924, -45.0 ], [ 70.407407407407405, -45.0 ], [ 70.407407407407405, -50.0 ], [ 75.425925925925924, -50.0 ] ] ] } },
{ "type": "Feature", "properties": { "opt_id": 379 }, "geometry": { "type": "Polygon", "coordinates": [ [ [ 80.444444444444443, -50.0 ], [ 80.444444444444443, -45.0 ], [ 75.425925925925924, -45.0 ], [ 75.425925925925924, -50.0 ], [ 80.444444444444443, -50.0 ] ] ] } },
{ "type": "Feature", "properties": { "opt_id": 380 }, "geometry": { "type": "Polygon", "coordinates": [ [ [ 85.462962962962948, -50.0 ], [ 85.462962962962948, -45.0 ], [ 80.444444444444429, -45.0 ], [ 80.444444444444429, -50.0 ], [ 85.462962962962948, -50.0 ] ] ] } },
{ "type": "Feature", "properties": { "opt_id": 381 }, "geometry": { "type": "Polygon", "coordinates": [ [ [ 110.555555555555557, -50.0 ], [ 110.555555555555557, -45.0 ], [ 105.537037037037038, -45.0 ], [ 105.537037037037038, -50.0 ], [ 110.555555555555557, -50.0 ] ] ] } },
{ "type": "Feature", "properties": { "opt_id": 382 }, "geometry": { "type": "Polygon", "coordinates": [ [ [ 125.6111111111111, -50.0 ], [ 125.6111111111111, -45.0 ], [ 120.592592592592581, -45.0 ], [ 120.592592592592581, -50.0 ], [ 125.6111111111111, -50.0 ] ] ] } },
{ "type": "Feature", "properties": { "opt_id": 383 }, "geometry": { "type": "Polygon", "coordinates": [ [ [ 130.629629629629591, -50.0 ], [ 130.629629629629591, -45.0 ], [ 125.611111111111086, -45.0 ], [ 125.611111111111086, -50.0 ], [ 130.629629629629591, -50.0 ] ] ] } },
{ "type": "Feature", "properties": { "opt_id": 384 }, "geometry": { "type": "Polygon", "coordinates": [ [ [ 135.648148148148124, -50.0 ], [ 135.648148148148124, -45.0 ], [ 130.629629629629619, -45.0 ], [ 130.629629629629619, -50.0 ], [ 135.648148148148124, -50.0 ] ] ] } },
{ "type": "Feature", "properties": { "opt_id": 385 }, "geometry": { "type": "Polygon", "coordinates": [ [ [ 140.666666666666629, -50.0 ], [ 140.666666666666629, -45.0 ], [ 135.648148148148124, -45.0 ], [ 135.648148148148124, -50.0 ], [ 140.666666666666629, -50.0 ] ] ] } },
{ "type": "Feature", "properties": { "opt_id": 386 }, "geometry": { "type": "Polygon", "coordinates": [ [ [ 145.685185185185162, -50.0 ], [ 145.685185185185162, -45.0 ], [ 140.666666666666657, -45.0 ], [ 140.666666666666657, -50.0 ], [ 145.685185185185162, -50.0 ] ] ] } },
{ "type": "Feature", "properties": { "opt_id": 387 }, "geometry": { "type": "Polygon", "coordinates": [ [ [ 150.703703703703667, -50.0 ], [ 150.703703703703667, -45.0 ], [ 145.685185185185162, -45.0 ], [ 145.685185185185162, -50.0 ], [ 150.703703703703667, -50.0 ] ] ] } },
{ "type": "Feature", "properties": { "opt_id": 388 }, "geometry": { "type": "Polygon", "coordinates": [ [ [ 155.7222222222222, -50.0 ], [ 155.7222222222222, -45.0 ], [ 150.703703703703695, -45.0 ], [ 150.703703703703695, -50.0 ], [ 155.7222222222222, -50.0 ] ] ] } },
{ "type": "Feature", "properties": { "opt_id": 389 }, "geometry": { "type": "Polygon", "coordinates": [ [ [ 165.759259259259238, -50.0 ], [ 165.759259259259238, -45.0 ], [ 160.740740740740733, -45.0 ], [ 160.740740740740733, -50.0 ], [ 165.759259259259238, -50.0 ] ] ] } },
{ "type": "Feature", "properties": { "opt_id": 390 }, "geometry": { "type": "Polygon", "coordinates": [ [ [ 170.777777777777743, -50.0 ], [ 170.777777777777743, -45.0 ], [ 165.759259259259238, -45.0 ], [ 165.759259259259238, -50.0 ], [ 170.777777777777743, -50.0 ] ] ] } },
{ "type": "Feature", "properties": { "opt_id": 391 }, "geometry": { "type": "Polygon", "coordinates": [ [ [ 175.796296296296276, -50.0 ], [ 175.796296296296276, -45.0 ], [ 170.777777777777771, -45.0 ], [ 170.777777777777771, -50.0 ], [ 175.796296296296276, -50.0 ] ] ] } },
{ "type": "Feature", "properties": { "opt_id": 392 }, "geometry": { "type": "Polygon", "coordinates": [ [ [ 180.814814814814781, -50.0 ], [ 180.814814814814781, -45.0 ], [ 175.796296296296276, -45.0 ], [ 175.796296296296276, -50.0 ], [ 180.814814814814781, -50.0 ] ] ] } },
{ "type": "Feature", "properties": { "opt_id": 393 }, "geometry": { "type": "Polygon", "coordinates": [ [ [ 185.833333333333314, -50.0 ], [ 185.833333333333314, -45.0 ], [ 180.81481481481481, -45.0 ], [ 180.81481481481481, -50.0 ], [ 185.833333333333314, -50.0 ] ] ] } },
{ "type": "Feature", "properties": { "opt_id": 394 }, "geometry": { "type": "Polygon", "coordinates": [ [ [ 190.851851851851819, -50.0 ], [ 190.851851851851819, -45.0 ], [ 185.833333333333314, -45.0 ], [ 185.833333333333314, -50.0 ], [ 190.851851851851819, -50.0 ] ] ] } },
{ "type": "Feature", "properties": { "opt_id": 395 }, "geometry": { "type": "Polygon", "coordinates": [ [ [ 0.148148148148144, -55.0 ], [ 0.148148148148144, -50.0 ], [ -4.870370370370374, -50.0 ], [ -4.870370370370374, -55.0 ], [ 0.148148148148144, -55.0 ] ] ] } },
{ "type": "Feature", "properties": { "opt_id": 396 }, "geometry": { "type": "Polygon", "coordinates": [ [ [ 20.222222222222221, -55.0 ], [ 20.222222222222221, -50.0 ], [ 15.203703703703702, -50.0 ], [ 15.203703703703702, -55.0 ], [ 20.222222222222221, -55.0 ] ] ] } },
{ "type": "Feature", "properties": { "opt_id": 397 }, "geometry": { "type": "Polygon", "coordinates": [ [ [ 40.296296296296291, -55.0 ], [ 40.296296296296291, -50.0 ], [ 35.277777777777771, -50.0 ], [ 35.277777777777771, -55.0 ], [ 40.296296296296291, -55.0 ] ] ] } },
{ "type": "Feature", "properties": { "opt_id": 398 }, "geometry": { "type": "Polygon", "coordinates": [ [ [ 45.31481481481481, -55.0 ], [ 45.31481481481481, -50.0 ], [ 40.296296296296291, -50.0 ], [ 40.296296296296291, -55.0 ], [ 45.31481481481481, -55.0 ] ] ] } },
{ "type": "Feature", "properties": { "opt_id": 399 }, "geometry": { "type": "Polygon", "coordinates": [ [ [ 55.351851851851848, -55.0 ], [ 55.351851851851848, -50.0 ], [ 50.333333333333329, -50.0 ], [ 50.333333333333329, -55.0 ], [ 55.351851851851848, -55.0 ] ] ] } },
{ "type": "Feature", "properties": { "opt_id": 400 }, "geometry": { "type": "Polygon", "coordinates": [ [ [ 60.370370370370367, -55.0 ], [ 60.370370370370367, -50.0 ], [ 55.351851851851848, -50.0 ], [ 55.351851851851848, -55.0 ], [ 60.370370370370367, -55.0 ] ] ] } },
{ "type": "Feature", "properties": { "opt_id": 401 }, "geometry": { "type": "Polygon", "coordinates": [ [ [ 65.388888888888886, -55.0 ], [ 65.388888888888886, -50.0 ], [ 60.370370370370367, -50.0 ], [ 60.370370370370367, -55.0 ], [ 65.388888888888886, -55.0 ] ] ] } },
{ "type": "Feature", "properties": { "opt_id": 402 }, "geometry": { "type": "Polygon", "coordinates": [ [ [ 70.407407407407405, -55.0 ], [ 70.407407407407405, -50.0 ], [ 65.388888888888886, -50.0 ], [ 65.388888888888886, -55.0 ], [ 70.407407407407405, -55.0 ] ] ] } },
{ "type": "Feature", "properties": { "opt_id": 403 }, "geometry": { "type": "Polygon", "coordinates": [ [ [ 75.425925925925924, -55.0 ], [ 75.425925925925924, -50.0 ], [ 70.407407407407405, -50.0 ], [ 70.407407407407405, -55.0 ], [ 75.425925925925924, -55.0 ] ] ] } },
{ "type": "Feature", "properties": { "opt_id": 404 }, "geometry": { "type": "Polygon", "coordinates": [ [ [ 80.444444444444443, -55.0 ], [ 80.444444444444443, -50.0 ], [ 75.425925925925924, -50.0 ], [ 75.425925925925924, -55.0 ], [ 80.444444444444443, -55.0 ] ] ] } },
{ "type": "Feature", "properties": { "opt_id": 405 }, "geometry": { "type": "Polygon", "coordinates": [ [ [ 85.462962962962948, -55.0 ], [ 85.462962962962948, -50.0 ], [ 80.444444444444429, -50.0 ], [ 80.444444444444429, -55.0 ], [ 85.462962962962948, -55.0 ] ] ] } },
{ "type": "Feature", "properties": { "opt_id": 406 }, "geometry": { "type": "Polygon", "coordinates": [ [ [ 110.555555555555557, -55.0 ], [ 110.555555555555557, -50.0 ], [ 105.537037037037038, -50.0 ], [ 105.537037037037038, -55.0 ], [ 110.555555555555557, -55.0 ] ] ] } },
{ "type": "Feature", "properties": { "opt_id": 407 }, "geometry": { "type": "Polygon", "coordinates": [ [ [ 140.666666666666629, -55.0 ], [ 140.666666666666629, -50.0 ], [ 135.648148148148124, -50.0 ], [ 135.648148148148124, -55.0 ], [ 140.666666666666629, -55.0 ] ] ] } },
{ "type": "Feature", "properties": { "opt_id": 408 }, "geometry": { "type": "Polygon", "coordinates": [ [ [ 165.759259259259238, -55.0 ], [ 165.759259259259238, -50.0 ], [ 160.740740740740733, -50.0 ], [ 160.740740740740733, -55.0 ], [ 165.759259259259238, -55.0 ] ] ] } },
{ "type": "Feature", "properties": { "opt_id": 409 }, "geometry": { "type": "Polygon", "coordinates": [ [ [ 170.777777777777743, -55.0 ], [ 170.777777777777743, -50.0 ], [ 165.759259259259238, -50.0 ], [ 165.759259259259238, -55.0 ], [ 170.777777777777743, -55.0 ] ] ] } },
{ "type": "Feature", "properties": { "opt_id": 410 }, "geometry": { "type": "Polygon", "coordinates": [ [ [ 175.796296296296276, -55.0 ], [ 175.796296296296276, -50.0 ], [ 170.777777777777771, -50.0 ], [ 170.777777777777771, -55.0 ], [ 175.796296296296276, -55.0 ] ] ] } },
{ "type": "Feature", "properties": { "opt_id": 411 }, "geometry": { "type": "Polygon", "coordinates": [ [ [ 180.814814814814781, -55.0 ], [ 180.814814814814781, -50.0 ], [ 175.796296296296276, -50.0 ], [ 175.796296296296276, -55.0 ], [ 180.814814814814781, -55.0 ] ] ] } },
{ "type": "Feature", "properties": { "opt_id": 412 }, "geometry": { "type": "Polygon", "coordinates": [ [ [ 185.833333333333314, -55.0 ], [ 185.833333333333314, -50.0 ], [ 180.81481481481481, -50.0 ], [ 180.81481481481481, -55.0 ], [ 185.833333333333314, -55.0 ] ] ] } },
{ "type": "Feature", "properties": { "opt_id": 413 }, "geometry": { "type": "Polygon", "coordinates": [ [ [ 0.148148148148144, -60.0 ], [ 0.148148148148144, -55.0 ], [ -4.870370370370374, -55.0 ], [ -4.870370370370374, -60.0 ], [ 0.148148148148144, -60.0 ] ] ] } },
{ "type": "Feature", "properties": { "opt_id": 414 }, "geometry": { "type": "Polygon", "coordinates": [ [ [ 20.222222222222221, -60.0 ], [ 20.222222222222221, -55.0 ], [ 15.203703703703702, -55.0 ], [ 15.203703703703702, -60.0 ], [ 20.222222222222221, -60.0 ] ] ] } },
{ "type": "Feature", "properties": { "opt_id": 415 }, "geometry": { "type": "Polygon", "coordinates": [ [ [ 40.296296296296291, -60.0 ], [ 40.296296296296291, -55.0 ], [ 35.277777777777771, -55.0 ], [ 35.277777777777771, -60.0 ], [ 40.296296296296291, -60.0 ] ] ] } },
{ "type": "Feature", "properties": { "opt_id": 416 }, "geometry": { "type": "Polygon", "coordinates": [ [ [ 45.31481481481481, -60.0 ], [ 45.31481481481481, -55.0 ], [ 40.296296296296291, -55.0 ], [ 40.296296296296291, -60.0 ], [ 45.31481481481481, -60.0 ] ] ] } },
{ "type": "Feature", "properties": { "opt_id": 417 }, "geometry": { "type": "Polygon", "coordinates": [ [ [ 55.351851851851848, -60.0 ], [ 55.351851851851848, -55.0 ], [ 50.333333333333329, -55.0 ], [ 50.333333333333329, -60.0 ], [ 55.351851851851848, -60.0 ] ] ] } },
{ "type": "Feature", "properties": { "opt_id": 418 }, "geometry": { "type": "Polygon", "coordinates": [ [ [ 60.370370370370367, -60.0 ], [ 60.370370370370367, -55.0 ], [ 55.351851851851848, -55.0 ], [ 55.351851851851848, -60.0 ], [ 60.370370370370367, -60.0 ] ] ] } },
{ "type": "Feature", "properties": { "opt_id": 419 }, "geometry": { "type": "Polygon", "coordinates": [ [ [ 75.425925925925924, -60.0 ], [ 75.425925925925924, -55.0 ], [ 70.407407407407405, -55.0 ], [ 70.407407407407405, -60.0 ], [ 75.425925925925924, -60.0 ] ] ] } },
{ "type": "Feature", "properties": { "opt_id": 420 }, "geometry": { "type": "Polygon", "coordinates": [ [ [ 80.444444444444443, -60.0 ], [ 80.444444444444443, -55.0 ], [ 75.425925925925924, -55.0 ], [ 75.425925925925924, -60.0 ], [ 80.444444444444443, -60.0 ] ] ] } },
{ "type": "Feature", "properties": { "opt_id": 421 }, "geometry": { "type": "Polygon", "coordinates": [ [ [ 85.462962962962948, -60.0 ], [ 85.462962962962948, -55.0 ], [ 80.444444444444429, -55.0 ], [ 80.444444444444429, -60.0 ], [ 85.462962962962948, -60.0 ] ] ] } },
{ "type": "Feature", "properties": { "opt_id": 422 }, "geometry": { "type": "Polygon", "coordinates": [ [ [ 110.555555555555557, -60.0 ], [ 110.555555555555557, -55.0 ], [ 105.537037037037038, -55.0 ], [ 105.537037037037038, -60.0 ], [ 110.555555555555557, -60.0 ] ] ] } },
{ "type": "Feature", "properties": { "opt_id": 423 }, "geometry": { "type": "Polygon", "coordinates": [ [ [ 140.666666666666629, -60.0 ], [ 140.666666666666629, -55.0 ], [ 135.648148148148124, -55.0 ], [ 135.648148148148124, -60.0 ], [ 140.666666666666629, -60.0 ] ] ] } },
{ "type": "Feature", "properties": { "opt_id": 424 }, "geometry": { "type": "Polygon", "coordinates": [ [ [ 0.148148148148144, -65.0 ], [ 0.148148148148144, -60.0 ], [ -4.870370370370374, -60.0 ], [ -4.870370370370374, -65.0 ], [ 0.148148148148144, -65.0 ] ] ] } },
{ "type": "Feature", "properties": { "opt_id": 425 }, "geometry": { "type": "Polygon", "coordinates": [ [ [ 20.222222222222221, -65.0 ], [ 20.222222222222221, -60.0 ], [ 15.203703703703702, -60.0 ], [ 15.203703703703702, -65.0 ], [ 20.222222222222221, -65.0 ] ] ] } },
{ "type": "Feature", "properties": { "opt_id": 426 }, "geometry": { "type": "Polygon", "coordinates": [ [ [ 40.296296296296291, -65.0 ], [ 40.296296296296291, -60.0 ], [ 35.277777777777771, -60.0 ], [ 35.277777777777771, -65.0 ], [ 40.296296296296291, -65.0 ] ] ] } },
{ "type": "Feature", "properties": { "opt_id": 427 }, "geometry": { "type": "Polygon", "coordinates": [ [ [ 45.31481481481481, -65.0 ], [ 45.31481481481481, -60.0 ], [ 40.296296296296291, -60.0 ], [ 40.296296296296291, -65.0 ], [ 45.31481481481481, -65.0 ] ] ] } },
{ "type": "Feature", "properties": { "opt_id": 428 }, "geometry": { "type": "Polygon", "coordinates": [ [ [ 55.351851851851848, -65.0 ], [ 55.351851851851848, -60.0 ], [ 50.333333333333329, -60.0 ], [ 50.333333333333329, -65.0 ], [ 55.351851851851848, -65.0 ] ] ] } },
{ "type": "Feature", "properties": { "opt_id": 429 }, "geometry": { "type": "Polygon", "coordinates": [ [ [ 60.370370370370367, -65.0 ], [ 60.370370370370367, -60.0 ], [ 55.351851851851848, -60.0 ], [ 55.351851851851848, -65.0 ], [ 60.370370370370367, -65.0 ] ] ] } },
{ "type": "Feature", "properties": { "opt_id": 430 }, "geometry": { "type": "Polygon", "coordinates": [ [ [ 75.425925925925924, -65.0 ], [ 75.425925925925924, -60.0 ], [ 70.407407407407405, -60.0 ], [ 70.407407407407405, -65.0 ], [ 75.425925925925924, -65.0 ] ] ] } },
{ "type": "Feature", "properties": { "opt_id": 431 }, "geometry": { "type": "Polygon", "coordinates": [ [ [ 80.444444444444443, -65.0 ], [ 80.444444444444443, -60.0 ], [ 75.425925925925924, -60.0 ], [ 75.425925925925924, -65.0 ], [ 80.444444444444443, -65.0 ] ] ] } },
{ "type": "Feature", "properties": { "opt_id": 432 }, "geometry": { "type": "Polygon", "coordinates": [ [ [ 85.462962962962948, -65.0 ], [ 85.462962962962948, -60.0 ], [ 80.444444444444429, -60.0 ], [ 80.444444444444429, -65.0 ], [ 85.462962962962948, -65.0 ] ] ] } },
{ "type": "Feature", "properties": { "opt_id": 433 }, "geometry": { "type": "Polygon", "coordinates": [ [ [ 110.555555555555557, -65.0 ], [ 110.555555555555557, -60.0 ], [ 105.537037037037038, -60.0 ], [ 105.537037037037038, -65.0 ], [ 110.555555555555557, -65.0 ] ] ] } },
{ "type": "Feature", "properties": { "opt_id": 434 }, "geometry": { "type": "Polygon", "coordinates": [ [ [ 140.666666666666629, -65.0 ], [ 140.666666666666629, -60.0 ], [ 135.648148148148124, -60.0 ], [ 135.648148148148124, -65.0 ], [ 140.666666666666629, -65.0 ] ] ] } },
{ "type": "Feature", "properties": { "opt_id": 435 }, "geometry": { "type": "Polygon", "coordinates": [ [ [ 0.148148148148144, -70.0 ], [ 0.148148148148144, -65.0 ], [ -4.870370370370374, -65.0 ], [ -4.870370370370374, -70.0 ], [ 0.148148148148144, -70.0 ] ] ] } },
{ "type": "Feature", "properties": { "opt_id": 436 }, "geometry": { "type": "Polygon", "coordinates": [ [ [ 35.277777777777771, -70.0 ], [ 35.277777777777771, -65.0 ], [ 30.259259259259252, -65.0 ], [ 30.259259259259252, -70.0 ], [ 35.277777777777771, -70.0 ] ] ] } },
{ "type": "Feature", "properties": { "opt_id": 437 }, "geometry": { "type": "Polygon", "coordinates": [ [ [ 40.296296296296291, -70.0 ], [ 40.296296296296291, -65.0 ], [ 35.277777777777771, -65.0 ], [ 35.277777777777771, -70.0 ], [ 40.296296296296291, -70.0 ] ] ] } },
{ "type": "Feature", "properties": { "opt_id": 438 }, "geometry": { "type": "Polygon", "coordinates": [ [ [ 45.31481481481481, -70.0 ], [ 45.31481481481481, -65.0 ], [ 40.296296296296291, -65.0 ], [ 40.296296296296291, -70.0 ], [ 45.31481481481481, -70.0 ] ] ] } },
{ "type": "Feature", "properties": { "opt_id": 439 }, "geometry": { "type": "Polygon", "coordinates": [ [ [ 55.351851851851848, -70.0 ], [ 55.351851851851848, -65.0 ], [ 50.333333333333329, -65.0 ], [ 50.333333333333329, -70.0 ], [ 55.351851851851848, -70.0 ] ] ] } },
{ "type": "Feature", "properties": { "opt_id": 440 }, "geometry": { "type": "Polygon", "coordinates": [ [ [ 60.370370370370367, -70.0 ], [ 60.370370370370367, -65.0 ], [ 55.351851851851848, -65.0 ], [ 55.351851851851848, -70.0 ], [ 60.370370370370367, -70.0 ] ] ] } },
{ "type": "Feature", "properties": { "opt_id": 441 }, "geometry": { "type": "Polygon", "coordinates": [ [ [ 75.425925925925924, -70.0 ], [ 75.425925925925924, -65.0 ], [ 70.407407407407405, -65.0 ], [ 70.407407407407405, -70.0 ], [ 75.425925925925924, -70.0 ] ] ] } },
{ "type": "Feature", "properties": { "opt_id": 442 }, "geometry": { "type": "Polygon", "coordinates": [ [ [ 80.444444444444443, -70.0 ], [ 80.444444444444443, -65.0 ], [ 75.425925925925924, -65.0 ], [ 75.425925925925924, -70.0 ], [ 80.444444444444443, -70.0 ] ] ] } },
{ "type": "Feature", "properties": { "opt_id": 443 }, "geometry": { "type": "Polygon", "coordinates": [ [ [ 85.462962962962948, -70.0 ], [ 85.462962962962948, -65.0 ], [ 80.444444444444429, -65.0 ], [ 80.444444444444429, -70.0 ], [ 85.462962962962948, -70.0 ] ] ] } },
{ "type": "Feature", "properties": { "opt_id": 444 }, "geometry": { "type": "Polygon", "coordinates": [ [ [ 110.555555555555557, -70.0 ], [ 110.555555555555557, -65.0 ], [ 105.537037037037038, -65.0 ], [ 105.537037037037038, -70.0 ], [ 110.555555555555557, -70.0 ] ] ] } },
{ "type": "Feature", "properties": { "opt_id": 445 }, "geometry": { "type": "Polygon", "coordinates": [ [ [ 140.666666666666629, -70.0 ], [ 140.666666666666629, -65.0 ], [ 135.648148148148124, -65.0 ], [ 135.648148148148124, -70.0 ], [ 140.666666666666629, -70.0 ] ] ] } },
{ "type": "Feature", "properties": { "opt_id": 446 }, "geometry": { "type": "Polygon", "coordinates": [ [ [ 165.759259259259238, -70.0 ], [ 165.759259259259238, -65.0 ], [ 160.740740740740733, -65.0 ], [ 160.740740740740733, -70.0 ], [ 165.759259259259238, -70.0 ] ] ] } },
{ "type": "Feature", "properties": { "opt_id": 447 }, "geometry": { "type": "Polygon", "coordinates": [ [ [ 170.777777777777743, -70.0 ], [ 170.777777777777743, -65.0 ], [ 165.759259259259238, -65.0 ], [ 165.759259259259238, -70.0 ], [ 170.777777777777743, -70.0 ] ] ] } },
{ "type": "Feature", "properties": { "opt_id": 448 }, "geometry": { "type": "Polygon", "coordinates": [ [ [ 175.796296296296276, -70.0 ], [ 175.796296296296276, -65.0 ], [ 170.777777777777771, -65.0 ], [ 170.777777777777771, -70.0 ], [ 175.796296296296276, -70.0 ] ] ] } },
{ "type": "Feature", "properties": { "opt_id": 449 }, "geometry": { "type": "Polygon", "coordinates": [ [ [ 180.814814814814781, -70.0 ], [ 180.814814814814781, -65.0 ], [ 175.796296296296276, -65.0 ], [ 175.796296296296276, -70.0 ], [ 180.814814814814781, -70.0 ] ] ] } },
{ "type": "Feature", "properties": { "opt_id": 450 }, "geometry": { "type": "Polygon", "coordinates": [ [ [ 185.833333333333314, -70.0 ], [ 185.833333333333314, -65.0 ], [ 180.81481481481481, -65.0 ], [ 180.81481481481481, -70.0 ], [ 185.833333333333314, -70.0 ] ] ] } },
{ "type": "Feature", "properties": { "opt_id": 451 }, "geometry": { "type": "Polygon", "coordinates": [ [ [ 0.148148148148144, -75.0 ], [ 0.148148148148144, -70.0 ], [ -4.870370370370374, -70.0 ], [ -4.870370370370374, -75.0 ], [ 0.148148148148144, -75.0 ] ] ] } },
{ "type": "Feature", "properties": { "opt_id": 452 }, "geometry": { "type": "Polygon", "coordinates": [ [ [ 35.277777777777771, -75.0 ], [ 35.277777777777771, -70.0 ], [ 30.259259259259252, -70.0 ], [ 30.259259259259252, -75.0 ], [ 35.277777777777771, -75.0 ] ] ] } },
{ "type": "Feature", "properties": { "opt_id": 453 }, "geometry": { "type": "Polygon", "coordinates": [ [ [ 40.296296296296291, -75.0 ], [ 40.296296296296291, -70.0 ], [ 35.277777777777771, -70.0 ], [ 35.277777777777771, -75.0 ], [ 40.296296296296291, -75.0 ] ] ] } },
{ "type": "Feature", "properties": { "opt_id": 454 }, "geometry": { "type": "Polygon", "coordinates": [ [ [ 45.31481481481481, -75.0 ], [ 45.31481481481481, -70.0 ], [ 40.296296296296291, -70.0 ], [ 40.296296296296291, -75.0 ], [ 45.31481481481481, -75.0 ] ] ] } },
{ "type": "Feature", "properties": { "opt_id": 455 }, "geometry": { "type": "Polygon", "coordinates": [ [ [ 55.351851851851848, -75.0 ], [ 55.351851851851848, -70.0 ], [ 50.333333333333329, -70.0 ], [ 50.333333333333329, -75.0 ], [ 55.351851851851848, -75.0 ] ] ] } },
{ "type": "Feature", "properties": { "opt_id": 456 }, "geometry": { "type": "Polygon", "coordinates": [ [ [ 60.370370370370367, -75.0 ], [ 60.370370370370367, -70.0 ], [ 55.351851851851848, -70.0 ], [ 55.351851851851848, -75.0 ], [ 60.370370370370367, -75.0 ] ] ] } },
{ "type": "Feature", "properties": { "opt_id": 457 }, "geometry": { "type": "Polygon", "coordinates": [ [ [ 75.425925925925924, -75.0 ], [ 75.425925925925924, -70.0 ], [ 70.407407407407405, -70.0 ], [ 70.407407407407405, -75.0 ], [ 75.425925925925924, -75.0 ] ] ] } },
{ "type": "Feature", "properties": { "opt_id": 458 }, "geometry": { "type": "Polygon", "coordinates": [ [ [ 80.444444444444443, -75.0 ], [ 80.444444444444443, -70.0 ], [ 75.425925925925924, -70.0 ], [ 75.425925925925924, -75.0 ], [ 80.444444444444443, -75.0 ] ] ] } },
{ "type": "Feature", "properties": { "opt_id": 459 }, "geometry": { "type": "Polygon", "coordinates": [ [ [ 85.462962962962948, -75.0 ], [ 85.462962962962948, -70.0 ], [ 80.444444444444429, -70.0 ], [ 80.444444444444429, -75.0 ], [ 85.462962962962948, -75.0 ] ] ] } },
{ "type": "Feature", "properties": { "opt_id": 460 }, "geometry": { "type": "Polygon", "coordinates": [ [ [ 110.555555555555557, -75.0 ], [ 110.555555555555557, -70.0 ], [ 105.537037037037038, -70.0 ], [ 105.537037037037038, -75.0 ], [ 110.555555555555557, -75.0 ] ] ] } },
{ "type": "Feature", "properties": { "opt_id": 461 }, "geometry": { "type": "Polygon", "coordinates": [ [ [ 115.574074074074062, -75.0 ], [ 115.574074074074062, -70.0 ], [ 110.555555555555543, -70.0 ], [ 110.555555555555543, -75.0 ], [ 115.574074074074062, -75.0 ] ] ] } },
{ "type": "Feature", "properties": { "opt_id": 462 }, "geometry": { "type": "Polygon", "coordinates": [ [ [ 120.592592592592595, -75.0 ], [ 120.592592592592595, -70.0 ], [ 115.574074074074076, -70.0 ], [ 115.574074074074076, -75.0 ], [ 120.592592592592595, -75.0 ] ] ] } },
{ "type": "Feature", "properties": { "opt_id": 463 }, "geometry": { "type": "Polygon", "coordinates": [ [ [ 125.6111111111111, -75.0 ], [ 125.6111111111111, -70.0 ], [ 120.592592592592581, -70.0 ], [ 120.592592592592581, -75.0 ], [ 125.6111111111111, -75.0 ] ] ] } },
{ "type": "Feature", "properties": { "opt_id": 464 }, "geometry": { "type": "Polygon", "coordinates": [ [ [ 140.666666666666629, -75.0 ], [ 140.666666666666629, -70.0 ], [ 135.648148148148124, -70.0 ], [ 135.648148148148124, -75.0 ], [ 140.666666666666629, -75.0 ] ] ] } },
{ "type": "Feature", "properties": { "opt_id": 465 }, "geometry": { "type": "Polygon", "coordinates": [ [ [ -29.962962962962962, -80.0 ], [ -29.962962962962962, -75.0 ], [ -34.981481481481481, -75.0 ], [ -34.981481481481481, -80.0 ], [ -29.962962962962962, -80.0 ] ] ] } },
{ "type": "Feature", "properties": { "opt_id": 466 }, "geometry": { "type": "Polygon", "coordinates": [ [ [ -24.944444444444443, -80.0 ], [ -24.944444444444443, -75.0 ], [ -29.962962962962962, -75.0 ], [ -29.962962962962962, -80.0 ], [ -24.944444444444443, -80.0 ] ] ] } },
{ "type": "Feature", "properties": { "opt_id": 467 }, "geometry": { "type": "Polygon", "coordinates": [ [ [ -19.925925925925927, -80.0 ], [ -19.925925925925927, -75.0 ], [ -24.944444444444446, -75.0 ], [ -24.944444444444446, -80.0 ], [ -19.925925925925927, -80.0 ] ] ] } },
{ "type": "Feature", "properties": { "opt_id": 468 }, "geometry": { "type": "Polygon", "coordinates": [ [ [ -14.907407407407408, -80.0 ], [ -14.907407407407408, -75.0 ], [ -19.925925925925927, -75.0 ], [ -19.925925925925927, -80.0 ], [ -14.907407407407408, -80.0 ] ] ] } },
{ "type": "Feature", "properties": { "opt_id": 469 }, "geometry": { "type": "Polygon", "coordinates": [ [ [ -9.888888888888889, -80.0 ], [ -9.888888888888889, -75.0 ], [ -14.907407407407408, -75.0 ], [ -14.907407407407408, -80.0 ], [ -9.888888888888889, -80.0 ] ] ] } },
{ "type": "Feature", "properties": { "opt_id": 470 }, "geometry": { "type": "Polygon", "coordinates": [ [ [ -4.870370370370375, -80.0 ], [ -4.870370370370375, -75.0 ], [ -9.888888888888893, -75.0 ], [ -9.888888888888893, -80.0 ], [ -4.870370370370375, -80.0 ] ] ] } },
{ "type": "Feature", "properties": { "opt_id": 471 }, "geometry": { "type": "Polygon", "coordinates": [ [ [ 0.148148148148144, -80.0 ], [ 0.148148148148144, -75.0 ], [ -4.870370370370374, -75.0 ], [ -4.870370370370374, -80.0 ], [ 0.148148148148144, -80.0 ] ] ] } },
{ "type": "Feature", "properties": { "opt_id": 472 }, "geometry": { "type": "Polygon", "coordinates": [ [ [ 35.277777777777771, -80.0 ], [ 35.277777777777771, -75.0 ], [ 30.259259259259252, -75.0 ], [ 30.259259259259252, -80.0 ], [ 35.277777777777771, -80.0 ] ] ] } },
{ "type": "Feature", "properties": { "opt_id": 473 }, "geometry": { "type": "Polygon", "coordinates": [ [ [ 40.296296296296291, -80.0 ], [ 40.296296296296291, -75.0 ], [ 35.277777777777771, -75.0 ], [ 35.277777777777771, -80.0 ], [ 40.296296296296291, -80.0 ] ] ] } },
{ "type": "Feature", "properties": { "opt_id": 474 }, "geometry": { "type": "Polygon", "coordinates": [ [ [ 45.31481481481481, -80.0 ], [ 45.31481481481481, -75.0 ], [ 40.296296296296291, -75.0 ], [ 40.296296296296291, -80.0 ], [ 45.31481481481481, -80.0 ] ] ] } },
{ "type": "Feature", "properties": { "opt_id": 475 }, "geometry": { "type": "Polygon", "coordinates": [ [ [ 55.351851851851848, -80.0 ], [ 55.351851851851848, -75.0 ], [ 50.333333333333329, -75.0 ], [ 50.333333333333329, -80.0 ], [ 55.351851851851848, -80.0 ] ] ] } },
{ "type": "Feature", "properties": { "opt_id": 476 }, "geometry": { "type": "Polygon", "coordinates": [ [ [ 60.370370370370367, -80.0 ], [ 60.370370370370367, -75.0 ], [ 55.351851851851848, -75.0 ], [ 55.351851851851848, -80.0 ], [ 60.370370370370367, -80.0 ] ] ] } },
{ "type": "Feature", "properties": { "opt_id": 477 }, "geometry": { "type": "Polygon", "coordinates": [ [ [ 75.425925925925924, -80.0 ], [ 75.425925925925924, -75.0 ], [ 70.407407407407405, -75.0 ], [ 70.407407407407405, -80.0 ], [ 75.425925925925924, -80.0 ] ] ] } },
{ "type": "Feature", "properties": { "opt_id": 478 }, "geometry": { "type": "Polygon", "coordinates": [ [ [ 80.444444444444443, -80.0 ], [ 80.444444444444443, -75.0 ], [ 75.425925925925924, -75.0 ], [ 75.425925925925924, -80.0 ], [ 80.444444444444443, -80.0 ] ] ] } },
{ "type": "Feature", "properties": { "opt_id": 479 }, "geometry": { "type": "Polygon", "coordinates": [ [ [ 85.462962962962948, -80.0 ], [ 85.462962962962948, -75.0 ], [ 80.444444444444429, -75.0 ], [ 80.444444444444429, -80.0 ], [ 85.462962962962948, -80.0 ] ] ] } },
{ "type": "Feature", "properties": { "opt_id": 480 }, "geometry": { "type": "Polygon", "coordinates": [ [ [ 110.555555555555557, -80.0 ], [ 110.555555555555557, -75.0 ], [ 105.537037037037038, -75.0 ], [ 105.537037037037038, -80.0 ], [ 110.555555555555557, -80.0 ] ] ] } },
{ "type": "Feature", "properties": { "opt_id": 481 }, "geometry": { "type": "Polygon", "coordinates": [ [ [ 115.574074074074062, -80.0 ], [ 115.574074074074062, -75.0 ], [ 110.555555555555543, -75.0 ], [ 110.555555555555543, -80.0 ], [ 115.574074074074062, -80.0 ] ] ] } },
{ "type": "Feature", "properties": { "opt_id": 482 }, "geometry": { "type": "Polygon", "coordinates": [ [ [ 120.592592592592595, -80.0 ], [ 120.592592592592595, -75.0 ], [ 115.574074074074076, -75.0 ], [ 115.574074074074076, -80.0 ], [ 120.592592592592595, -80.0 ] ] ] } },
{ "type": "Feature", "properties": { "opt_id": 483 }, "geometry": { "type": "Polygon", "coordinates": [ [ [ 125.6111111111111, -80.0 ], [ 125.6111111111111, -75.0 ], [ 120.592592592592581, -75.0 ], [ 120.592592592592581, -80.0 ], [ 125.6111111111111, -80.0 ] ] ] } },
{ "type": "Feature", "properties": { "opt_id": 484 }, "geometry": { "type": "Polygon", "coordinates": [ [ [ 140.666666666666629, -80.0 ], [ 140.666666666666629, -75.0 ], [ 135.648148148148124, -75.0 ], [ 135.648148148148124, -80.0 ], [ 140.666666666666629, -80.0 ] ] ] } },
{ "type": "Feature", "properties": { "opt_id": 485 }, "geometry": { "type": "Polygon", "coordinates": [ [ [ -29.962962962962962, -85.0 ], [ -29.962962962962962, -80.0 ], [ -34.981481481481481, -80.0 ], [ -34.981481481481481, -85.0 ], [ -29.962962962962962, -85.0 ] ] ] } },
{ "type": "Feature", "properties": { "opt_id": 486 }, "geometry": { "type": "Polygon", "coordinates": [ [ [ -24.944444444444443, -85.0 ], [ -24.944444444444443, -80.0 ], [ -29.962962962962962, -80.0 ], [ -29.962962962962962, -85.0 ], [ -24.944444444444443, -85.0 ] ] ] } },
{ "type": "Feature", "properties": { "opt_id": 487 }, "geometry": { "type": "Polygon", "coordinates": [ [ [ -19.925925925925927, -85.0 ], [ -19.925925925925927, -80.0 ], [ -24.944444444444446, -80.0 ], [ -24.944444444444446, -85.0 ], [ -19.925925925925927, -85.0 ] ] ] } },
{ "type": "Feature", "properties": { "opt_id": 488 }, "geometry": { "type": "Polygon", "coordinates": [ [ [ -14.907407407407408, -85.0 ], [ -14.907407407407408, -80.0 ], [ -19.925925925925927, -80.0 ], [ -19.925925925925927, -85.0 ], [ -14.907407407407408, -85.0 ] ] ] } },
{ "type": "Feature", "properties": { "opt_id": 489 }, "geometry": { "type": "Polygon", "coordinates": [ [ [ -9.888888888888889, -85.0 ], [ -9.888888888888889, -80.0 ], [ -14.907407407407408, -80.0 ], [ -14.907407407407408, -85.0 ], [ -9.888888888888889, -85.0 ] ] ] } },
{ "type": "Feature", "properties": { "opt_id": 490 }, "geometry": { "type": "Polygon", "coordinates": [ [ [ -4.870370370370375, -85.0 ], [ -4.870370370370375, -80.0 ], [ -9.888888888888893, -80.0 ], [ -9.888888888888893, -85.0 ], [ -4.870370370370375, -85.0 ] ] ] } },
{ "type": "Feature", "properties": { "opt_id": 491 }, "geometry": { "type": "Polygon", "coordinates": [ [ [ 0.148148148148144, -85.0 ], [ 0.148148148148144, -80.0 ], [ -4.870370370370374, -80.0 ], [ -4.870370370370374, -85.0 ], [ 0.148148148148144, -85.0 ] ] ] } },
{ "type": "Feature", "properties": { "opt_id": 492 }, "geometry": { "type": "Polygon", "coordinates": [ [ [ 35.277777777777771, -85.0 ], [ 35.277777777777771, -80.0 ], [ 30.259259259259252, -80.0 ], [ 30.259259259259252, -85.0 ], [ 35.277777777777771, -85.0 ] ] ] } },
{ "type": "Feature", "properties": { "opt_id": 493 }, "geometry": { "type": "Polygon", "coordinates": [ [ [ 40.296296296296291, -85.0 ], [ 40.296296296296291, -80.0 ], [ 35.277777777777771, -80.0 ], [ 35.277777777777771, -85.0 ], [ 40.296296296296291, -85.0 ] ] ] } },
{ "type": "Feature", "properties": { "opt_id": 494 }, "geometry": { "type": "Polygon", "coordinates": [ [ [ 45.31481481481481, -85.0 ], [ 45.31481481481481, -80.0 ], [ 40.296296296296291, -80.0 ], [ 40.296296296296291, -85.0 ], [ 45.31481481481481, -85.0 ] ] ] } },
{ "type": "Feature", "properties": { "opt_id": 495 }, "geometry": { "type": "Polygon", "coordinates": [ [ [ 55.351851851851848, -85.0 ], [ 55.351851851851848, -80.0 ], [ 50.333333333333329, -80.0 ], [ 50.333333333333329, -85.0 ], [ 55.351851851851848, -85.0 ] ] ] } },
{ "type": "Feature", "properties": { "opt_id": 496 }, "geometry": { "type": "Polygon", "coordinates": [ [ [ 60.370370370370367, -85.0 ], [ 60.370370370370367, -80.0 ], [ 55.351851851851848, -80.0 ], [ 55.351851851851848, -85.0 ], [ 60.370370370370367, -85.0 ] ] ] } },
{ "type": "Feature", "properties": { "opt_id": 497 }, "geometry": { "type": "Polygon", "coordinates": [ [ [ 65.388888888888886, -85.0 ], [ 65.388888888888886, -80.0 ], [ 60.370370370370367, -80.0 ], [ 60.370370370370367, -85.0 ], [ 65.388888888888886, -85.0 ] ] ] } },
{ "type": "Feature", "properties": { "opt_id": 498 }, "geometry": { "type": "Polygon", "coordinates": [ [ [ 70.407407407407405, -85.0 ], [ 70.407407407407405, -80.0 ], [ 65.388888888888886, -80.0 ], [ 65.388888888888886, -85.0 ], [ 70.407407407407405, -85.0 ] ] ] } },
{ "type": "Feature", "properties": { "opt_id": 499 }, "geometry": { "type": "Polygon", "coordinates": [ [ [ 75.425925925925924, -85.0 ], [ 75.425925925925924, -80.0 ], [ 70.407407407407405, -80.0 ], [ 70.407407407407405, -85.0 ], [ 75.425925925925924, -85.0 ] ] ] } },
{ "type": "Feature", "properties": { "opt_id": 500 }, "geometry": { "type": "Polygon", "coordinates": [ [ [ 80.444444444444443, -85.0 ], [ 80.444444444444443, -80.0 ], [ 75.425925925925924, -80.0 ], [ 75.425925925925924, -85.0 ], [ 80.444444444444443, -85.0 ] ] ] } },
{ "type": "Feature", "properties": { "opt_id": 501 }, "geometry": { "type": "Polygon", "coordinates": [ [ [ 85.462962962962948, -85.0 ], [ 85.462962962962948, -80.0 ], [ 80.444444444444429, -80.0 ], [ 80.444444444444429, -85.0 ], [ 85.462962962962948, -85.0 ] ] ] } },
{ "type": "Feature", "properties": { "opt_id": 502 }, "geometry": { "type": "Polygon", "coordinates": [ [ [ 110.555555555555557, -85.0 ], [ 110.555555555555557, -80.0 ], [ 105.537037037037038, -80.0 ], [ 105.537037037037038, -85.0 ], [ 110.555555555555557, -85.0 ] ] ] } },
{ "type": "Feature", "properties": { "opt_id": 503 }, "geometry": { "type": "Polygon", "coordinates": [ [ [ 115.574074074074062, -85.0 ], [ 115.574074074074062, -80.0 ], [ 110.555555555555543, -80.0 ], [ 110.555555555555543, -85.0 ], [ 115.574074074074062, -85.0 ] ] ] } },
{ "type": "Feature", "properties": { "opt_id": 504 }, "geometry": { "type": "Polygon", "coordinates": [ [ [ 120.592592592592595, -85.0 ], [ 120.592592592592595, -80.0 ], [ 115.574074074074076, -80.0 ], [ 115.574074074074076, -85.0 ], [ 120.592592592592595, -85.0 ] ] ] } },
{ "type": "Feature", "properties": { "opt_id": 505 }, "geometry": { "type": "Polygon", "coordinates": [ [ [ 125.6111111111111, -85.0 ], [ 125.6111111111111, -80.0 ], [ 120.592592592592581, -80.0 ], [ 120.592592592592581, -85.0 ], [ 125.6111111111111, -85.0 ] ] ] } },
{ "type": "Feature", "properties": { "opt_id": 506 }, "geometry": { "type": "Polygon", "coordinates": [ [ [ 140.666666666666629, -85.0 ], [ 140.666666666666629, -80.0 ], [ 135.648148148148124, -80.0 ], [ 135.648148148148124, -85.0 ], [ 140.666666666666629, -85.0 ] ] ] } },
{ "type": "Feature", "properties": { "opt_id": 507 }, "geometry": { "type": "Polygon", "coordinates": [ [ [ 165.759259259259238, -85.0 ], [ 165.759259259259238, -80.0 ], [ 160.740740740740733, -80.0 ], [ 160.740740740740733, -85.0 ], [ 165.759259259259238, -85.0 ] ] ] } },
{ "type": "Feature", "properties": { "opt_id": 508 }, "geometry": { "type": "Polygon", "coordinates": [ [ [ 170.777777777777743, -85.0 ], [ 170.777777777777743, -80.0 ], [ 165.759259259259238, -80.0 ], [ 165.759259259259238, -85.0 ], [ 170.777777777777743, -85.0 ] ] ] } },
{ "type": "Feature", "properties": { "opt_id": 509 }, "geometry": { "type": "Polygon", "coordinates": [ [ [ 175.796296296296276, -85.0 ], [ 175.796296296296276, -80.0 ], [ 170.777777777777771, -80.0 ], [ 170.777777777777771, -85.0 ], [ 175.796296296296276, -85.0 ] ] ] } },
{ "type": "Feature", "properties": { "opt_id": 510 }, "geometry": { "type": "Polygon", "coordinates": [ [ [ 180.814814814814781, -85.0 ], [ 180.814814814814781, -80.0 ], [ 175.796296296296276, -80.0 ], [ 175.796296296296276, -85.0 ], [ 180.814814814814781, -85.0 ] ] ] } },
{ "type": "Feature", "properties": { "opt_id": 511 }, "geometry": { "type": "Polygon", "coordinates": [ [ [ 185.833333333333314, -85.0 ], [ 185.833333333333314, -80.0 ], [ 180.81481481481481, -80.0 ], [ 180.81481481481481, -85.0 ], [ 185.833333333333314, -85.0 ] ] ] } },
{ "type": "Feature", "properties": { "opt_id": 512 }, "geometry": { "type": "Polygon", "coordinates": [ [ [ -29.962962962962962, -90.0 ], [ -29.962962962962962, -85.0 ], [ -34.981481481481481, -85.0 ], [ -34.981481481481481, -90.0 ], [ -29.962962962962962, -90.0 ] ] ] } },
{ "type": "Feature", "properties": { "opt_id": 513 }, "geometry": { "type": "Polygon", "coordinates": [ [ [ -24.944444444444443, -90.0 ], [ -24.944444444444443, -85.0 ], [ -29.962962962962962, -85.0 ], [ -29.962962962962962, -90.0 ], [ -24.944444444444443, -90.0 ] ] ] } },
{ "type": "Feature", "properties": { "opt_id": 514 }, "geometry": { "type": "Polygon", "coordinates": [ [ [ -19.925925925925927, -90.0 ], [ -19.925925925925927, -85.0 ], [ -24.944444444444446, -85.0 ], [ -24.944444444444446, -90.0 ], [ -19.925925925925927, -90.0 ] ] ] } },
{ "type": "Feature", "properties": { "opt_id": 515 }, "geometry": { "type": "Polygon", "coordinates": [ [ [ -14.907407407407408, -90.0 ], [ -14.907407407407408, -85.0 ], [ -19.925925925925927, -85.0 ], [ -19.925925925925927, -90.0 ], [ -14.907407407407408, -90.0 ] ] ] } },
{ "type": "Feature", "properties": { "opt_id": 516 }, "geometry": { "type": "Polygon", "coordinates": [ [ [ -9.888888888888889, -90.0 ], [ -9.888888888888889, -85.0 ], [ -14.907407407407408, -85.0 ], [ -14.907407407407408, -90.0 ], [ -9.888888888888889, -90.0 ] ] ] } },
{ "type": "Feature", "properties": { "opt_id": 517 }, "geometry": { "type": "Polygon", "coordinates": [ [ [ -4.870370370370375, -90.0 ], [ -4.870370370370375, -85.0 ], [ -9.888888888888893, -85.0 ], [ -9.888888888888893, -90.0 ], [ -4.870370370370375, -90.0 ] ] ] } },
{ "type": "Feature", "properties": { "opt_id": 518 }, "geometry": { "type": "Polygon", "coordinates": [ [ [ 0.148148148148144, -90.0 ], [ 0.148148148148144, -85.0 ], [ -4.870370370370374, -85.0 ], [ -4.870370370370374, -90.0 ], [ 0.148148148148144, -90.0 ] ] ] } },
{ "type": "Feature", "properties": { "opt_id": 519 }, "geometry": { "type": "Polygon", "coordinates": [ [ [ 35.277777777777771, -90.0 ], [ 35.277777777777771, -85.0 ], [ 30.259259259259252, -85.0 ], [ 30.259259259259252, -90.0 ], [ 35.277777777777771, -90.0 ] ] ] } },
{ "type": "Feature", "properties": { "opt_id": 520 }, "geometry": { "type": "Polygon", "coordinates": [ [ [ 40.296296296296291, -90.0 ], [ 40.296296296296291, -85.0 ], [ 35.277777777777771, -85.0 ], [ 35.277777777777771, -90.0 ], [ 40.296296296296291, -90.0 ] ] ] } },
{ "type": "Feature", "properties": { "opt_id": 521 }, "geometry": { "type": "Polygon", "coordinates": [ [ [ 45.31481481481481, -90.0 ], [ 45.31481481481481, -85.0 ], [ 40.296296296296291, -85.0 ], [ 40.296296296296291, -90.0 ], [ 45.31481481481481, -90.0 ] ] ] } },
{ "type": "Feature", "properties": { "opt_id": 522 }, "geometry": { "type": "Polygon", "coordinates": [ [ [ 55.351851851851848, -90.0 ], [ 55.351851851851848, -85.0 ], [ 50.333333333333329, -85.0 ], [ 50.333333333333329, -90.0 ], [ 55.351851851851848, -90.0 ] ] ] } },
{ "type": "Feature", "properties": { "opt_id": 523 }, "geometry": { "type": "Polygon", "coordinates": [ [ [ 60.370370370370367, -90.0 ], [ 60.370370370370367, -85.0 ], [ 55.351851851851848, -85.0 ], [ 55.351851851851848, -90.0 ], [ 60.370370370370367, -90.0 ] ] ] } },
{ "type": "Feature", "properties": { "opt_id": 524 }, "geometry": { "type": "Polygon", "coordinates": [ [ [ 65.388888888888886, -90.0 ], [ 65.388888888888886, -85.0 ], [ 60.370370370370367, -85.0 ], [ 60.370370370370367, -90.0 ], [ 65.388888888888886, -90.0 ] ] ] } },
{ "type": "Feature", "properties": { "opt_id": 525 }, "geometry": { "type": "Polygon", "coordinates": [ [ [ 70.407407407407405, -90.0 ], [ 70.407407407407405, -85.0 ], [ 65.388888888888886, -85.0 ], [ 65.388888888888886, -90.0 ], [ 70.407407407407405, -90.0 ] ] ] } },
{ "type": "Feature", "properties": { "opt_id": 526 }, "geometry": { "type": "Polygon", "coordinates": [ [ [ 75.425925925925924, -90.0 ], [ 75.425925925925924, -85.0 ], [ 70.407407407407405, -85.0 ], [ 70.407407407407405, -90.0 ], [ 75.425925925925924, -90.0 ] ] ] } },
{ "type": "Feature", "properties": { "opt_id": 527 }, "geometry": { "type": "Polygon", "coordinates": [ [ [ 80.444444444444443, -90.0 ], [ 80.444444444444443, -85.0 ], [ 75.425925925925924, -85.0 ], [ 75.425925925925924, -90.0 ], [ 80.444444444444443, -90.0 ] ] ] } },
{ "type": "Feature", "properties": { "opt_id": 528 }, "geometry": { "type": "Polygon", "coordinates": [ [ [ 85.462962962962948, -90.0 ], [ 85.462962962962948, -85.0 ], [ 80.444444444444429, -85.0 ], [ 80.444444444444429, -90.0 ], [ 85.462962962962948, -90.0 ] ] ] } },
{ "type": "Feature", "properties": { "opt_id": 529 }, "geometry": { "type": "Polygon", "coordinates": [ [ [ 110.555555555555557, -90.0 ], [ 110.555555555555557, -85.0 ], [ 105.537037037037038, -85.0 ], [ 105.537037037037038, -90.0 ], [ 110.555555555555557, -90.0 ] ] ] } },
{ "type": "Feature", "properties": { "opt_id": 530 }, "geometry": { "type": "Polygon", "coordinates": [ [ [ 115.574074074074062, -90.0 ], [ 115.574074074074062, -85.0 ], [ 110.555555555555543, -85.0 ], [ 110.555555555555543, -90.0 ], [ 115.574074074074062, -90.0 ] ] ] } },
{ "type": "Feature", "properties": { "opt_id": 531 }, "geometry": { "type": "Polygon", "coordinates": [ [ [ 120.592592592592595, -90.0 ], [ 120.592592592592595, -85.0 ], [ 115.574074074074076, -85.0 ], [ 115.574074074074076, -90.0 ], [ 120.592592592592595, -90.0 ] ] ] } },
{ "type": "Feature", "properties": { "opt_id": 532 }, "geometry": { "type": "Polygon", "coordinates": [ [ [ 125.6111111111111, -90.0 ], [ 125.6111111111111, -85.0 ], [ 120.592592592592581, -85.0 ], [ 120.592592592592581, -90.0 ], [ 125.6111111111111, -90.0 ] ] ] } },
{ "type": "Feature", "properties": { "opt_id": 533 }, "geometry": { "type": "Polygon", "coordinates": [ [ [ 130.629629629629591, -90.0 ], [ 130.629629629629591, -85.0 ], [ 125.611111111111086, -85.0 ], [ 125.611111111111086, -90.0 ], [ 130.629629629629591, -90.0 ] ] ] } },
{ "type": "Feature", "properties": { "opt_id": 534 }, "geometry": { "type": "Polygon", "coordinates": [ [ [ 135.648148148148124, -90.0 ], [ 135.648148148148124, -85.0 ], [ 130.629629629629619, -85.0 ], [ 130.629629629629619, -90.0 ], [ 135.648148148148124, -90.0 ] ] ] } },
{ "type": "Feature", "properties": { "opt_id": 535 }, "geometry": { "type": "Polygon", "coordinates": [ [ [ 140.666666666666629, -90.0 ], [ 140.666666666666629, -85.0 ], [ 135.648148148148124, -85.0 ], [ 135.648148148148124, -90.0 ], [ 140.666666666666629, -90.0 ] ] ] } },
{ "type": "Feature", "properties": { "opt_id": 536 }, "geometry": { "type": "Polygon", "coordinates": [ [ [ 150.703703703703667, -90.0 ], [ 150.703703703703667, -85.0 ], [ 145.685185185185162, -85.0 ], [ 145.685185185185162, -90.0 ], [ 150.703703703703667, -90.0 ] ] ] } },
{ "type": "Feature", "properties": { "opt_id": 537 }, "geometry": { "type": "Polygon", "coordinates": [ [ [ 155.7222222222222, -90.0 ], [ 155.7222222222222, -85.0 ], [ 150.703703703703695, -85.0 ], [ 150.703703703703695, -90.0 ], [ 155.7222222222222, -90.0 ] ] ] } },
{ "type": "Feature", "properties": { "opt_id": 538 }, "geometry": { "type": "Polygon", "coordinates": [ [ [ 165.759259259259238, -90.0 ], [ 165.759259259259238, -85.0 ], [ 160.740740740740733, -85.0 ], [ 160.740740740740733, -90.0 ], [ 165.759259259259238, -90.0 ] ] ] } },
{ "type": "Feature", "properties": { "opt_id": 539 }, "geometry": { "type": "Polygon", "coordinates": [ [ [ -24.944444444444443, -95.0 ], [ -24.944444444444443, -90.0 ], [ -29.962962962962962, -90.0 ], [ -29.962962962962962, -95.0 ], [ -24.944444444444443, -95.0 ] ] ] } },
{ "type": "Feature", "properties": { "opt_id": 540 }, "geometry": { "type": "Polygon", "coordinates": [ [ [ -19.925925925925927, -95.0 ], [ -19.925925925925927, -90.0 ], [ -24.944444444444446, -90.0 ], [ -24.944444444444446, -95.0 ], [ -19.925925925925927, -95.0 ] ] ] } },
{ "type": "Feature", "properties": { "opt_id": 541 }, "geometry": { "type": "Polygon", "coordinates": [ [ [ -14.907407407407408, -95.0 ], [ -14.907407407407408, -90.0 ], [ -19.925925925925927, -90.0 ], [ -19.925925925925927, -95.0 ], [ -14.907407407407408, -95.0 ] ] ] } },
{ "type": "Feature", "properties": { "opt_id": 542 }, "geometry": { "type": "Polygon", "coordinates": [ [ [ -9.888888888888889, -95.0 ], [ -9.888888888888889, -90.0 ], [ -14.907407407407408, -90.0 ], [ -14.907407407407408, -95.0 ], [ -9.888888888888889, -95.0 ] ] ] } },
{ "type": "Feature", "properties": { "opt_id": 543 }, "geometry": { "type": "Polygon", "coordinates": [ [ [ -4.870370370370375, -95.0 ], [ -4.870370370370375, -90.0 ], [ -9.888888888888893, -90.0 ], [ -9.888888888888893, -95.0 ], [ -4.870370370370375, -95.0 ] ] ] } },
{ "type": "Feature", "properties": { "opt_id": 544 }, "geometry": { "type": "Polygon", "coordinates": [ [ [ 0.148148148148144, -95.0 ], [ 0.148148148148144, -90.0 ], [ -4.870370370370374, -90.0 ], [ -4.870370370370374, -95.0 ], [ 0.148148148148144, -95.0 ] ] ] } },
{ "type": "Feature", "properties": { "opt_id": 545 }, "geometry": { "type": "Polygon", "coordinates": [ [ [ 40.296296296296291, -95.0 ], [ 40.296296296296291, -90.0 ], [ 35.277777777777771, -90.0 ], [ 35.277777777777771, -95.0 ], [ 40.296296296296291, -95.0 ] ] ] } },
{ "type": "Feature", "properties": { "opt_id": 546 }, "geometry": { "type": "Polygon", "coordinates": [ [ [ 45.31481481481481, -95.0 ], [ 45.31481481481481, -90.0 ], [ 40.296296296296291, -90.0 ], [ 40.296296296296291, -95.0 ], [ 45.31481481481481, -95.0 ] ] ] } },
{ "type": "Feature", "properties": { "opt_id": 547 }, "geometry": { "type": "Polygon", "coordinates": [ [ [ 55.351851851851848, -95.0 ], [ 55.351851851851848, -90.0 ], [ 50.333333333333329, -90.0 ], [ 50.333333333333329, -95.0 ], [ 55.351851851851848, -95.0 ] ] ] } },
{ "type": "Feature", "properties": { "opt_id": 548 }, "geometry": { "type": "Polygon", "coordinates": [ [ [ 60.370370370370367, -95.0 ], [ 60.370370370370367, -90.0 ], [ 55.351851851851848, -90.0 ], [ 55.351851851851848, -95.0 ], [ 60.370370370370367, -95.0 ] ] ] } },
{ "type": "Feature", "properties": { "opt_id": 549 }, "geometry": { "type": "Polygon", "coordinates": [ [ [ 65.388888888888886, -95.0 ], [ 65.388888888888886, -90.0 ], [ 60.370370370370367, -90.0 ], [ 60.370370370370367, -95.0 ], [ 65.388888888888886, -95.0 ] ] ] } },
{ "type": "Feature", "properties": { "opt_id": 550 }, "geometry": { "type": "Polygon", "coordinates": [ [ [ 70.407407407407405, -95.0 ], [ 70.407407407407405, -90.0 ], [ 65.388888888888886, -90.0 ], [ 65.388888888888886, -95.0 ], [ 70.407407407407405, -95.0 ] ] ] } },
{ "type": "Feature", "properties": { "opt_id": 551 }, "geometry": { "type": "Polygon", "coordinates": [ [ [ 75.425925925925924, -95.0 ], [ 75.425925925925924, -90.0 ], [ 70.407407407407405, -90.0 ], [ 70.407407407407405, -95.0 ], [ 75.425925925925924, -95.0 ] ] ] } },
{ "type": "Feature", "properties": { "opt_id": 552 }, "geometry": { "type": "Polygon", "coordinates": [ [ [ 80.444444444444443, -95.0 ], [ 80.444444444444443, -90.0 ], [ 75.425925925925924, -90.0 ], [ 75.425925925925924, -95.0 ], [ 80.444444444444443, -95.0 ] ] ] } },
{ "type": "Feature", "properties": { "opt_id": 553 }, "geometry": { "type": "Polygon", "coordinates": [ [ [ 85.462962962962948, -95.0 ], [ 85.462962962962948, -90.0 ], [ 80.444444444444429, -90.0 ], [ 80.444444444444429, -95.0 ], [ 85.462962962962948, -95.0 ] ] ] } },
{ "type": "Feature", "properties": { "opt_id": 554 }, "geometry": { "type": "Polygon", "coordinates": [ [ [ 110.555555555555557, -95.0 ], [ 110.555555555555557, -90.0 ], [ 105.537037037037038, -90.0 ], [ 105.537037037037038, -95.0 ], [ 110.555555555555557, -95.0 ] ] ] } },
{ "type": "Feature", "properties": { "opt_id": 555 }, "geometry": { "type": "Polygon", "coordinates": [ [ [ 115.574074074074062, -95.0 ], [ 115.574074074074062, -90.0 ], [ 110.555555555555543, -90.0 ], [ 110.555555555555543, -95.0 ], [ 115.574074074074062, -95.0 ] ] ] } },
{ "type": "Feature", "properties": { "opt_id": 556 }, "geometry": { "type": "Polygon", "coordinates": [ [ [ 120.592592592592595, -95.0 ], [ 120.592592592592595, -90.0 ], [ 115.574074074074076, -90.0 ], [ 115.574074074074076, -95.0 ], [ 120.592592592592595, -95.0 ] ] ] } },
{ "type": "Feature", "properties": { "opt_id": 557 }, "geometry": { "type": "Polygon", "coordinates": [ [ [ 125.6111111111111, -95.0 ], [ 125.6111111111111, -90.0 ], [ 120.592592592592581, -90.0 ], [ 120.592592592592581, -95.0 ], [ 125.6111111111111, -95.0 ] ] ] } },
{ "type": "Feature", "properties": { "opt_id": 558 }, "geometry": { "type": "Polygon", "coordinates": [ [ [ 130.629629629629591, -95.0 ], [ 130.629629629629591, -90.0 ], [ 125.611111111111086, -90.0 ], [ 125.611111111111086, -95.0 ], [ 130.629629629629591, -95.0 ] ] ] } },
{ "type": "Feature", "properties": { "opt_id": 559 }, "geometry": { "type": "Polygon", "coordinates": [ [ [ 135.648148148148124, -95.0 ], [ 135.648148148148124, -90.0 ], [ 130.629629629629619, -90.0 ], [ 130.629629629629619, -95.0 ], [ 135.648148148148124, -95.0 ] ] ] } },
{ "type": "Feature", "properties": { "opt_id": 560 }, "geometry": { "type": "Polygon", "coordinates": [ [ [ 140.666666666666629, -95.0 ], [ 140.666666666666629, -90.0 ], [ 135.648148148148124, -90.0 ], [ 135.648148148148124, -95.0 ], [ 140.666666666666629, -95.0 ] ] ] } },
{ "type": "Feature", "properties": { "opt_id": 561 }, "geometry": { "type": "Polygon", "coordinates": [ [ [ 150.703703703703667, -95.0 ], [ 150.703703703703667, -90.0 ], [ 145.685185185185162, -90.0 ], [ 145.685185185185162, -95.0 ], [ 150.703703703703667, -95.0 ] ] ] } },
{ "type": "Feature", "properties": { "opt_id": 562 }, "geometry": { "type": "Polygon", "coordinates": [ [ [ 165.759259259259238, -95.0 ], [ 165.759259259259238, -90.0 ], [ 160.740740740740733, -90.0 ], [ 160.740740740740733, -95.0 ], [ 165.759259259259238, -95.0 ] ] ] } },
{ "type": "Feature", "properties": { "opt_id": 563 }, "geometry": { "type": "Polygon", "coordinates": [ [ [ -24.944444444444443, -100.0 ], [ -24.944444444444443, -95.0 ], [ -29.962962962962962, -95.0 ], [ -29.962962962962962, -100.0 ], [ -24.944444444444443, -100.0 ] ] ] } },
{ "type": "Feature", "properties": { "opt_id": 564 }, "geometry": { "type": "Polygon", "coordinates": [ [ [ -19.925925925925927, -100.0 ], [ -19.925925925925927, -95.0 ], [ -24.944444444444446, -95.0 ], [ -24.944444444444446, -100.0 ], [ -19.925925925925927, -100.0 ] ] ] } },
{ "type": "Feature", "properties": { "opt_id": 565 }, "geometry": { "type": "Polygon", "coordinates": [ [ [ -14.907407407407408, -100.0 ], [ -14.907407407407408, -95.0 ], [ -19.925925925925927, -95.0 ], [ -19.925925925925927, -100.0 ], [ -14.907407407407408, -100.0 ] ] ] } },
{ "type": "Feature", "properties": { "opt_id": 566 }, "geometry": { "type": "Polygon", "coordinates": [ [ [ -9.888888888888889, -100.0 ], [ -9.888888888888889, -95.0 ], [ -14.907407407407408, -95.0 ], [ -14.907407407407408, -100.0 ], [ -9.888888888888889, -100.0 ] ] ] } },
{ "type": "Feature", "properties": { "opt_id": 567 }, "geometry": { "type": "Polygon", "coordinates": [ [ [ -4.870370370370375, -100.0 ], [ -4.870370370370375, -95.0 ], [ -9.888888888888893, -95.0 ], [ -9.888888888888893, -100.0 ], [ -4.870370370370375, -100.0 ] ] ] } },
{ "type": "Feature", "properties": { "opt_id": 568 }, "geometry": { "type": "Polygon", "coordinates": [ [ [ 0.148148148148144, -100.0 ], [ 0.148148148148144, -95.0 ], [ -4.870370370370374, -95.0 ], [ -4.870370370370374, -100.0 ], [ 0.148148148148144, -100.0 ] ] ] } },
{ "type": "Feature", "properties": { "opt_id": 569 }, "geometry": { "type": "Polygon", "coordinates": [ [ [ 40.296296296296291, -100.0 ], [ 40.296296296296291, -95.0 ], [ 35.277777777777771, -95.0 ], [ 35.277777777777771, -100.0 ], [ 40.296296296296291, -100.0 ] ] ] } },
{ "type": "Feature", "properties": { "opt_id": 570 }, "geometry": { "type": "Polygon", "coordinates": [ [ [ 45.31481481481481, -100.0 ], [ 45.31481481481481, -95.0 ], [ 40.296296296296291, -95.0 ], [ 40.296296296296291, -100.0 ], [ 45.31481481481481, -100.0 ] ] ] } },
{ "type": "Feature", "properties": { "opt_id": 571 }, "geometry": { "type": "Polygon", "coordinates": [ [ [ 60.370370370370367, -100.0 ], [ 60.370370370370367, -95.0 ], [ 55.351851851851848, -95.0 ], [ 55.351851851851848, -100.0 ], [ 60.370370370370367, -100.0 ] ] ] } },
{ "type": "Feature", "properties": { "opt_id": 572 }, "geometry": { "type": "Polygon", "coordinates": [ [ [ 65.388888888888886, -100.0 ], [ 65.388888888888886, -95.0 ], [ 60.370370370370367, -95.0 ], [ 60.370370370370367, -100.0 ], [ 65.388888888888886, -100.0 ] ] ] } },
{ "type": "Feature", "properties": { "opt_id": 573 }, "geometry": { "type": "Polygon", "coordinates": [ [ [ 70.407407407407405, -100.0 ], [ 70.407407407407405, -95.0 ], [ 65.388888888888886, -95.0 ], [ 65.388888888888886, -100.0 ], [ 70.407407407407405, -100.0 ] ] ] } },
{ "type": "Feature", "properties": { "opt_id": 574 }, "geometry": { "type": "Polygon", "coordinates": [ [ [ 75.425925925925924, -100.0 ], [ 75.425925925925924, -95.0 ], [ 70.407407407407405, -95.0 ], [ 70.407407407407405, -100.0 ], [ 75.425925925925924, -100.0 ] ] ] } },
{ "type": "Feature", "properties": { "opt_id": 575 }, "geometry": { "type": "Polygon", "coordinates": [ [ [ 80.444444444444443, -100.0 ], [ 80.444444444444443, -95.0 ], [ 75.425925925925924, -95.0 ], [ 75.425925925925924, -100.0 ], [ 80.444444444444443, -100.0 ] ] ] } },
{ "type": "Feature", "properties": { "opt_id": 576 }, "geometry": { "type": "Polygon", "coordinates": [ [ [ 85.462962962962948, -100.0 ], [ 85.462962962962948, -95.0 ], [ 80.444444444444429, -95.0 ], [ 80.444444444444429, -100.0 ], [ 85.462962962962948, -100.0 ] ] ] } },
{ "type": "Feature", "properties": { "opt_id": 577 }, "geometry": { "type": "Polygon", "coordinates": [ [ [ 140.666666666666629, -100.0 ], [ 140.666666666666629, -95.0 ], [ 135.648148148148124, -95.0 ], [ 135.648148148148124, -100.0 ], [ 140.666666666666629, -100.0 ] ] ] } },
{ "type": "Feature", "properties": { "opt_id": 578 }, "geometry": { "type": "Polygon", "coordinates": [ [ [ 150.703703703703667, -100.0 ], [ 150.703703703703667, -95.0 ], [ 145.685185185185162, -95.0 ], [ 145.685185185185162, -100.0 ], [ 150.703703703703667, -100.0 ] ] ] } },
{ "type": "Feature", "properties": { "opt_id": 579 }, "geometry": { "type": "Polygon", "coordinates": [ [ [ 165.759259259259238, -100.0 ], [ 165.759259259259238, -95.0 ], [ 160.740740740740733, -95.0 ], [ 160.740740740740733, -100.0 ], [ 165.759259259259238, -100.0 ] ] ] } },
{ "type": "Feature", "properties": { "opt_id": 580 }, "geometry": { "type": "Polygon", "coordinates": [ [ [ -24.944444444444443, -105.0 ], [ -24.944444444444443, -100.0 ], [ -29.962962962962962, -100.0 ], [ -29.962962962962962, -105.0 ], [ -24.944444444444443, -105.0 ] ] ] } },
{ "type": "Feature", "properties": { "opt_id": 581 }, "geometry": { "type": "Polygon", "coordinates": [ [ [ -19.925925925925927, -105.0 ], [ -19.925925925925927, -100.0 ], [ -24.944444444444446, -100.0 ], [ -24.944444444444446, -105.0 ], [ -19.925925925925927, -105.0 ] ] ] } },
{ "type": "Feature", "properties": { "opt_id": 582 }, "geometry": { "type": "Polygon", "coordinates": [ [ [ -14.907407407407408, -105.0 ], [ -14.907407407407408, -100.0 ], [ -19.925925925925927, -100.0 ], [ -19.925925925925927, -105.0 ], [ -14.907407407407408, -105.0 ] ] ] } },
{ "type": "Feature", "properties": { "opt_id": 583 }, "geometry": { "type": "Polygon", "coordinates": [ [ [ -9.888888888888889, -105.0 ], [ -9.888888888888889, -100.0 ], [ -14.907407407407408, -100.0 ], [ -14.907407407407408, -105.0 ], [ -9.888888888888889, -105.0 ] ] ] } },
{ "type": "Feature", "properties": { "opt_id": 584 }, "geometry": { "type": "Polygon", "coordinates": [ [ [ -4.870370370370375, -105.0 ], [ -4.870370370370375, -100.0 ], [ -9.888888888888893, -100.0 ], [ -9.888888888888893, -105.0 ], [ -4.870370370370375, -105.0 ] ] ] } },
{ "type": "Feature", "properties": { "opt_id": 585 }, "geometry": { "type": "Polygon", "coordinates": [ [ [ 0.148148148148144, -105.0 ], [ 0.148148148148144, -100.0 ], [ -4.870370370370374, -100.0 ], [ -4.870370370370374, -105.0 ], [ 0.148148148148144, -105.0 ] ] ] } },
{ "type": "Feature", "properties": { "opt_id": 586 }, "geometry": { "type": "Polygon", "coordinates": [ [ [ 40.296296296296291, -105.0 ], [ 40.296296296296291, -100.0 ], [ 35.277777777777771, -100.0 ], [ 35.277777777777771, -105.0 ], [ 40.296296296296291, -105.0 ] ] ] } },
{ "type": "Feature", "properties": { "opt_id": 587 }, "geometry": { "type": "Polygon", "coordinates": [ [ [ 45.31481481481481, -105.0 ], [ 45.31481481481481, -100.0 ], [ 40.296296296296291, -100.0 ], [ 40.296296296296291, -105.0 ], [ 45.31481481481481, -105.0 ] ] ] } },
{ "type": "Feature", "properties": { "opt_id": 588 }, "geometry": { "type": "Polygon", "coordinates": [ [ [ 60.370370370370367, -105.0 ], [ 60.370370370370367, -100.0 ], [ 55.351851851851848, -100.0 ], [ 55.351851851851848, -105.0 ], [ 60.370370370370367, -105.0 ] ] ] } },
{ "type": "Feature", "properties": { "opt_id": 589 }, "geometry": { "type": "Polygon", "coordinates": [ [ [ 65.388888888888886, -105.0 ], [ 65.388888888888886, -100.0 ], [ 60.370370370370367, -100.0 ], [ 60.370370370370367, -105.0 ], [ 65.388888888888886, -105.0 ] ] ] } },
{ "type": "Feature", "properties": { "opt_id": 590 }, "geometry": { "type": "Polygon", "coordinates": [ [ [ 70.407407407407405, -105.0 ], [ 70.407407407407405, -100.0 ], [ 65.388888888888886, -100.0 ], [ 65.388888888888886, -105.0 ], [ 70.407407407407405, -105.0 ] ] ] } },
{ "type": "Feature", "properties": { "opt_id": 591 }, "geometry": { "type": "Polygon", "coordinates": [ [ [ 75.425925925925924, -105.0 ], [ 75.425925925925924, -100.0 ], [ 70.407407407407405, -100.0 ], [ 70.407407407407405, -105.0 ], [ 75.425925925925924, -105.0 ] ] ] } },
{ "type": "Feature", "properties": { "opt_id": 592 }, "geometry": { "type": "Polygon", "coordinates": [ [ [ 80.444444444444443, -105.0 ], [ 80.444444444444443, -100.0 ], [ 75.425925925925924, -100.0 ], [ 75.425925925925924, -105.0 ], [ 80.444444444444443, -105.0 ] ] ] } },
{ "type": "Feature", "properties": { "opt_id": 593 }, "geometry": { "type": "Polygon", "coordinates": [ [ [ 85.462962962962948, -105.0 ], [ 85.462962962962948, -100.0 ], [ 80.444444444444429, -100.0 ], [ 80.444444444444429, -105.0 ], [ 85.462962962962948, -105.0 ] ] ] } },
{ "type": "Feature", "properties": { "opt_id": 594 }, "geometry": { "type": "Polygon", "coordinates": [ [ [ 140.666666666666629, -105.0 ], [ 140.666666666666629, -100.0 ], [ 135.648148148148124, -100.0 ], [ 135.648148148148124, -105.0 ], [ 140.666666666666629, -105.0 ] ] ] } },
{ "type": "Feature", "properties": { "opt_id": 595 }, "geometry": { "type": "Polygon", "coordinates": [ [ [ 150.703703703703667, -105.0 ], [ 150.703703703703667, -100.0 ], [ 145.685185185185162, -100.0 ], [ 145.685185185185162, -105.0 ], [ 150.703703703703667, -105.0 ] ] ] } },
{ "type": "Feature", "properties": { "opt_id": 596 }, "geometry": { "type": "Polygon", "coordinates": [ [ [ 165.759259259259238, -105.0 ], [ 165.759259259259238, -100.0 ], [ 160.740740740740733, -100.0 ], [ 160.740740740740733, -105.0 ], [ 165.759259259259238, -105.0 ] ] ] } },
{ "type": "Feature", "properties": { "opt_id": 597 }, "geometry": { "type": "Polygon", "coordinates": [ [ [ -24.944444444444443, -110.0 ], [ -24.944444444444443, -105.0 ], [ -29.962962962962962, -105.0 ], [ -29.962962962962962, -110.0 ], [ -24.944444444444443, -110.0 ] ] ] } },
{ "type": "Feature", "properties": { "opt_id": 598 }, "geometry": { "type": "Polygon", "coordinates": [ [ [ -19.925925925925927, -110.0 ], [ -19.925925925925927, -105.0 ], [ -24.944444444444446, -105.0 ], [ -24.944444444444446, -110.0 ], [ -19.925925925925927, -110.0 ] ] ] } },
{ "type": "Feature", "properties": { "opt_id": 599 }, "geometry": { "type": "Polygon", "coordinates": [ [ [ -14.907407407407408, -110.0 ], [ -14.907407407407408, -105.0 ], [ -19.925925925925927, -105.0 ], [ -19.925925925925927, -110.0 ], [ -14.907407407407408, -110.0 ] ] ] } },
{ "type": "Feature", "properties": { "opt_id": 600 }, "geometry": { "type": "Polygon", "coordinates": [ [ [ -9.888888888888889, -110.0 ], [ -9.888888888888889, -105.0 ], [ -14.907407407407408, -105.0 ], [ -14.907407407407408, -110.0 ], [ -9.888888888888889, -110.0 ] ] ] } },
{ "type": "Feature", "properties": { "opt_id": 601 }, "geometry": { "type": "Polygon", "coordinates": [ [ [ -4.870370370370375, -110.0 ], [ -4.870370370370375, -105.0 ], [ -9.888888888888893, -105.0 ], [ -9.888888888888893, -110.0 ], [ -4.870370370370375, -110.0 ] ] ] } },
{ "type": "Feature", "properties": { "opt_id": 602 }, "geometry": { "type": "Polygon", "coordinates": [ [ [ 0.148148148148144, -110.0 ], [ 0.148148148148144, -105.0 ], [ -4.870370370370374, -105.0 ], [ -4.870370370370374, -110.0 ], [ 0.148148148148144, -110.0 ] ] ] } },
{ "type": "Feature", "properties": { "opt_id": 603 }, "geometry": { "type": "Polygon", "coordinates": [ [ [ 40.296296296296291, -110.0 ], [ 40.296296296296291, -105.0 ], [ 35.277777777777771, -105.0 ], [ 35.277777777777771, -110.0 ], [ 40.296296296296291, -110.0 ] ] ] } },
{ "type": "Feature", "properties": { "opt_id": 604 }, "geometry": { "type": "Polygon", "coordinates": [ [ [ 45.31481481481481, -110.0 ], [ 45.31481481481481, -105.0 ], [ 40.296296296296291, -105.0 ], [ 40.296296296296291, -110.0 ], [ 45.31481481481481, -110.0 ] ] ] } },
{ "type": "Feature", "properties": { "opt_id": 605 }, "geometry": { "type": "Polygon", "coordinates": [ [ [ 60.370370370370367, -110.0 ], [ 60.370370370370367, -105.0 ], [ 55.351851851851848, -105.0 ], [ 55.351851851851848, -110.0 ], [ 60.370370370370367, -110.0 ] ] ] } },
{ "type": "Feature", "properties": { "opt_id": 606 }, "geometry": { "type": "Polygon", "coordinates": [ [ [ 65.388888888888886, -110.0 ], [ 65.388888888888886, -105.0 ], [ 60.370370370370367, -105.0 ], [ 60.370370370370367, -110.0 ], [ 65.388888888888886, -110.0 ] ] ] } },
{ "type": "Feature", "properties": { "opt_id": 607 }, "geometry": { "type": "Polygon", "coordinates": [ [ [ 70.407407407407405, -110.0 ], [ 70.407407407407405, -105.0 ], [ 65.388888888888886, -105.0 ], [ 65.388888888888886, -110.0 ], [ 70.407407407407405, -110.0 ] ] ] } },
{ "type": "Feature", "properties": { "opt_id": 608 }, "geometry": { "type": "Polygon", "coordinates": [ [ [ 75.425925925925924, -110.0 ], [ 75.425925925925924, -105.0 ], [ 70.407407407407405, -105.0 ], [ 70.407407407407405, -110.0 ], [ 75.425925925925924, -110.0 ] ] ] } },
{ "type": "Feature", "properties": { "opt_id": 609 }, "geometry": { "type": "Polygon", "coordinates": [ [ [ 80.444444444444443, -110.0 ], [ 80.444444444444443, -105.0 ], [ 75.425925925925924, -105.0 ], [ 75.425925925925924, -110.0 ], [ 80.444444444444443, -110.0 ] ] ] } },
{ "type": "Feature", "properties": { "opt_id": 610 }, "geometry": { "type": "Polygon", "coordinates": [ [ [ 85.462962962962948, -110.0 ], [ 85.462962962962948, -105.0 ], [ 80.444444444444429, -105.0 ], [ 80.444444444444429, -110.0 ], [ 85.462962962962948, -110.0 ] ] ] } },
{ "type": "Feature", "properties": { "opt_id": 611 }, "geometry": { "type": "Polygon", "coordinates": [ [ [ 110.555555555555557, -110.0 ], [ 110.555555555555557, -105.0 ], [ 105.537037037037038, -105.0 ], [ 105.537037037037038, -110.0 ], [ 110.555555555555557, -110.0 ] ] ] } },
{ "type": "Feature", "properties": { "opt_id": 612 }, "geometry": { "type": "Polygon", "coordinates": [ [ [ 115.574074074074062, -110.0 ], [ 115.574074074074062, -105.0 ], [ 110.555555555555543, -105.0 ], [ 110.555555555555543, -110.0 ], [ 115.574074074074062, -110.0 ] ] ] } },
{ "type": "Feature", "properties": { "opt_id": 613 }, "geometry": { "type": "Polygon", "coordinates": [ [ [ 120.592592592592595, -110.0 ], [ 120.592592592592595, -105.0 ], [ 115.574074074074076, -105.0 ], [ 115.574074074074076, -110.0 ], [ 120.592592592592595, -110.0 ] ] ] } },
{ "type": "Feature", "properties": { "opt_id": 614 }, "geometry": { "type": "Polygon", "coordinates": [ [ [ 125.6111111111111, -110.0 ], [ 125.6111111111111, -105.0 ], [ 120.592592592592581, -105.0 ], [ 120.592592592592581, -110.0 ], [ 125.6111111111111, -110.0 ] ] ] } },
{ "type": "Feature", "properties": { "opt_id": 615 }, "geometry": { "type": "Polygon", "coordinates": [ [ [ 130.629629629629591, -110.0 ], [ 130.629629629629591, -105.0 ], [ 125.611111111111086, -105.0 ], [ 125.611111111111086, -110.0 ], [ 130.629629629629591, -110.0 ] ] ] } },
{ "type": "Feature", "properties": { "opt_id": 616 }, "geometry": { "type": "Polygon", "coordinates": [ [ [ 135.648148148148124, -110.0 ], [ 135.648148148148124, -105.0 ], [ 130.629629629629619, -105.0 ], [ 130.629629629629619, -110.0 ], [ 135.648148148148124, -110.0 ] ] ] } },
{ "type": "Feature", "properties": { "opt_id": 617 }, "geometry": { "type": "Polygon", "coordinates": [ [ [ 140.666666666666629, -110.0 ], [ 140.666666666666629, -105.0 ], [ 135.648148148148124, -105.0 ], [ 135.648148148148124, -110.0 ], [ 140.666666666666629, -110.0 ] ] ] } },
{ "type": "Feature", "properties": { "opt_id": 618 }, "geometry": { "type": "Polygon", "coordinates": [ [ [ 150.703703703703667, -110.0 ], [ 150.703703703703667, -105.0 ], [ 145.685185185185162, -105.0 ], [ 145.685185185185162, -110.0 ], [ 150.703703703703667, -110.0 ] ] ] } },
{ "type": "Feature", "properties": { "opt_id": 619 }, "geometry": { "type": "Polygon", "coordinates": [ [ [ -24.944444444444443, -115.0 ], [ -24.944444444444443, -110.0 ], [ -29.962962962962962, -110.0 ], [ -29.962962962962962, -115.0 ], [ -24.944444444444443, -115.0 ] ] ] } },
{ "type": "Feature", "properties": { "opt_id": 620 }, "geometry": { "type": "Polygon", "coordinates": [ [ [ -19.925925925925927, -115.0 ], [ -19.925925925925927, -110.0 ], [ -24.944444444444446, -110.0 ], [ -24.944444444444446, -115.0 ], [ -19.925925925925927, -115.0 ] ] ] } },
{ "type": "Feature", "properties": { "opt_id": 621 }, "geometry": { "type": "Polygon", "coordinates": [ [ [ -14.907407407407408, -115.0 ], [ -14.907407407407408, -110.0 ], [ -19.925925925925927, -110.0 ], [ -19.925925925925927, -115.0 ], [ -14.907407407407408, -115.0 ] ] ] } },
{ "type": "Feature", "properties": { "opt_id": 622 }, "geometry": { "type": "Polygon", "coordinates": [ [ [ -9.888888888888889, -115.0 ], [ -9.888888888888889, -110.0 ], [ -14.907407407407408, -110.0 ], [ -14.907407407407408, -115.0 ], [ -9.888888888888889, -115.0 ] ] ] } },
{ "type": "Feature", "properties": { "opt_id": 623 }, "geometry": { "type": "Polygon", "coordinates": [ [ [ -4.870370370370375, -115.0 ], [ -4.870370370370375, -110.0 ], [ -9.888888888888893, -110.0 ], [ -9.888888888888893, -115.0 ], [ -4.870370370370375, -115.0 ] ] ] } },
{ "type": "Feature", "properties": { "opt_id": 624 }, "geometry": { "type": "Polygon", "coordinates": [ [ [ 0.148148148148144, -115.0 ], [ 0.148148148148144, -110.0 ], [ -4.870370370370374, -110.0 ], [ -4.870370370370374, -115.0 ], [ 0.148148148148144, -115.0 ] ] ] } },
{ "type": "Feature", "properties": { "opt_id": 625 }, "geometry": { "type": "Polygon", "coordinates": [ [ [ 40.296296296296291, -115.0 ], [ 40.296296296296291, -110.0 ], [ 35.277777777777771, -110.0 ], [ 35.277777777777771, -115.0 ], [ 40.296296296296291, -115.0 ] ] ] } },
{ "type": "Feature", "properties": { "opt_id": 626 }, "geometry": { "type": "Polygon", "coordinates": [ [ [ 45.31481481481481, -115.0 ], [ 45.31481481481481, -110.0 ], [ 40.296296296296291, -110.0 ], [ 40.296296296296291, -115.0 ], [ 45.31481481481481, -115.0 ] ] ] } },
{ "type": "Feature", "properties": { "opt_id": 627 }, "geometry": { "type": "Polygon", "coordinates": [ [ [ 60.370370370370367, -115.0 ], [ 60.370370370370367, -110.0 ], [ 55.351851851851848, -110.0 ], [ 55.351851851851848, -115.0 ], [ 60.370370370370367, -115.0 ] ] ] } },
{ "type": "Feature", "properties": { "opt_id": 628 }, "geometry": { "type": "Polygon", "coordinates": [ [ [ 65.388888888888886, -115.0 ], [ 65.388888888888886, -110.0 ], [ 60.370370370370367, -110.0 ], [ 60.370370370370367, -115.0 ], [ 65.388888888888886, -115.0 ] ] ] } },
{ "type": "Feature", "properties": { "opt_id": 629 }, "geometry": { "type": "Polygon", "coordinates": [ [ [ 70.407407407407405, -115.0 ], [ 70.407407407407405, -110.0 ], [ 65.388888888888886, -110.0 ], [ 65.388888888888886, -115.0 ], [ 70.407407407407405, -115.0 ] ] ] } },
{ "type": "Feature", "properties": { "opt_id": 630 }, "geometry": { "type": "Polygon", "coordinates": [ [ [ 75.425925925925924, -115.0 ], [ 75.425925925925924, -110.0 ], [ 70.407407407407405, -110.0 ], [ 70.407407407407405, -115.0 ], [ 75.425925925925924, -115.0 ] ] ] } },
{ "type": "Feature", "properties": { "opt_id": 631 }, "geometry": { "type": "Polygon", "coordinates": [ [ [ 80.444444444444443, -115.0 ], [ 80.444444444444443, -110.0 ], [ 75.425925925925924, -110.0 ], [ 75.425925925925924, -115.0 ], [ 80.444444444444443, -115.0 ] ] ] } },
{ "type": "Feature", "properties": { "opt_id": 632 }, "geometry": { "type": "Polygon", "coordinates": [ [ [ 85.462962962962948, -115.0 ], [ 85.462962962962948, -110.0 ], [ 80.444444444444429, -110.0 ], [ 80.444444444444429, -115.0 ], [ 85.462962962962948, -115.0 ] ] ] } },
{ "type": "Feature", "properties": { "opt_id": 633 }, "geometry": { "type": "Polygon", "coordinates": [ [ [ 110.555555555555557, -115.0 ], [ 110.555555555555557, -110.0 ], [ 105.537037037037038, -110.0 ], [ 105.537037037037038, -115.0 ], [ 110.555555555555557, -115.0 ] ] ] } },
{ "type": "Feature", "properties": { "opt_id": 634 }, "geometry": { "type": "Polygon", "coordinates": [ [ [ 115.574074074074062, -115.0 ], [ 115.574074074074062, -110.0 ], [ 110.555555555555543, -110.0 ], [ 110.555555555555543, -115.0 ], [ 115.574074074074062, -115.0 ] ] ] } },
{ "type": "Feature", "properties": { "opt_id": 635 }, "geometry": { "type": "Polygon", "coordinates": [ [ [ 120.592592592592595, -115.0 ], [ 120.592592592592595, -110.0 ], [ 115.574074074074076, -110.0 ], [ 115.574074074074076, -115.0 ], [ 120.592592592592595, -115.0 ] ] ] } },
{ "type": "Feature", "properties": { "opt_id": 636 }, "geometry": { "type": "Polygon", "coordinates": [ [ [ 125.6111111111111, -115.0 ], [ 125.6111111111111, -110.0 ], [ 120.592592592592581, -110.0 ], [ 120.592592592592581, -115.0 ], [ 125.6111111111111, -115.0 ] ] ] } },
{ "type": "Feature", "properties": { "opt_id": 637 }, "geometry": { "type": "Polygon", "coordinates": [ [ [ 130.629629629629591, -115.0 ], [ 130.629629629629591, -110.0 ], [ 125.611111111111086, -110.0 ], [ 125.611111111111086, -115.0 ], [ 130.629629629629591, -115.0 ] ] ] } },
{ "type": "Feature", "properties": { "opt_id": 638 }, "geometry": { "type": "Polygon", "coordinates": [ [ [ 135.648148148148124, -115.0 ], [ 135.648148148148124, -110.0 ], [ 130.629629629629619, -110.0 ], [ 130.629629629629619, -115.0 ], [ 135.648148148148124, -115.0 ] ] ] } },
{ "type": "Feature", "properties": { "opt_id": 639 }, "geometry": { "type": "Polygon", "coordinates": [ [ [ 140.666666666666629, -115.0 ], [ 140.666666666666629, -110.0 ], [ 135.648148148148124, -110.0 ], [ 135.648148148148124, -115.0 ], [ 140.666666666666629, -115.0 ] ] ] } },
{ "type": "Feature", "properties": { "opt_id": 640 }, "geometry": { "type": "Polygon", "coordinates": [ [ [ 150.703703703703667, -115.0 ], [ 150.703703703703667, -110.0 ], [ 145.685185185185162, -110.0 ], [ 145.685185185185162, -115.0 ], [ 150.703703703703667, -115.0 ] ] ] } },
{ "type": "Feature", "properties": { "opt_id": 641 }, "geometry": { "type": "Polygon", "coordinates": [ [ [ -24.944444444444443, -120.0 ], [ -24.944444444444443, -115.0 ], [ -29.962962962962962, -115.0 ], [ -29.962962962962962, -120.0 ], [ -24.944444444444443, -120.0 ] ] ] } },
{ "type": "Feature", "properties": { "opt_id": 642 }, "geometry": { "type": "Polygon", "coordinates": [ [ [ -19.925925925925927, -120.0 ], [ -19.925925925925927, -115.0 ], [ -24.944444444444446, -115.0 ], [ -24.944444444444446, -120.0 ], [ -19.925925925925927, -120.0 ] ] ] } },
{ "type": "Feature", "properties": { "opt_id": 643 }, "geometry": { "type": "Polygon", "coordinates": [ [ [ -14.907407407407408, -120.0 ], [ -14.907407407407408, -115.0 ], [ -19.925925925925927, -115.0 ], [ -19.925925925925927, -120.0 ], [ -14.907407407407408, -120.0 ] ] ] } },
{ "type": "Feature", "properties": { "opt_id": 644 }, "geometry": { "type": "Polygon", "coordinates": [ [ [ -9.888888888888889, -120.0 ], [ -9.888888888888889, -115.0 ], [ -14.907407407407408, -115.0 ], [ -14.907407407407408, -120.0 ], [ -9.888888888888889, -120.0 ] ] ] } },
{ "type": "Feature", "properties": { "opt_id": 645 }, "geometry": { "type": "Polygon", "coordinates": [ [ [ -4.870370370370375, -120.0 ], [ -4.870370370370375, -115.0 ], [ -9.888888888888893, -115.0 ], [ -9.888888888888893, -120.0 ], [ -4.870370370370375, -120.0 ] ] ] } },
{ "type": "Feature", "properties": { "opt_id": 646 }, "geometry": { "type": "Polygon", "coordinates": [ [ [ 0.148148148148144, -120.0 ], [ 0.148148148148144, -115.0 ], [ -4.870370370370374, -115.0 ], [ -4.870370370370374, -120.0 ], [ 0.148148148148144, -120.0 ] ] ] } },
{ "type": "Feature", "properties": { "opt_id": 647 }, "geometry": { "type": "Polygon", "coordinates": [ [ [ 45.31481481481481, -120.0 ], [ 45.31481481481481, -115.0 ], [ 40.296296296296291, -115.0 ], [ 40.296296296296291, -120.0 ], [ 45.31481481481481, -120.0 ] ] ] } },
{ "type": "Feature", "properties": { "opt_id": 648 }, "geometry": { "type": "Polygon", "coordinates": [ [ [ 60.370370370370367, -120.0 ], [ 60.370370370370367, -115.0 ], [ 55.351851851851848, -115.0 ], [ 55.351851851851848, -120.0 ], [ 60.370370370370367, -120.0 ] ] ] } },
{ "type": "Feature", "properties": { "opt_id": 649 }, "geometry": { "type": "Polygon", "coordinates": [ [ [ 65.388888888888886, -120.0 ], [ 65.388888888888886, -115.0 ], [ 60.370370370370367, -115.0 ], [ 60.370370370370367, -120.0 ], [ 65.388888888888886, -120.0 ] ] ] } },
{ "type": "Feature", "properties": { "opt_id": 650 }, "geometry": { "type": "Polygon", "coordinates": [ [ [ 70.407407407407405, -120.0 ], [ 70.407407407407405, -115.0 ], [ 65.388888888888886, -115.0 ], [ 65.388888888888886, -120.0 ], [ 70.407407407407405, -120.0 ] ] ] } },
{ "type": "Feature", "properties": { "opt_id": 651 }, "geometry": { "type": "Polygon", "coordinates": [ [ [ 75.425925925925924, -120.0 ], [ 75.425925925925924, -115.0 ], [ 70.407407407407405, -115.0 ], [ 70.407407407407405, -120.0 ], [ 75.425925925925924, -120.0 ] ] ] } },
{ "type": "Feature", "properties": { "opt_id": 652 }, "geometry": { "type": "Polygon", "coordinates": [ [ [ 80.444444444444443, -120.0 ], [ 80.444444444444443, -115.0 ], [ 75.425925925925924, -115.0 ], [ 75.425925925925924, -120.0 ], [ 80.444444444444443, -120.0 ] ] ] } },
{ "type": "Feature", "properties": { "opt_id": 653 }, "geometry": { "type": "Polygon", "coordinates": [ [ [ 85.462962962962948, -120.0 ], [ 85.462962962962948, -115.0 ], [ 80.444444444444429, -115.0 ], [ 80.444444444444429, -120.0 ], [ 85.462962962962948, -120.0 ] ] ] } },
{ "type": "Feature", "properties": { "opt_id": 654 }, "geometry": { "type": "Polygon", "coordinates": [ [ [ 110.555555555555557, -120.0 ], [ 110.555555555555557, -115.0 ], [ 105.537037037037038, -115.0 ], [ 105.537037037037038, -120.0 ], [ 110.555555555555557, -120.0 ] ] ] } },
{ "type": "Feature", "properties": { "opt_id": 655 }, "geometry": { "type": "Polygon", "coordinates": [ [ [ 115.574074074074062, -120.0 ], [ 115.574074074074062, -115.0 ], [ 110.555555555555543, -115.0 ], [ 110.555555555555543, -120.0 ], [ 115.574074074074062, -120.0 ] ] ] } },
{ "type": "Feature", "properties": { "opt_id": 656 }, "geometry": { "type": "Polygon", "coordinates": [ [ [ 120.592592592592595, -120.0 ], [ 120.592592592592595, -115.0 ], [ 115.574074074074076, -115.0 ], [ 115.574074074074076, -120.0 ], [ 120.592592592592595, -120.0 ] ] ] } },
{ "type": "Feature", "properties": { "opt_id": 657 }, "geometry": { "type": "Polygon", "coordinates": [ [ [ 125.6111111111111, -120.0 ], [ 125.6111111111111, -115.0 ], [ 120.592592592592581, -115.0 ], [ 120.592592592592581, -120.0 ], [ 125.6111111111111, -120.0 ] ] ] } },
{ "type": "Feature", "properties": { "opt_id": 658 }, "geometry": { "type": "Polygon", "coordinates": [ [ [ 130.629629629629591, -120.0 ], [ 130.629629629629591, -115.0 ], [ 125.611111111111086, -115.0 ], [ 125.611111111111086, -120.0 ], [ 130.629629629629591, -120.0 ] ] ] } },
{ "type": "Feature", "properties": { "opt_id": 659 }, "geometry": { "type": "Polygon", "coordinates": [ [ [ 135.648148148148124, -120.0 ], [ 135.648148148148124, -115.0 ], [ 130.629629629629619, -115.0 ], [ 130.629629629629619, -120.0 ], [ 135.648148148148124, -120.0 ] ] ] } },
{ "type": "Feature", "properties": { "opt_id": 660 }, "geometry": { "type": "Polygon", "coordinates": [ [ [ 140.666666666666629, -120.0 ], [ 140.666666666666629, -115.0 ], [ 135.648148148148124, -115.0 ], [ 135.648148148148124, -120.0 ], [ 140.666666666666629, -120.0 ] ] ] } },
{ "type": "Feature", "properties": { "opt_id": 661 }, "geometry": { "type": "Polygon", "coordinates": [ [ [ 150.703703703703667, -120.0 ], [ 150.703703703703667, -115.0 ], [ 145.685185185185162, -115.0 ], [ 145.685185185185162, -120.0 ], [ 150.703703703703667, -120.0 ] ] ] } },
{ "type": "Feature", "properties": { "opt_id": 662 }, "geometry": { "type": "Polygon", "coordinates": [ [ [ -24.944444444444443, -125.0 ], [ -24.944444444444443, -120.0 ], [ -29.962962962962962, -120.0 ], [ -29.962962962962962, -125.0 ], [ -24.944444444444443, -125.0 ] ] ] } },
{ "type": "Feature", "properties": { "opt_id": 663 }, "geometry": { "type": "Polygon", "coordinates": [ [ [ -19.925925925925927, -125.0 ], [ -19.925925925925927, -120.0 ], [ -24.944444444444446, -120.0 ], [ -24.944444444444446, -125.0 ], [ -19.925925925925927, -125.0 ] ] ] } },
{ "type": "Feature", "properties": { "opt_id": 664 }, "geometry": { "type": "Polygon", "coordinates": [ [ [ -14.907407407407408, -125.0 ], [ -14.907407407407408, -120.0 ], [ -19.925925925925927, -120.0 ], [ -19.925925925925927, -125.0 ], [ -14.907407407407408, -125.0 ] ] ] } },
{ "type": "Feature", "properties": { "opt_id": 665 }, "geometry": { "type": "Polygon", "coordinates": [ [ [ -9.888888888888889, -125.0 ], [ -9.888888888888889, -120.0 ], [ -14.907407407407408, -120.0 ], [ -14.907407407407408, -125.0 ], [ -9.888888888888889, -125.0 ] ] ] } },
{ "type": "Feature", "properties": { "opt_id": 666 }, "geometry": { "type": "Polygon", "coordinates": [ [ [ -4.870370370370375, -125.0 ], [ -4.870370370370375, -120.0 ], [ -9.888888888888893, -120.0 ], [ -9.888888888888893, -125.0 ], [ -4.870370370370375, -125.0 ] ] ] } },
{ "type": "Feature", "properties": { "opt_id": 667 }, "geometry": { "type": "Polygon", "coordinates": [ [ [ 0.148148148148144, -125.0 ], [ 0.148148148148144, -120.0 ], [ -4.870370370370374, -120.0 ], [ -4.870370370370374, -125.0 ], [ 0.148148148148144, -125.0 ] ] ] } },
{ "type": "Feature", "properties": { "opt_id": 668 }, "geometry": { "type": "Polygon", "coordinates": [ [ [ -4.870370370370375, -130.0 ], [ -4.870370370370375, -125.0 ], [ -9.888888888888893, -125.0 ], [ -9.888888888888893, -130.0 ], [ -4.870370370370375, -130.0 ] ] ] } },
{ "type": "Feature", "properties": { "opt_id": 669 }, "geometry": { "type": "Polygon", "coordinates": [ [ [ 0.148148148148144, -130.0 ], [ 0.148148148148144, -125.0 ], [ -4.870370370370374, -125.0 ], [ -4.870370370370374, -130.0 ], [ 0.148148148148144, -130.0 ] ] ] } },
{ "type": "Feature", "properties": { "opt_id": 670 }, "geometry": { "type": "Polygon", "coordinates": [ [ [ 0.148148148148144, -135.0 ], [ 0.148148148148144, -130.0 ], [ -4.870370370370374, -130.0 ], [ -4.870370370370374, -135.0 ], [ 0.148148148148144, -135.0 ] ] ] } },
{ "type": "Feature", "properties": { "opt_id": 671 }, "geometry": { "type": "Polygon", "coordinates": [ [ [ 0.148148148148144, -140.0 ], [ 0.148148148148144, -135.0 ], [ -4.870370370370374, -135.0 ], [ -4.870370370370374, -140.0 ], [ 0.148148148148144, -140.0 ] ] ] } },
{ "type": "Feature", "properties": { "opt_id": 672 }, "geometry": { "type": "Polygon", "coordinates": [ [ [ 5.166666666666663, -140.0 ], [ 5.166666666666663, -135.0 ], [ 0.148148148148145, -135.0 ], [ 0.148148148148145, -140.0 ], [ 5.166666666666663, -140.0 ] ] ] } },
{ "type": "Feature", "properties": { "opt_id": 673 }, "geometry": { "type": "Polygon", "coordinates": [ [ [ 10.185185185185183, -140.0 ], [ 10.185185185185183, -135.0 ], [ 5.166666666666664, -135.0 ], [ 5.166666666666664, -140.0 ], [ 10.185185185185183, -140.0 ] ] ] } },
{ "type": "Feature", "properties": { "opt_id": 674 }, "geometry": { "type": "Polygon", "coordinates": [ [ [ 15.203703703703702, -140.0 ], [ 15.203703703703702, -135.0 ], [ 10.185185185185183, -135.0 ], [ 10.185185185185183, -140.0 ], [ 15.203703703703702, -140.0 ] ] ] } },
{ "type": "Feature", "properties": { "opt_id": 675 }, "geometry": { "type": "Polygon", "coordinates": [ [ [ 20.222222222222221, -140.0 ], [ 20.222222222222221, -135.0 ], [ 15.203703703703702, -135.0 ], [ 15.203703703703702, -140.0 ], [ 20.222222222222221, -140.0 ] ] ] } },
{ "type": "Feature", "properties": { "opt_id": 676 }, "geometry": { "type": "Polygon", "coordinates": [ [ [ 25.240740740740733, -140.0 ], [ 25.240740740740733, -135.0 ], [ 20.222222222222214, -135.0 ], [ 20.222222222222214, -140.0 ], [ 25.240740740740733, -140.0 ] ] ] } },
{ "type": "Feature", "properties": { "opt_id": 677 }, "geometry": { "type": "Polygon", "coordinates": [ [ [ 30.259259259259252, -140.0 ], [ 30.259259259259252, -135.0 ], [ 25.240740740740733, -135.0 ], [ 25.240740740740733, -140.0 ], [ 30.259259259259252, -140.0 ] ] ] } },
{ "type": "Feature", "properties": { "opt_id": 678 }, "geometry": { "type": "Polygon", "coordinates": [ [ [ 35.277777777777771, -140.0 ], [ 35.277777777777771, -135.0 ], [ 30.259259259259252, -135.0 ], [ 30.259259259259252, -140.0 ], [ 35.277777777777771, -140.0 ] ] ] } },
{ "type": "Feature", "properties": { "opt_id": 679 }, "geometry": { "type": "Polygon", "coordinates": [ [ [ 40.296296296296291, -140.0 ], [ 40.296296296296291, -135.0 ], [ 35.277777777777771, -135.0 ], [ 35.277777777777771, -140.0 ], [ 40.296296296296291, -140.0 ] ] ] } },
{ "type": "Feature", "properties": { "opt_id": 680 }, "geometry": { "type": "Polygon", "coordinates": [ [ [ 45.31481481481481, -140.0 ], [ 45.31481481481481, -135.0 ], [ 40.296296296296291, -135.0 ], [ 40.296296296296291, -140.0 ], [ 45.31481481481481, -140.0 ] ] ] } },
{ "type": "Feature", "properties": { "opt_id": 681 }, "geometry": { "type": "Polygon", "coordinates": [ [ [ 50.333333333333329, -140.0 ], [ 50.333333333333329, -135.0 ], [ 45.31481481481481, -135.0 ], [ 45.31481481481481, -140.0 ], [ 50.333333333333329, -140.0 ] ] ] } },
{ "type": "Feature", "properties": { "opt_id": 682 }, "geometry": { "type": "Polygon", "coordinates": [ [ [ 55.351851851851848, -140.0 ], [ 55.351851851851848, -135.0 ], [ 50.333333333333329, -135.0 ], [ 50.333333333333329, -140.0 ], [ 55.351851851851848, -140.0 ] ] ] } },
{ "type": "Feature", "properties": { "opt_id": 683 }, "geometry": { "type": "Polygon", "coordinates": [ [ [ 60.370370370370367, -140.0 ], [ 60.370370370370367, -135.0 ], [ 55.351851851851848, -135.0 ], [ 55.351851851851848, -140.0 ], [ 60.370370370370367, -140.0 ] ] ] } },
{ "type": "Feature", "properties": { "opt_id": 684 }, "geometry": { "type": "Polygon", "coordinates": [ [ [ 65.388888888888886, -140.0 ], [ 65.388888888888886, -135.0 ], [ 60.370370370370367, -135.0 ], [ 60.370370370370367, -140.0 ], [ 65.388888888888886, -140.0 ] ] ] } },
{ "type": "Feature", "properties": { "opt_id": 685 }, "geometry": { "type": "Polygon", "coordinates": [ [ [ 70.407407407407405, -140.0 ], [ 70.407407407407405, -135.0 ], [ 65.388888888888886, -135.0 ], [ 65.388888888888886, -140.0 ], [ 70.407407407407405, -140.0 ] ] ] } },
{ "type": "Feature", "properties": { "opt_id": 686 }, "geometry": { "type": "Polygon", "coordinates": [ [ [ 75.425925925925924, -140.0 ], [ 75.425925925925924, -135.0 ], [ 70.407407407407405, -135.0 ], [ 70.407407407407405, -140.0 ], [ 75.425925925925924, -140.0 ] ] ] } },
{ "type": "Feature", "properties": { "opt_id": 687 }, "geometry": { "type": "Polygon", "coordinates": [ [ [ 80.444444444444443, -140.0 ], [ 80.444444444444443, -135.0 ], [ 75.425925925925924, -135.0 ], [ 75.425925925925924, -140.0 ], [ 80.444444444444443, -140.0 ] ] ] } },
{ "type": "Feature", "properties": { "opt_id": 688 }, "geometry": { "type": "Polygon", "coordinates": [ [ [ 85.462962962962948, -140.0 ], [ 85.462962962962948, -135.0 ], [ 80.444444444444429, -135.0 ], [ 80.444444444444429, -140.0 ], [ 85.462962962962948, -140.0 ] ] ] } },
{ "type": "Feature", "properties": { "opt_id": 689 }, "geometry": { "type": "Polygon", "coordinates": [ [ [ 90.481481481481467, -140.0 ], [ 90.481481481481467, -135.0 ], [ 85.462962962962948, -135.0 ], [ 85.462962962962948, -140.0 ], [ 90.481481481481467, -140.0 ] ] ] } },
{ "type": "Feature", "properties": { "opt_id": 690 }, "geometry": { "type": "Polygon", "coordinates": [ [ [ -4.870370370370375, -145.0 ], [ -4.870370370370375, -140.0 ], [ -9.888888888888893, -140.0 ], [ -9.888888888888893, -145.0 ], [ -4.870370370370375, -145.0 ] ] ] } },
{ "type": "Feature", "properties": { "opt_id": 691 }, "geometry": { "type": "Polygon", "coordinates": [ [ [ 0.148148148148144, -145.0 ], [ 0.148148148148144, -140.0 ], [ -4.870370370370374, -140.0 ], [ -4.870370370370374, -145.0 ], [ 0.148148148148144, -145.0 ] ] ] } },
{ "type": "Feature", "properties": { "opt_id": 692 }, "geometry": { "type": "Polygon", "coordinates": [ [ [ 5.166666666666663, -145.0 ], [ 5.166666666666663, -140.0 ], [ 0.148148148148145, -140.0 ], [ 0.148148148148145, -145.0 ], [ 5.166666666666663, -145.0 ] ] ] } },
{ "type": "Feature", "properties": { "opt_id": 693 }, "geometry": { "type": "Polygon", "coordinates": [ [ [ 10.185185185185183, -145.0 ], [ 10.185185185185183, -140.0 ], [ 5.166666666666664, -140.0 ], [ 5.166666666666664, -145.0 ], [ 10.185185185185183, -145.0 ] ] ] } },
{ "type": "Feature", "properties": { "opt_id": 694 }, "geometry": { "type": "Polygon", "coordinates": [ [ [ 15.203703703703702, -145.0 ], [ 15.203703703703702, -140.0 ], [ 10.185185185185183, -140.0 ], [ 10.185185185185183, -145.0 ], [ 15.203703703703702, -145.0 ] ] ] } },
{ "type": "Feature", "properties": { "opt_id": 695 }, "geometry": { "type": "Polygon", "coordinates": [ [ [ 20.222222222222221, -145.0 ], [ 20.222222222222221, -140.0 ], [ 15.203703703703702, -140.0 ], [ 15.203703703703702, -145.0 ], [ 20.222222222222221, -145.0 ] ] ] } },
{ "type": "Feature", "properties": { "opt_id": 696 }, "geometry": { "type": "Polygon", "coordinates": [ [ [ 25.240740740740733, -145.0 ], [ 25.240740740740733, -140.0 ], [ 20.222222222222214, -140.0 ], [ 20.222222222222214, -145.0 ], [ 25.240740740740733, -145.0 ] ] ] } },
{ "type": "Feature", "properties": { "opt_id": 697 }, "geometry": { "type": "Polygon", "coordinates": [ [ [ 45.31481481481481, -145.0 ], [ 45.31481481481481, -140.0 ], [ 40.296296296296291, -140.0 ], [ 40.296296296296291, -145.0 ], [ 45.31481481481481, -145.0 ] ] ] } },
{ "type": "Feature", "properties": { "opt_id": 698 }, "geometry": { "type": "Polygon", "coordinates": [ [ [ 50.333333333333329, -145.0 ], [ 50.333333333333329, -140.0 ], [ 45.31481481481481, -140.0 ], [ 45.31481481481481, -145.0 ], [ 50.333333333333329, -145.0 ] ] ] } },
{ "type": "Feature", "properties": { "opt_id": 699 }, "geometry": { "type": "Polygon", "coordinates": [ [ [ 55.351851851851848, -145.0 ], [ 55.351851851851848, -140.0 ], [ 50.333333333333329, -140.0 ], [ 50.333333333333329, -145.0 ], [ 55.351851851851848, -145.0 ] ] ] } },
{ "type": "Feature", "properties": { "opt_id": 700 }, "geometry": { "type": "Polygon", "coordinates": [ [ [ 60.370370370370367, -145.0 ], [ 60.370370370370367, -140.0 ], [ 55.351851851851848, -140.0 ], [ 55.351851851851848, -145.0 ], [ 60.370370370370367, -145.0 ] ] ] } },
{ "type": "Feature", "properties": { "opt_id": 701 }, "geometry": { "type": "Polygon", "coordinates": [ [ [ 65.388888888888886, -145.0 ], [ 65.388888888888886, -140.0 ], [ 60.370370370370367, -140.0 ], [ 60.370370370370367, -145.0 ], [ 65.388888888888886, -145.0 ] ] ] } },
{ "type": "Feature", "properties": { "opt_id": 702 }, "geometry": { "type": "Polygon", "coordinates": [ [ [ 70.407407407407405, -145.0 ], [ 70.407407407407405, -140.0 ], [ 65.388888888888886, -140.0 ], [ 65.388888888888886, -145.0 ], [ 70.407407407407405, -145.0 ] ] ] } },
{ "type": "Feature", "properties": { "opt_id": 703 }, "geometry": { "type": "Polygon", "coordinates": [ [ [ 75.425925925925924, -145.0 ], [ 75.425925925925924, -140.0 ], [ 70.407407407407405, -140.0 ], [ 70.407407407407405, -145.0 ], [ 75.425925925925924, -145.0 ] ] ] } },
{ "type": "Feature", "properties": { "opt_id": 704 }, "geometry": { "type": "Polygon", "coordinates": [ [ [ 80.444444444444443, -145.0 ], [ 80.444444444444443, -140.0 ], [ 75.425925925925924, -140.0 ], [ 75.425925925925924, -145.0 ], [ 80.444444444444443, -145.0 ] ] ] } },
{ "type": "Feature", "properties": { "opt_id": 705 }, "geometry": { "type": "Polygon", "coordinates": [ [ [ 85.462962962962948, -145.0 ], [ 85.462962962962948, -140.0 ], [ 80.444444444444429, -140.0 ], [ 80.444444444444429, -145.0 ], [ 85.462962962962948, -145.0 ] ] ] } },
{ "type": "Feature", "properties": { "opt_id": 706 }, "geometry": { "type": "Polygon", "coordinates": [ [ [ 90.481481481481467, -145.0 ], [ 90.481481481481467, -140.0 ], [ 85.462962962962948, -140.0 ], [ 85.462962962962948, -145.0 ], [ 90.481481481481467, -145.0 ] ] ] } },
{ "type": "Feature", "properties": { "opt_id": 707 }, "geometry": { "type": "Polygon", "coordinates": [ [ [ 115.574074074074062, -145.0 ], [ 115.574074074074062, -140.0 ], [ 110.555555555555543, -140.0 ], [ 110.555555555555543, -145.0 ], [ 115.574074074074062, -145.0 ] ] ] } },
{ "type": "Feature", "properties": { "opt_id": 708 }, "geometry": { "type": "Polygon", "coordinates": [ [ [ 120.592592592592595, -145.0 ], [ 120.592592592592595, -140.0 ], [ 115.574074074074076, -140.0 ], [ 115.574074074074076, -145.0 ], [ 120.592592592592595, -145.0 ] ] ] } },
{ "type": "Feature", "properties": { "opt_id": 709 }, "geometry": { "type": "Polygon", "coordinates": [ [ [ 125.6111111111111, -145.0 ], [ 125.6111111111111, -140.0 ], [ 120.592592592592581, -140.0 ], [ 120.592592592592581, -145.0 ], [ 125.6111111111111, -145.0 ] ] ] } },
{ "type": "Feature", "properties": { "opt_id": 710 }, "geometry": { "type": "Polygon", "coordinates": [ [ [ 130.629629629629591, -145.0 ], [ 130.629629629629591, -140.0 ], [ 125.611111111111086, -140.0 ], [ 125.611111111111086, -145.0 ], [ 130.629629629629591, -145.0 ] ] ] } },
{ "type": "Feature", "properties": { "opt_id": 711 }, "geometry": { "type": "Polygon", "coordinates": [ [ [ 135.648148148148124, -145.0 ], [ 135.648148148148124, -140.0 ], [ 130.629629629629619, -140.0 ], [ 130.629629629629619, -145.0 ], [ 135.648148148148124, -145.0 ] ] ] } },
{ "type": "Feature", "properties": { "opt_id": 712 }, "geometry": { "type": "Polygon", "coordinates": [ [ [ 140.666666666666629, -145.0 ], [ 140.666666666666629, -140.0 ], [ 135.648148148148124, -140.0 ], [ 135.648148148148124, -145.0 ], [ 140.666666666666629, -145.0 ] ] ] } },
{ "type": "Feature", "properties": { "opt_id": 713 }, "geometry": { "type": "Polygon", "coordinates": [ [ [ 145.685185185185162, -145.0 ], [ 145.685185185185162, -140.0 ], [ 140.666666666666657, -140.0 ], [ 140.666666666666657, -145.0 ], [ 145.685185185185162, -145.0 ] ] ] } },
{ "type": "Feature", "properties": { "opt_id": 714 }, "geometry": { "type": "Polygon", "coordinates": [ [ [ 150.703703703703667, -145.0 ], [ 150.703703703703667, -140.0 ], [ 145.685185185185162, -140.0 ], [ 145.685185185185162, -145.0 ], [ 150.703703703703667, -145.0 ] ] ] } },
{ "type": "Feature", "properties": { "opt_id": 715 }, "geometry": { "type": "Polygon", "coordinates": [ [ [ 155.7222222222222, -145.0 ], [ 155.7222222222222, -140.0 ], [ 150.703703703703695, -140.0 ], [ 150.703703703703695, -145.0 ], [ 155.7222222222222, -145.0 ] ] ] } },
{ "type": "Feature", "properties": { "opt_id": 716 }, "geometry": { "type": "Polygon", "coordinates": [ [ [ 160.740740740740705, -145.0 ], [ 160.740740740740705, -140.0 ], [ 155.7222222222222, -140.0 ], [ 155.7222222222222, -145.0 ], [ 160.740740740740705, -145.0 ] ] ] } },
{ "type": "Feature", "properties": { "opt_id": 717 }, "geometry": { "type": "Polygon", "coordinates": [ [ [ 165.759259259259238, -145.0 ], [ 165.759259259259238, -140.0 ], [ 160.740740740740733, -140.0 ], [ 160.740740740740733, -145.0 ], [ 165.759259259259238, -145.0 ] ] ] } },
{ "type": "Feature", "properties": { "opt_id": 718 }, "geometry": { "type": "Polygon", "coordinates": [ [ [ 170.777777777777743, -145.0 ], [ 170.777777777777743, -140.0 ], [ 165.759259259259238, -140.0 ], [ 165.759259259259238, -145.0 ], [ 170.777777777777743, -145.0 ] ] ] } },
{ "type": "Feature", "properties": { "opt_id": 719 }, "geometry": { "type": "Polygon", "coordinates": [ [ [ 175.796296296296276, -145.0 ], [ 175.796296296296276, -140.0 ], [ 170.777777777777771, -140.0 ], [ 170.777777777777771, -145.0 ], [ 175.796296296296276, -145.0 ] ] ] } },
{ "type": "Feature", "properties": { "opt_id": 720 }, "geometry": { "type": "Polygon", "coordinates": [ [ [ 180.814814814814781, -145.0 ], [ 180.814814814814781, -140.0 ], [ 175.796296296296276, -140.0 ], [ 175.796296296296276, -145.0 ], [ 180.814814814814781, -145.0 ] ] ] } },
{ "type": "Feature", "properties": { "opt_id": 721 }, "geometry": { "type": "Polygon", "coordinates": [ [ [ 185.833333333333314, -145.0 ], [ 185.833333333333314, -140.0 ], [ 180.81481481481481, -140.0 ], [ 180.81481481481481, -145.0 ], [ 185.833333333333314, -145.0 ] ] ] } },
{ "type": "Feature", "properties": { "opt_id": 722 }, "geometry": { "type": "Polygon", "coordinates": [ [ [ 190.851851851851819, -145.0 ], [ 190.851851851851819, -140.0 ], [ 185.833333333333314, -140.0 ], [ 185.833333333333314, -145.0 ], [ 190.851851851851819, -145.0 ] ] ] } },
{ "type": "Feature", "properties": { "opt_id": 723 }, "geometry": { "type": "Polygon", "coordinates": [ [ [ 195.870370370370352, -145.0 ], [ 195.870370370370352, -140.0 ], [ 190.851851851851848, -140.0 ], [ 190.851851851851848, -145.0 ], [ 195.870370370370352, -145.0 ] ] ] } },
{ "type": "Feature", "properties": { "opt_id": 724 }, "geometry": { "type": "Polygon", "coordinates": [ [ [ 200.888888888888857, -145.0 ], [ 200.888888888888857, -140.0 ], [ 195.870370370370352, -140.0 ], [ 195.870370370370352, -145.0 ], [ 200.888888888888857, -145.0 ] ] ] } },
{ "type": "Feature", "properties": { "opt_id": 725 }, "geometry": { "type": "Polygon", "coordinates": [ [ [ 205.907407407407362, -145.0 ], [ 205.907407407407362, -140.0 ], [ 200.888888888888857, -140.0 ], [ 200.888888888888857, -145.0 ], [ 205.907407407407362, -145.0 ] ] ] } },
{ "type": "Feature", "properties": { "opt_id": 726 }, "geometry": { "type": "Polygon", "coordinates": [ [ [ -4.870370370370375, -150.0 ], [ -4.870370370370375, -145.0 ], [ -9.888888888888893, -145.0 ], [ -9.888888888888893, -150.0 ], [ -4.870370370370375, -150.0 ] ] ] } },
{ "type": "Feature", "properties": { "opt_id": 727 }, "geometry": { "type": "Polygon", "coordinates": [ [ [ 0.148148148148144, -150.0 ], [ 0.148148148148144, -145.0 ], [ -4.870370370370374, -145.0 ], [ -4.870370370370374, -150.0 ], [ 0.148148148148144, -150.0 ] ] ] } },
{ "type": "Feature", "properties": { "opt_id": 728 }, "geometry": { "type": "Polygon", "coordinates": [ [ [ 5.166666666666663, -150.0 ], [ 5.166666666666663, -145.0 ], [ 0.148148148148145, -145.0 ], [ 0.148148148148145, -150.0 ], [ 5.166666666666663, -150.0 ] ] ] } },
{ "type": "Feature", "properties": { "opt_id": 729 }, "geometry": { "type": "Polygon", "coordinates": [ [ [ 10.185185185185183, -150.0 ], [ 10.185185185185183, -145.0 ], [ 5.166666666666664, -145.0 ], [ 5.166666666666664, -150.0 ], [ 10.185185185185183, -150.0 ] ] ] } },
{ "type": "Feature", "properties": { "opt_id": 730 }, "geometry": { "type": "Polygon", "coordinates": [ [ [ 15.203703703703702, -150.0 ], [ 15.203703703703702, -145.0 ], [ 10.185185185185183, -145.0 ], [ 10.185185185185183, -150.0 ], [ 15.203703703703702, -150.0 ] ] ] } },
{ "type": "Feature", "properties": { "opt_id": 731 }, "geometry": { "type": "Polygon", "coordinates": [ [ [ 20.222222222222221, -150.0 ], [ 20.222222222222221, -145.0 ], [ 15.203703703703702, -145.0 ], [ 15.203703703703702, -150.0 ], [ 20.222222222222221, -150.0 ] ] ] } },
{ "type": "Feature", "properties": { "opt_id": 732 }, "geometry": { "type": "Polygon", "coordinates": [ [ [ 25.240740740740733, -150.0 ], [ 25.240740740740733, -145.0 ], [ 20.222222222222214, -145.0 ], [ 20.222222222222214, -150.0 ], [ 25.240740740740733, -150.0 ] ] ] } },
{ "type": "Feature", "properties": { "opt_id": 733 }, "geometry": { "type": "Polygon", "coordinates": [ [ [ 45.31481481481481, -150.0 ], [ 45.31481481481481, -145.0 ], [ 40.296296296296291, -145.0 ], [ 40.296296296296291, -150.0 ], [ 45.31481481481481, -150.0 ] ] ] } },
{ "type": "Feature", "properties": { "opt_id": 734 }, "geometry": { "type": "Polygon", "coordinates": [ [ [ 50.333333333333329, -150.0 ], [ 50.333333333333329, -145.0 ], [ 45.31481481481481, -145.0 ], [ 45.31481481481481, -150.0 ], [ 50.333333333333329, -150.0 ] ] ] } },
{ "type": "Feature", "properties": { "opt_id": 735 }, "geometry": { "type": "Polygon", "coordinates": [ [ [ 55.351851851851848, -150.0 ], [ 55.351851851851848, -145.0 ], [ 50.333333333333329, -145.0 ], [ 50.333333333333329, -150.0 ], [ 55.351851851851848, -150.0 ] ] ] } },
{ "type": "Feature", "properties": { "opt_id": 736 }, "geometry": { "type": "Polygon", "coordinates": [ [ [ 60.370370370370367, -150.0 ], [ 60.370370370370367, -145.0 ], [ 55.351851851851848, -145.0 ], [ 55.351851851851848, -150.0 ], [ 60.370370370370367, -150.0 ] ] ] } },
{ "type": "Feature", "properties": { "opt_id": 737 }, "geometry": { "type": "Polygon", "coordinates": [ [ [ 65.388888888888886, -150.0 ], [ 65.388888888888886, -145.0 ], [ 60.370370370370367, -145.0 ], [ 60.370370370370367, -150.0 ], [ 65.388888888888886, -150.0 ] ] ] } },
{ "type": "Feature", "properties": { "opt_id": 738 }, "geometry": { "type": "Polygon", "coordinates": [ [ [ 70.407407407407405, -150.0 ], [ 70.407407407407405, -145.0 ], [ 65.388888888888886, -145.0 ], [ 65.388888888888886, -150.0 ], [ 70.407407407407405, -150.0 ] ] ] } },
{ "type": "Feature", "properties": { "opt_id": 739 }, "geometry": { "type": "Polygon", "coordinates": [ [ [ 75.425925925925924, -150.0 ], [ 75.425925925925924, -145.0 ], [ 70.407407407407405, -145.0 ], [ 70.407407407407405, -150.0 ], [ 75.425925925925924, -150.0 ] ] ] } },
{ "type": "Feature", "properties": { "opt_id": 740 }, "geometry": { "type": "Polygon", "coordinates": [ [ [ 80.444444444444443, -150.0 ], [ 80.444444444444443, -145.0 ], [ 75.425925925925924, -145.0 ], [ 75.425925925925924, -150.0 ], [ 80.444444444444443, -150.0 ] ] ] } },
{ "type": "Feature", "properties": { "opt_id": 741 }, "geometry": { "type": "Polygon", "coordinates": [ [ [ 85.462962962962948, -150.0 ], [ 85.462962962962948, -145.0 ], [ 80.444444444444429, -145.0 ], [ 80.444444444444429, -150.0 ], [ 85.462962962962948, -150.0 ] ] ] } },
{ "type": "Feature", "properties": { "opt_id": 742 }, "geometry": { "type": "Polygon", "coordinates": [ [ [ 90.481481481481467, -150.0 ], [ 90.481481481481467, -145.0 ], [ 85.462962962962948, -145.0 ], [ 85.462962962962948, -150.0 ], [ 90.481481481481467, -150.0 ] ] ] } },
{ "type": "Feature", "properties": { "opt_id": 743 }, "geometry": { "type": "Polygon", "coordinates": [ [ [ 130.629629629629591, -150.0 ], [ 130.629629629629591, -145.0 ], [ 125.611111111111086, -145.0 ], [ 125.611111111111086, -150.0 ], [ 130.629629629629591, -150.0 ] ] ] } },
{ "type": "Feature", "properties": { "opt_id": 744 }, "geometry": { "type": "Polygon", "coordinates": [ [ [ 135.648148148148124, -150.0 ], [ 135.648148148148124, -145.0 ], [ 130.629629629629619, -145.0 ], [ 130.629629629629619, -150.0 ], [ 135.648148148148124, -150.0 ] ] ] } },
{ "type": "Feature", "properties": { "opt_id": 745 }, "geometry": { "type": "Polygon", "coordinates": [ [ [ 140.666666666666629, -150.0 ], [ 140.666666666666629, -145.0 ], [ 135.648148148148124, -145.0 ], [ 135.648148148148124, -150.0 ], [ 140.666666666666629, -150.0 ] ] ] } },
{ "type": "Feature", "properties": { "opt_id": 746 }, "geometry": { "type": "Polygon", "coordinates": [ [ [ 145.685185185185162, -150.0 ], [ 145.685185185185162, -145.0 ], [ 140.666666666666657, -145.0 ], [ 140.666666666666657, -150.0 ], [ 145.685185185185162, -150.0 ] ] ] } },
{ "type": "Feature", "properties": { "opt_id": 747 }, "geometry": { "type": "Polygon", "coordinates": [ [ [ 150.703703703703667, -150.0 ], [ 150.703703703703667, -145.0 ], [ 145.685185185185162, -145.0 ], [ 145.685185185185162, -150.0 ], [ 150.703703703703667, -150.0 ] ] ] } },
{ "type": "Feature", "properties": { "opt_id": 748 }, "geometry": { "type": "Polygon", "coordinates": [ [ [ 155.7222222222222, -150.0 ], [ 155.7222222222222, -145.0 ], [ 150.703703703703695, -145.0 ], [ 150.703703703703695, -150.0 ], [ 155.7222222222222, -150.0 ] ] ] } },
{ "type": "Feature", "properties": { "opt_id": 749 }, "geometry": { "type": "Polygon", "coordinates": [ [ [ 160.740740740740705, -150.0 ], [ 160.740740740740705, -145.0 ], [ 155.7222222222222, -145.0 ], [ 155.7222222222222, -150.0 ], [ 160.740740740740705, -150.0 ] ] ] } },
{ "type": "Feature", "properties": { "opt_id": 750 }, "geometry": { "type": "Polygon", "coordinates": [ [ [ 165.759259259259238, -150.0 ], [ 165.759259259259238, -145.0 ], [ 160.740740740740733, -145.0 ], [ 160.740740740740733, -150.0 ], [ 165.759259259259238, -150.0 ] ] ] } },
{ "type": "Feature", "properties": { "opt_id": 751 }, "geometry": { "type": "Polygon", "coordinates": [ [ [ 170.777777777777743, -150.0 ], [ 170.777777777777743, -145.0 ], [ 165.759259259259238, -145.0 ], [ 165.759259259259238, -150.0 ], [ 170.777777777777743, -150.0 ] ] ] } },
{ "type": "Feature", "properties": { "opt_id": 752 }, "geometry": { "type": "Polygon", "coordinates": [ [ [ 175.796296296296276, -150.0 ], [ 175.796296296296276, -145.0 ], [ 170.777777777777771, -145.0 ], [ 170.777777777777771, -150.0 ], [ 175.796296296296276, -150.0 ] ] ] } },
{ "type": "Feature", "properties": { "opt_id": 753 }, "geometry": { "type": "Polygon", "coordinates": [ [ [ 180.814814814814781, -150.0 ], [ 180.814814814814781, -145.0 ], [ 175.796296296296276, -145.0 ], [ 175.796296296296276, -150.0 ], [ 180.814814814814781, -150.0 ] ] ] } },
{ "type": "Feature", "properties": { "opt_id": 754 }, "geometry": { "type": "Polygon", "coordinates": [ [ [ 185.833333333333314, -150.0 ], [ 185.833333333333314, -145.0 ], [ 180.81481481481481, -145.0 ], [ 180.81481481481481, -150.0 ], [ 185.833333333333314, -150.0 ] ] ] } },
{ "type": "Feature", "properties": { "opt_id": 755 }, "geometry": { "type": "Polygon", "coordinates": [ [ [ 190.851851851851819, -150.0 ], [ 190.851851851851819, -145.0 ], [ 185.833333333333314, -145.0 ], [ 185.833333333333314, -150.0 ], [ 190.851851851851819, -150.0 ] ] ] } },
{ "type": "Feature", "properties": { "opt_id": 756 }, "geometry": { "type": "Polygon", "coordinates": [ [ [ 195.870370370370352, -150.0 ], [ 195.870370370370352, -145.0 ], [ 190.851851851851848, -145.0 ], [ 190.851851851851848, -150.0 ], [ 195.870370370370352, -150.0 ] ] ] } },
{ "type": "Feature", "properties": { "opt_id": 757 }, "geometry": { "type": "Polygon", "coordinates": [ [ [ 200.888888888888857, -150.0 ], [ 200.888888888888857, -145.0 ], [ 195.870370370370352, -145.0 ], [ 195.870370370370352, -150.0 ], [ 200.888888888888857, -150.0 ] ] ] } },
{ "type": "Feature", "properties": { "opt_id": 758 }, "geometry": { "type": "Polygon", "coordinates": [ [ [ 205.907407407407362, -150.0 ], [ 205.907407407407362, -145.0 ], [ 200.888888888888857, -145.0 ], [ 200.888888888888857, -150.0 ], [ 205.907407407407362, -150.0 ] ] ] } },
{ "type": "Feature", "properties": { "opt_id": 759 }, "geometry": { "type": "Polygon", "coordinates": [ [ [ -29.962962962962962, -155.0 ], [ -29.962962962962962, -150.0 ], [ -34.981481481481481, -150.0 ], [ -34.981481481481481, -155.0 ], [ -29.962962962962962, -155.0 ] ] ] } },
{ "type": "Feature", "properties": { "opt_id": 760 }, "geometry": { "type": "Polygon", "coordinates": [ [ [ -24.944444444444443, -155.0 ], [ -24.944444444444443, -150.0 ], [ -29.962962962962962, -150.0 ], [ -29.962962962962962, -155.0 ], [ -24.944444444444443, -155.0 ] ] ] } },
{ "type": "Feature", "properties": { "opt_id": 761 }, "geometry": { "type": "Polygon", "coordinates": [ [ [ -19.925925925925927, -155.0 ], [ -19.925925925925927, -150.0 ], [ -24.944444444444446, -150.0 ], [ -24.944444444444446, -155.0 ], [ -19.925925925925927, -155.0 ] ] ] } },
{ "type": "Feature", "properties": { "opt_id": 762 }, "geometry": { "type": "Polygon", "coordinates": [ [ [ -14.907407407407408, -155.0 ], [ -14.907407407407408, -150.0 ], [ -19.925925925925927, -150.0 ], [ -19.925925925925927, -155.0 ], [ -14.907407407407408, -155.0 ] ] ] } },
{ "type": "Feature", "properties": { "opt_id": 763 }, "geometry": { "type": "Polygon", "coordinates": [ [ [ -9.888888888888889, -155.0 ], [ -9.888888888888889, -150.0 ], [ -14.907407407407408, -150.0 ], [ -14.907407407407408, -155.0 ], [ -9.888888888888889, -155.0 ] ] ] } },
{ "type": "Feature", "properties": { "opt_id": 764 }, "geometry": { "type": "Polygon", "coordinates": [ [ [ -4.870370370370375, -155.0 ], [ -4.870370370370375, -150.0 ], [ -9.888888888888893, -150.0 ], [ -9.888888888888893, -155.0 ], [ -4.870370370370375, -155.0 ] ] ] } },
{ "type": "Feature", "properties": { "opt_id": 765 }, "geometry": { "type": "Polygon", "coordinates": [ [ [ 0.148148148148144, -155.0 ], [ 0.148148148148144, -150.0 ], [ -4.870370370370374, -150.0 ], [ -4.870370370370374, -155.0 ], [ 0.148148148148144, -155.0 ] ] ] } },
{ "type": "Feature", "properties": { "opt_id": 766 }, "geometry": { "type": "Polygon", "coordinates": [ [ [ 5.166666666666663, -155.0 ], [ 5.166666666666663, -150.0 ], [ 0.148148148148145, -150.0 ], [ 0.148148148148145, -155.0 ], [ 5.166666666666663, -155.0 ] ] ] } },
{ "type": "Feature", "properties": { "opt_id": 767 }, "geometry": { "type": "Polygon", "coordinates": [ [ [ 10.185185185185183, -155.0 ], [ 10.185185185185183, -150.0 ], [ 5.166666666666664, -150.0 ], [ 5.166666666666664, -155.0 ], [ 10.185185185185183, -155.0 ] ] ] } },
{ "type": "Feature", "properties": { "opt_id": 768 }, "geometry": { "type": "Polygon", "coordinates": [ [ [ 15.203703703703702, -155.0 ], [ 15.203703703703702, -150.0 ], [ 10.185185185185183, -150.0 ], [ 10.185185185185183, -155.0 ], [ 15.203703703703702, -155.0 ] ] ] } },
{ "type": "Feature", "properties": { "opt_id": 769 }, "geometry": { "type": "Polygon", "coordinates": [ [ [ 20.222222222222221, -155.0 ], [ 20.222222222222221, -150.0 ], [ 15.203703703703702, -150.0 ], [ 15.203703703703702, -155.0 ], [ 20.222222222222221, -155.0 ] ] ] } },
{ "type": "Feature", "properties": { "opt_id": 770 }, "geometry": { "type": "Polygon", "coordinates": [ [ [ 25.240740740740733, -155.0 ], [ 25.240740740740733, -150.0 ], [ 20.222222222222214, -150.0 ], [ 20.222222222222214, -155.0 ], [ 25.240740740740733, -155.0 ] ] ] } },
{ "type": "Feature", "properties": { "opt_id": 771 }, "geometry": { "type": "Polygon", "coordinates": [ [ [ 45.31481481481481, -155.0 ], [ 45.31481481481481, -150.0 ], [ 40.296296296296291, -150.0 ], [ 40.296296296296291, -155.0 ], [ 45.31481481481481, -155.0 ] ] ] } },
{ "type": "Feature", "properties": { "opt_id": 772 }, "geometry": { "type": "Polygon", "coordinates": [ [ [ 50.333333333333329, -155.0 ], [ 50.333333333333329, -150.0 ], [ 45.31481481481481, -150.0 ], [ 45.31481481481481, -155.0 ], [ 50.333333333333329, -155.0 ] ] ] } },
{ "type": "Feature", "properties": { "opt_id": 773 }, "geometry": { "type": "Polygon", "coordinates": [ [ [ 55.351851851851848, -155.0 ], [ 55.351851851851848, -150.0 ], [ 50.333333333333329, -150.0 ], [ 50.333333333333329, -155.0 ], [ 55.351851851851848, -155.0 ] ] ] } },
{ "type": "Feature", "properties": { "opt_id": 774 }, "geometry": { "type": "Polygon", "coordinates": [ [ [ 60.370370370370367, -155.0 ], [ 60.370370370370367, -150.0 ], [ 55.351851851851848, -150.0 ], [ 55.351851851851848, -155.0 ], [ 60.370370370370367, -155.0 ] ] ] } },
{ "type": "Feature", "properties": { "opt_id": 775 }, "geometry": { "type": "Polygon", "coordinates": [ [ [ 65.388888888888886, -155.0 ], [ 65.388888888888886, -150.0 ], [ 60.370370370370367, -150.0 ], [ 60.370370370370367, -155.0 ], [ 65.388888888888886, -155.0 ] ] ] } },
{ "type": "Feature", "properties": { "opt_id": 776 }, "geometry": { "type": "Polygon", "coordinates": [ [ [ 70.407407407407405, -155.0 ], [ 70.407407407407405, -150.0 ], [ 65.388888888888886, -150.0 ], [ 65.388888888888886, -155.0 ], [ 70.407407407407405, -155.0 ] ] ] } },
{ "type": "Feature", "properties": { "opt_id": 777 }, "geometry": { "type": "Polygon", "coordinates": [ [ [ 75.425925925925924, -155.0 ], [ 75.425925925925924, -150.0 ], [ 70.407407407407405, -150.0 ], [ 70.407407407407405, -155.0 ], [ 75.425925925925924, -155.0 ] ] ] } },
{ "type": "Feature", "properties": { "opt_id": 778 }, "geometry": { "type": "Polygon", "coordinates": [ [ [ 80.444444444444443, -155.0 ], [ 80.444444444444443, -150.0 ], [ 75.425925925925924, -150.0 ], [ 75.425925925925924, -155.0 ], [ 80.444444444444443, -155.0 ] ] ] } },
{ "type": "Feature", "properties": { "opt_id": 779 }, "geometry": { "type": "Polygon", "coordinates": [ [ [ 85.462962962962948, -155.0 ], [ 85.462962962962948, -150.0 ], [ 80.444444444444429, -150.0 ], [ 80.444444444444429, -155.0 ], [ 85.462962962962948, -155.0 ] ] ] } },
{ "type": "Feature", "properties": { "opt_id": 780 }, "geometry": { "type": "Polygon", "coordinates": [ [ [ 90.481481481481467, -155.0 ], [ 90.481481481481467, -150.0 ], [ 85.462962962962948, -150.0 ], [ 85.462962962962948, -155.0 ], [ 90.481481481481467, -155.0 ] ] ] } },
{ "type": "Feature", "properties": { "opt_id": 781 }, "geometry": { "type": "Polygon", "coordinates": [ [ [ 130.629629629629591, -155.0 ], [ 130.629629629629591, -150.0 ], [ 125.611111111111086, -150.0 ], [ 125.611111111111086, -155.0 ], [ 130.629629629629591, -155.0 ] ] ] } },
{ "type": "Feature", "properties": { "opt_id": 782 }, "geometry": { "type": "Polygon", "coordinates": [ [ [ 135.648148148148124, -155.0 ], [ 135.648148148148124, -150.0 ], [ 130.629629629629619, -150.0 ], [ 130.629629629629619, -155.0 ], [ 135.648148148148124, -155.0 ] ] ] } },
{ "type": "Feature", "properties": { "opt_id": 783 }, "geometry": { "type": "Polygon", "coordinates": [ [ [ 140.666666666666629, -155.0 ], [ 140.666666666666629, -150.0 ], [ 135.648148148148124, -150.0 ], [ 135.648148148148124, -155.0 ], [ 140.666666666666629, -155.0 ] ] ] } },
{ "type": "Feature", "properties": { "opt_id": 784 }, "geometry": { "type": "Polygon", "coordinates": [ [ [ 145.685185185185162, -155.0 ], [ 145.685185185185162, -150.0 ], [ 140.666666666666657, -150.0 ], [ 140.666666666666657, -155.0 ], [ 145.685185185185162, -155.0 ] ] ] } },
{ "type": "Feature", "properties": { "opt_id": 785 }, "geometry": { "type": "Polygon", "coordinates": [ [ [ 150.703703703703667, -155.0 ], [ 150.703703703703667, -150.0 ], [ 145.685185185185162, -150.0 ], [ 145.685185185185162, -155.0 ], [ 150.703703703703667, -155.0 ] ] ] } },
{ "type": "Feature", "properties": { "opt_id": 786 }, "geometry": { "type": "Polygon", "coordinates": [ [ [ 155.7222222222222, -155.0 ], [ 155.7222222222222, -150.0 ], [ 150.703703703703695, -150.0 ], [ 150.703703703703695, -155.0 ], [ 155.7222222222222, -155.0 ] ] ] } },
{ "type": "Feature", "properties": { "opt_id": 787 }, "geometry": { "type": "Polygon", "coordinates": [ [ [ 160.740740740740705, -155.0 ], [ 160.740740740740705, -150.0 ], [ 155.7222222222222, -150.0 ], [ 155.7222222222222, -155.0 ], [ 160.740740740740705, -155.0 ] ] ] } },
{ "type": "Feature", "properties": { "opt_id": 788 }, "geometry": { "type": "Polygon", "coordinates": [ [ [ 165.759259259259238, -155.0 ], [ 165.759259259259238, -150.0 ], [ 160.740740740740733, -150.0 ], [ 160.740740740740733, -155.0 ], [ 165.759259259259238, -155.0 ] ] ] } },
{ "type": "Feature", "properties": { "opt_id": 789 }, "geometry": { "type": "Polygon", "coordinates": [ [ [ 170.777777777777743, -155.0 ], [ 170.777777777777743, -150.0 ], [ 165.759259259259238, -150.0 ], [ 165.759259259259238, -155.0 ], [ 170.777777777777743, -155.0 ] ] ] } },
{ "type": "Feature", "properties": { "opt_id": 790 }, "geometry": { "type": "Polygon", "coordinates": [ [ [ 175.796296296296276, -155.0 ], [ 175.796296296296276, -150.0 ], [ 170.777777777777771, -150.0 ], [ 170.777777777777771, -155.0 ], [ 175.796296296296276, -155.0 ] ] ] } },
{ "type": "Feature", "properties": { "opt_id": 791 }, "geometry": { "type": "Polygon", "coordinates": [ [ [ 180.814814814814781, -155.0 ], [ 180.814814814814781, -150.0 ], [ 175.796296296296276, -150.0 ], [ 175.796296296296276, -155.0 ], [ 180.814814814814781, -155.0 ] ] ] } },
{ "type": "Feature", "properties": { "opt_id": 792 }, "geometry": { "type": "Polygon", "coordinates": [ [ [ 185.833333333333314, -155.0 ], [ 185.833333333333314, -150.0 ], [ 180.81481481481481, -150.0 ], [ 180.81481481481481, -155.0 ], [ 185.833333333333314, -155.0 ] ] ] } },
{ "type": "Feature", "properties": { "opt_id": 793 }, "geometry": { "type": "Polygon", "coordinates": [ [ [ 190.851851851851819, -155.0 ], [ 190.851851851851819, -150.0 ], [ 185.833333333333314, -150.0 ], [ 185.833333333333314, -155.0 ], [ 190.851851851851819, -155.0 ] ] ] } },
{ "type": "Feature", "properties": { "opt_id": 794 }, "geometry": { "type": "Polygon", "coordinates": [ [ [ 195.870370370370352, -155.0 ], [ 195.870370370370352, -150.0 ], [ 190.851851851851848, -150.0 ], [ 190.851851851851848, -155.0 ], [ 195.870370370370352, -155.0 ] ] ] } },
{ "type": "Feature", "properties": { "opt_id": 795 }, "geometry": { "type": "Polygon", "coordinates": [ [ [ 200.888888888888857, -155.0 ], [ 200.888888888888857, -150.0 ], [ 195.870370370370352, -150.0 ], [ 195.870370370370352, -155.0 ], [ 200.888888888888857, -155.0 ] ] ] } },
{ "type": "Feature", "properties": { "opt_id": 796 }, "geometry": { "type": "Polygon", "coordinates": [ [ [ 205.907407407407362, -155.0 ], [ 205.907407407407362, -150.0 ], [ 200.888888888888857, -150.0 ], [ 200.888888888888857, -155.0 ], [ 205.907407407407362, -155.0 ] ] ] } },
{ "type": "Feature", "properties": { "opt_id": 797 }, "geometry": { "type": "Polygon", "coordinates": [ [ [ -29.962962962962962, -160.0 ], [ -29.962962962962962, -155.0 ], [ -34.981481481481481, -155.0 ], [ -34.981481481481481, -160.0 ], [ -29.962962962962962, -160.0 ] ] ] } },
{ "type": "Feature", "properties": { "opt_id": 798 }, "geometry": { "type": "Polygon", "coordinates": [ [ [ -24.944444444444443, -160.0 ], [ -24.944444444444443, -155.0 ], [ -29.962962962962962, -155.0 ], [ -29.962962962962962, -160.0 ], [ -24.944444444444443, -160.0 ] ] ] } },
{ "type": "Feature", "properties": { "opt_id": 799 }, "geometry": { "type": "Polygon", "coordinates": [ [ [ -19.925925925925927, -160.0 ], [ -19.925925925925927, -155.0 ], [ -24.944444444444446, -155.0 ], [ -24.944444444444446, -160.0 ], [ -19.925925925925927, -160.0 ] ] ] } },
{ "type": "Feature", "properties": { "opt_id": 800 }, "geometry": { "type": "Polygon", "coordinates": [ [ [ -14.907407407407408, -160.0 ], [ -14.907407407407408, -155.0 ], [ -19.925925925925927, -155.0 ], [ -19.925925925925927, -160.0 ], [ -14.907407407407408, -160.0 ] ] ] } },
{ "type": "Feature", "properties": { "opt_id": 801 }, "geometry": { "type": "Polygon", "coordinates": [ [ [ -9.888888888888889, -160.0 ], [ -9.888888888888889, -155.0 ], [ -14.907407407407408, -155.0 ], [ -14.907407407407408, -160.0 ], [ -9.888888888888889, -160.0 ] ] ] } },
{ "type": "Feature", "properties": { "opt_id": 802 }, "geometry": { "type": "Polygon", "coordinates": [ [ [ -4.870370370370375, -160.0 ], [ -4.870370370370375, -155.0 ], [ -9.888888888888893, -155.0 ], [ -9.888888888888893, -160.0 ], [ -4.870370370370375, -160.0 ] ] ] } },
{ "type": "Feature", "properties": { "opt_id": 803 }, "geometry": { "type": "Polygon", "coordinates": [ [ [ 0.148148148148144, -160.0 ], [ 0.148148148148144, -155.0 ], [ -4.870370370370374, -155.0 ], [ -4.870370370370374, -160.0 ], [ 0.148148148148144, -160.0 ] ] ] } },
{ "type": "Feature", "properties": { "opt_id": 804 }, "geometry": { "type": "Polygon", "coordinates": [ [ [ 5.166666666666663, -160.0 ], [ 5.166666666666663, -155.0 ], [ 0.148148148148145, -155.0 ], [ 0.148148148148145, -160.0 ], [ 5.166666666666663, -160.0 ] ] ] } },
{ "type": "Feature", "properties": { "opt_id": 805 }, "geometry": { "type": "Polygon", "coordinates": [ [ [ 10.185185185185183, -160.0 ], [ 10.185185185185183, -155.0 ], [ 5.166666666666664, -155.0 ], [ 5.166666666666664, -160.0 ], [ 10.185185185185183, -160.0 ] ] ] } },
{ "type": "Feature", "properties": { "opt_id": 806 }, "geometry": { "type": "Polygon", "coordinates": [ [ [ 15.203703703703702, -160.0 ], [ 15.203703703703702, -155.0 ], [ 10.185185185185183, -155.0 ], [ 10.185185185185183, -160.0 ], [ 15.203703703703702, -160.0 ] ] ] } },
{ "type": "Feature", "properties": { "opt_id": 807 }, "geometry": { "type": "Polygon", "coordinates": [ [ [ 20.222222222222221, -160.0 ], [ 20.222222222222221, -155.0 ], [ 15.203703703703702, -155.0 ], [ 15.203703703703702, -160.0 ], [ 20.222222222222221, -160.0 ] ] ] } },
{ "type": "Feature", "properties": { "opt_id": 808 }, "geometry": { "type": "Polygon", "coordinates": [ [ [ 25.240740740740733, -160.0 ], [ 25.240740740740733, -155.0 ], [ 20.222222222222214, -155.0 ], [ 20.222222222222214, -160.0 ], [ 25.240740740740733, -160.0 ] ] ] } },
{ "type": "Feature", "properties": { "opt_id": 809 }, "geometry": { "type": "Polygon", "coordinates": [ [ [ 45.31481481481481, -160.0 ], [ 45.31481481481481, -155.0 ], [ 40.296296296296291, -155.0 ], [ 40.296296296296291, -160.0 ], [ 45.31481481481481, -160.0 ] ] ] } },
{ "type": "Feature", "properties": { "opt_id": 810 }, "geometry": { "type": "Polygon", "coordinates": [ [ [ 50.333333333333329, -160.0 ], [ 50.333333333333329, -155.0 ], [ 45.31481481481481, -155.0 ], [ 45.31481481481481, -160.0 ], [ 50.333333333333329, -160.0 ] ] ] } },
{ "type": "Feature", "properties": { "opt_id": 811 }, "geometry": { "type": "Polygon", "coordinates": [ [ [ 55.351851851851848, -160.0 ], [ 55.351851851851848, -155.0 ], [ 50.333333333333329, -155.0 ], [ 50.333333333333329, -160.0 ], [ 55.351851851851848, -160.0 ] ] ] } },
{ "type": "Feature", "properties": { "opt_id": 812 }, "geometry": { "type": "Polygon", "coordinates": [ [ [ 60.370370370370367, -160.0 ], [ 60.370370370370367, -155.0 ], [ 55.351851851851848, -155.0 ], [ 55.351851851851848, -160.0 ], [ 60.370370370370367, -160.0 ] ] ] } },
{ "type": "Feature", "properties": { "opt_id": 813 }, "geometry": { "type": "Polygon", "coordinates": [ [ [ 65.388888888888886, -160.0 ], [ 65.388888888888886, -155.0 ], [ 60.370370370370367, -155.0 ], [ 60.370370370370367, -160.0 ], [ 65.388888888888886, -160.0 ] ] ] } },
{ "type": "Feature", "properties": { "opt_id": 814 }, "geometry": { "type": "Polygon", "coordinates": [ [ [ 70.407407407407405, -160.0 ], [ 70.407407407407405, -155.0 ], [ 65.388888888888886, -155.0 ], [ 65.388888888888886, -160.0 ], [ 70.407407407407405, -160.0 ] ] ] } },
{ "type": "Feature", "properties": { "opt_id": 815 }, "geometry": { "type": "Polygon", "coordinates": [ [ [ 75.425925925925924, -160.0 ], [ 75.425925925925924, -155.0 ], [ 70.407407407407405, -155.0 ], [ 70.407407407407405, -160.0 ], [ 75.425925925925924, -160.0 ] ] ] } },
{ "type": "Feature", "properties": { "opt_id": 816 }, "geometry": { "type": "Polygon", "coordinates": [ [ [ 80.444444444444443, -160.0 ], [ 80.444444444444443, -155.0 ], [ 75.425925925925924, -155.0 ], [ 75.425925925925924, -160.0 ], [ 80.444444444444443, -160.0 ] ] ] } },
{ "type": "Feature", "properties": { "opt_id": 817 }, "geometry": { "type": "Polygon", "coordinates": [ [ [ 85.462962962962948, -160.0 ], [ 85.462962962962948, -155.0 ], [ 80.444444444444429, -155.0 ], [ 80.444444444444429, -160.0 ], [ 85.462962962962948, -160.0 ] ] ] } },
{ "type": "Feature", "properties": { "opt_id": 818 }, "geometry": { "type": "Polygon", "coordinates": [ [ [ 90.481481481481467, -160.0 ], [ 90.481481481481467, -155.0 ], [ 85.462962962962948, -155.0 ], [ 85.462962962962948, -160.0 ], [ 90.481481481481467, -160.0 ] ] ] } },
{ "type": "Feature", "properties": { "opt_id": 819 }, "geometry": { "type": "Polygon", "coordinates": [ [ [ 130.629629629629591, -160.0 ], [ 130.629629629629591, -155.0 ], [ 125.611111111111086, -155.0 ], [ 125.611111111111086, -160.0 ], [ 130.629629629629591, -160.0 ] ] ] } },
{ "type": "Feature", "properties": { "opt_id": 820 }, "geometry": { "type": "Polygon", "coordinates": [ [ [ 135.648148148148124, -160.0 ], [ 135.648148148148124, -155.0 ], [ 130.629629629629619, -155.0 ], [ 130.629629629629619, -160.0 ], [ 135.648148148148124, -160.0 ] ] ] } },
{ "type": "Feature", "properties": { "opt_id": 821 }, "geometry": { "type": "Polygon", "coordinates": [ [ [ 140.666666666666629, -160.0 ], [ 140.666666666666629, -155.0 ], [ 135.648148148148124, -155.0 ], [ 135.648148148148124, -160.0 ], [ 140.666666666666629, -160.0 ] ] ] } },
{ "type": "Feature", "properties": { "opt_id": 822 }, "geometry": { "type": "Polygon", "coordinates": [ [ [ 145.685185185185162, -160.0 ], [ 145.685185185185162, -155.0 ], [ 140.666666666666657, -155.0 ], [ 140.666666666666657, -160.0 ], [ 145.685185185185162, -160.0 ] ] ] } },
{ "type": "Feature", "properties": { "opt_id": 823 }, "geometry": { "type": "Polygon", "coordinates": [ [ [ 150.703703703703667, -160.0 ], [ 150.703703703703667, -155.0 ], [ 145.685185185185162, -155.0 ], [ 145.685185185185162, -160.0 ], [ 150.703703703703667, -160.0 ] ] ] } },
{ "type": "Feature", "properties": { "opt_id": 824 }, "geometry": { "type": "Polygon", "coordinates": [ [ [ 155.7222222222222, -160.0 ], [ 155.7222222222222, -155.0 ], [ 150.703703703703695, -155.0 ], [ 150.703703703703695, -160.0 ], [ 155.7222222222222, -160.0 ] ] ] } },
{ "type": "Feature", "properties": { "opt_id": 825 }, "geometry": { "type": "Polygon", "coordinates": [ [ [ 160.740740740740705, -160.0 ], [ 160.740740740740705, -155.0 ], [ 155.7222222222222, -155.0 ], [ 155.7222222222222, -160.0 ], [ 160.740740740740705, -160.0 ] ] ] } },
{ "type": "Feature", "properties": { "opt_id": 826 }, "geometry": { "type": "Polygon", "coordinates": [ [ [ 165.759259259259238, -160.0 ], [ 165.759259259259238, -155.0 ], [ 160.740740740740733, -155.0 ], [ 160.740740740740733, -160.0 ], [ 165.759259259259238, -160.0 ] ] ] } },
{ "type": "Feature", "properties": { "opt_id": 827 }, "geometry": { "type": "Polygon", "coordinates": [ [ [ 170.777777777777743, -160.0 ], [ 170.777777777777743, -155.0 ], [ 165.759259259259238, -155.0 ], [ 165.759259259259238, -160.0 ], [ 170.777777777777743, -160.0 ] ] ] } },
{ "type": "Feature", "properties": { "opt_id": 828 }, "geometry": { "type": "Polygon", "coordinates": [ [ [ 175.796296296296276, -160.0 ], [ 175.796296296296276, -155.0 ], [ 170.777777777777771, -155.0 ], [ 170.777777777777771, -160.0 ], [ 175.796296296296276, -160.0 ] ] ] } },
{ "type": "Feature", "properties": { "opt_id": 829 }, "geometry": { "type": "Polygon", "coordinates": [ [ [ 180.814814814814781, -160.0 ], [ 180.814814814814781, -155.0 ], [ 175.796296296296276, -155.0 ], [ 175.796296296296276, -160.0 ], [ 180.814814814814781, -160.0 ] ] ] } },
{ "type": "Feature", "properties": { "opt_id": 830 }, "geometry": { "type": "Polygon", "coordinates": [ [ [ 185.833333333333314, -160.0 ], [ 185.833333333333314, -155.0 ], [ 180.81481481481481, -155.0 ], [ 180.81481481481481, -160.0 ], [ 185.833333333333314, -160.0 ] ] ] } },
{ "type": "Feature", "properties": { "opt_id": 831 }, "geometry": { "type": "Polygon", "coordinates": [ [ [ 190.851851851851819, -160.0 ], [ 190.851851851851819, -155.0 ], [ 185.833333333333314, -155.0 ], [ 185.833333333333314, -160.0 ], [ 190.851851851851819, -160.0 ] ] ] } },
{ "type": "Feature", "properties": { "opt_id": 832 }, "geometry": { "type": "Polygon", "coordinates": [ [ [ 195.870370370370352, -160.0 ], [ 195.870370370370352, -155.0 ], [ 190.851851851851848, -155.0 ], [ 190.851851851851848, -160.0 ], [ 195.870370370370352, -160.0 ] ] ] } },
{ "type": "Feature", "properties": { "opt_id": 833 }, "geometry": { "type": "Polygon", "coordinates": [ [ [ 200.888888888888857, -160.0 ], [ 200.888888888888857, -155.0 ], [ 195.870370370370352, -155.0 ], [ 195.870370370370352, -160.0 ], [ 200.888888888888857, -160.0 ] ] ] } },
{ "type": "Feature", "properties": { "opt_id": 834 }, "geometry": { "type": "Polygon", "coordinates": [ [ [ 205.907407407407362, -160.0 ], [ 205.907407407407362, -155.0 ], [ 200.888888888888857, -155.0 ], [ 200.888888888888857, -160.0 ], [ 205.907407407407362, -160.0 ] ] ] } },
{ "type": "Feature", "properties": { "opt_id": 835 }, "geometry": { "type": "Polygon", "coordinates": [ [ [ -29.962962962962962, -165.0 ], [ -29.962962962962962, -160.0 ], [ -34.981481481481481, -160.0 ], [ -34.981481481481481, -165.0 ], [ -29.962962962962962, -165.0 ] ] ] } },
{ "type": "Feature", "properties": { "opt_id": 836 }, "geometry": { "type": "Polygon", "coordinates": [ [ [ -24.944444444444443, -165.0 ], [ -24.944444444444443, -160.0 ], [ -29.962962962962962, -160.0 ], [ -29.962962962962962, -165.0 ], [ -24.944444444444443, -165.0 ] ] ] } },
{ "type": "Feature", "properties": { "opt_id": 837 }, "geometry": { "type": "Polygon", "coordinates": [ [ [ -19.925925925925927, -165.0 ], [ -19.925925925925927, -160.0 ], [ -24.944444444444446, -160.0 ], [ -24.944444444444446, -165.0 ], [ -19.925925925925927, -165.0 ] ] ] } },
{ "type": "Feature", "properties": { "opt_id": 838 }, "geometry": { "type": "Polygon", "coordinates": [ [ [ -14.907407407407408, -165.0 ], [ -14.907407407407408, -160.0 ], [ -19.925925925925927, -160.0 ], [ -19.925925925925927, -165.0 ], [ -14.907407407407408, -165.0 ] ] ] } },
{ "type": "Feature", "properties": { "opt_id": 839 }, "geometry": { "type": "Polygon", "coordinates": [ [ [ -9.888888888888889, -165.0 ], [ -9.888888888888889, -160.0 ], [ -14.907407407407408, -160.0 ], [ -14.907407407407408, -165.0 ], [ -9.888888888888889, -165.0 ] ] ] } },
{ "type": "Feature", "properties": { "opt_id": 840 }, "geometry": { "type": "Polygon", "coordinates": [ [ [ -4.870370370370375, -165.0 ], [ -4.870370370370375, -160.0 ], [ -9.888888888888893, -160.0 ], [ -9.888888888888893, -165.0 ], [ -4.870370370370375, -165.0 ] ] ] } },
{ "type": "Feature", "properties": { "opt_id": 841 }, "geometry": { "type": "Polygon", "coordinates": [ [ [ 0.148148148148144, -165.0 ], [ 0.148148148148144, -160.0 ], [ -4.870370370370374, -160.0 ], [ -4.870370370370374, -165.0 ], [ 0.148148148148144, -165.0 ] ] ] } },
{ "type": "Feature", "properties": { "opt_id": 842 }, "geometry": { "type": "Polygon", "coordinates": [ [ [ 5.166666666666663, -165.0 ], [ 5.166666666666663, -160.0 ], [ 0.148148148148145, -160.0 ], [ 0.148148148148145, -165.0 ], [ 5.166666666666663, -165.0 ] ] ] } },
{ "type": "Feature", "properties": { "opt_id": 843 }, "geometry": { "type": "Polygon", "coordinates": [ [ [ 10.185185185185183, -165.0 ], [ 10.185185185185183, -160.0 ], [ 5.166666666666664, -160.0 ], [ 5.166666666666664, -165.0 ], [ 10.185185185185183, -165.0 ] ] ] } },
{ "type": "Feature", "properties": { "opt_id": 844 }, "geometry": { "type": "Polygon", "coordinates": [ [ [ 15.203703703703702, -165.0 ], [ 15.203703703703702, -160.0 ], [ 10.185185185185183, -160.0 ], [ 10.185185185185183, -165.0 ], [ 15.203703703703702, -165.0 ] ] ] } },
{ "type": "Feature", "properties": { "opt_id": 845 }, "geometry": { "type": "Polygon", "coordinates": [ [ [ 20.222222222222221, -165.0 ], [ 20.222222222222221, -160.0 ], [ 15.203703703703702, -160.0 ], [ 15.203703703703702, -165.0 ], [ 20.222222222222221, -165.0 ] ] ] } },
{ "type": "Feature", "properties": { "opt_id": 846 }, "geometry": { "type": "Polygon", "coordinates": [ [ [ 25.240740740740733, -165.0 ], [ 25.240740740740733, -160.0 ], [ 20.222222222222214, -160.0 ], [ 20.222222222222214, -165.0 ], [ 25.240740740740733, -165.0 ] ] ] } },
{ "type": "Feature", "properties": { "opt_id": 847 }, "geometry": { "type": "Polygon", "coordinates": [ [ [ 45.31481481481481, -165.0 ], [ 45.31481481481481, -160.0 ], [ 40.296296296296291, -160.0 ], [ 40.296296296296291, -165.0 ], [ 45.31481481481481, -165.0 ] ] ] } },
{ "type": "Feature", "properties": { "opt_id": 848 }, "geometry": { "type": "Polygon", "coordinates": [ [ [ 50.333333333333329, -165.0 ], [ 50.333333333333329, -160.0 ], [ 45.31481481481481, -160.0 ], [ 45.31481481481481, -165.0 ], [ 50.333333333333329, -165.0 ] ] ] } },
{ "type": "Feature", "properties": { "opt_id": 849 }, "geometry": { "type": "Polygon", "coordinates": [ [ [ 90.481481481481467, -165.0 ], [ 90.481481481481467, -160.0 ], [ 85.462962962962948, -160.0 ], [ 85.462962962962948, -165.0 ], [ 90.481481481481467, -165.0 ] ] ] } },
{ "type": "Feature", "properties": { "opt_id": 850 }, "geometry": { "type": "Polygon", "coordinates": [ [ [ 130.629629629629591, -165.0 ], [ 130.629629629629591, -160.0 ], [ 125.611111111111086, -160.0 ], [ 125.611111111111086, -165.0 ], [ 130.629629629629591, -165.0 ] ] ] } },
{ "type": "Feature", "properties": { "opt_id": 851 }, "geometry": { "type": "Polygon", "coordinates": [ [ [ 135.648148148148124, -165.0 ], [ 135.648148148148124, -160.0 ], [ 130.629629629629619, -160.0 ], [ 130.629629629629619, -165.0 ], [ 135.648148148148124, -165.0 ] ] ] } },
{ "type": "Feature", "properties": { "opt_id": 852 }, "geometry": { "type": "Polygon", "coordinates": [ [ [ 140.666666666666629, -165.0 ], [ 140.666666666666629, -160.0 ], [ 135.648148148148124, -160.0 ], [ 135.648148148148124, -165.0 ], [ 140.666666666666629, -165.0 ] ] ] } },
{ "type": "Feature", "properties": { "opt_id": 853 }, "geometry": { "type": "Polygon", "coordinates": [ [ [ 145.685185185185162, -165.0 ], [ 145.685185185185162, -160.0 ], [ 140.666666666666657, -160.0 ], [ 140.666666666666657, -165.0 ], [ 145.685185185185162, -165.0 ] ] ] } },
{ "type": "Feature", "properties": { "opt_id": 854 }, "geometry": { "type": "Polygon", "coordinates": [ [ [ 150.703703703703667, -165.0 ], [ 150.703703703703667, -160.0 ], [ 145.685185185185162, -160.0 ], [ 145.685185185185162, -165.0 ], [ 150.703703703703667, -165.0 ] ] ] } },
{ "type": "Feature", "properties": { "opt_id": 855 }, "geometry": { "type": "Polygon", "coordinates": [ [ [ 155.7222222222222, -165.0 ], [ 155.7222222222222, -160.0 ], [ 150.703703703703695, -160.0 ], [ 150.703703703703695, -165.0 ], [ 155.7222222222222, -165.0 ] ] ] } },
{ "type": "Feature", "properties": { "opt_id": 856 }, "geometry": { "type": "Polygon", "coordinates": [ [ [ 160.740740740740705, -165.0 ], [ 160.740740740740705, -160.0 ], [ 155.7222222222222, -160.0 ], [ 155.7222222222222, -165.0 ], [ 160.740740740740705, -165.0 ] ] ] } },
{ "type": "Feature", "properties": { "opt_id": 857 }, "geometry": { "type": "Polygon", "coordinates": [ [ [ 165.759259259259238, -165.0 ], [ 165.759259259259238, -160.0 ], [ 160.740740740740733, -160.0 ], [ 160.740740740740733, -165.0 ], [ 165.759259259259238, -165.0 ] ] ] } },
{ "type": "Feature", "properties": { "opt_id": 858 }, "geometry": { "type": "Polygon", "coordinates": [ [ [ 170.777777777777743, -165.0 ], [ 170.777777777777743, -160.0 ], [ 165.759259259259238, -160.0 ], [ 165.759259259259238, -165.0 ], [ 170.777777777777743, -165.0 ] ] ] } },
{ "type": "Feature", "properties": { "opt_id": 859 }, "geometry": { "type": "Polygon", "coordinates": [ [ [ 175.796296296296276, -165.0 ], [ 175.796296296296276, -160.0 ], [ 170.777777777777771, -160.0 ], [ 170.777777777777771, -165.0 ], [ 175.796296296296276, -165.0 ] ] ] } },
{ "type": "Feature", "properties": { "opt_id": 860 }, "geometry": { "type": "Polygon", "coordinates": [ [ [ 180.814814814814781, -165.0 ], [ 180.814814814814781, -160.0 ], [ 175.796296296296276, -160.0 ], [ 175.796296296296276, -165.0 ], [ 180.814814814814781, -165.0 ] ] ] } },
{ "type": "Feature", "properties": { "opt_id": 861 }, "geometry": { "type": "Polygon", "coordinates": [ [ [ 185.833333333333314, -165.0 ], [ 185.833333333333314, -160.0 ], [ 180.81481481481481, -160.0 ], [ 180.81481481481481, -165.0 ], [ 185.833333333333314, -165.0 ] ] ] } },
{ "type": "Feature", "properties": { "opt_id": 862 }, "geometry": { "type": "Polygon", "coordinates": [ [ [ 190.851851851851819, -165.0 ], [ 190.851851851851819, -160.0 ], [ 185.833333333333314, -160.0 ], [ 185.833333333333314, -165.0 ], [ 190.851851851851819, -165.0 ] ] ] } },
{ "type": "Feature", "properties": { "opt_id": 863 }, "geometry": { "type": "Polygon", "coordinates": [ [ [ 195.870370370370352, -165.0 ], [ 195.870370370370352, -160.0 ], [ 190.851851851851848, -160.0 ], [ 190.851851851851848, -165.0 ], [ 195.870370370370352, -165.0 ] ] ] } },
{ "type": "Feature", "properties": { "opt_id": 864 }, "geometry": { "type": "Polygon", "coordinates": [ [ [ 200.888888888888857, -165.0 ], [ 200.888888888888857, -160.0 ], [ 195.870370370370352, -160.0 ], [ 195.870370370370352, -165.0 ], [ 200.888888888888857, -165.0 ] ] ] } },
{ "type": "Feature", "properties": { "opt_id": 865 }, "geometry": { "type": "Polygon", "coordinates": [ [ [ 205.907407407407362, -165.0 ], [ 205.907407407407362, -160.0 ], [ 200.888888888888857, -160.0 ], [ 200.888888888888857, -165.0 ], [ 205.907407407407362, -165.0 ] ] ] } },
{ "type": "Feature", "properties": { "opt_id": 866 }, "geometry": { "type": "Polygon", "coordinates": [ [ [ 15.203703703703702, -170.0 ], [ 15.203703703703702, -165.0 ], [ 10.185185185185183, -165.0 ], [ 10.185185185185183, -170.0 ], [ 15.203703703703702, -170.0 ] ] ] } },
{ "type": "Feature", "properties": { "opt_id": 867 }, "geometry": { "type": "Polygon", "coordinates": [ [ [ 20.222222222222221, -170.0 ], [ 20.222222222222221, -165.0 ], [ 15.203703703703702, -165.0 ], [ 15.203703703703702, -170.0 ], [ 20.222222222222221, -170.0 ] ] ] } },
{ "type": "Feature", "properties": { "opt_id": 868 }, "geometry": { "type": "Polygon", "coordinates": [ [ [ 25.240740740740733, -170.0 ], [ 25.240740740740733, -165.0 ], [ 20.222222222222214, -165.0 ], [ 20.222222222222214, -170.0 ], [ 25.240740740740733, -170.0 ] ] ] } },
{ "type": "Feature", "properties": { "opt_id": 869 }, "geometry": { "type": "Polygon", "coordinates": [ [ [ 30.259259259259252, -170.0 ], [ 30.259259259259252, -165.0 ], [ 25.240740740740733, -165.0 ], [ 25.240740740740733, -170.0 ], [ 30.259259259259252, -170.0 ] ] ] } },
{ "type": "Feature", "properties": { "opt_id": 870 }, "geometry": { "type": "Polygon", "coordinates": [ [ [ 35.277777777777771, -170.0 ], [ 35.277777777777771, -165.0 ], [ 30.259259259259252, -165.0 ], [ 30.259259259259252, -170.0 ], [ 35.277777777777771, -170.0 ] ] ] } },
{ "type": "Feature", "properties": { "opt_id": 871 }, "geometry": { "type": "Polygon", "coordinates": [ [ [ 40.296296296296291, -170.0 ], [ 40.296296296296291, -165.0 ], [ 35.277777777777771, -165.0 ], [ 35.277777777777771, -170.0 ], [ 40.296296296296291, -170.0 ] ] ] } },
{ "type": "Feature", "properties": { "opt_id": 872 }, "geometry": { "type": "Polygon", "coordinates": [ [ [ 45.31481481481481, -170.0 ], [ 45.31481481481481, -165.0 ], [ 40.296296296296291, -165.0 ], [ 40.296296296296291, -170.0 ], [ 45.31481481481481, -170.0 ] ] ] } },
{ "type": "Feature", "properties": { "opt_id": 873 }, "geometry": { "type": "Polygon", "coordinates": [ [ [ 50.333333333333329, -170.0 ], [ 50.333333333333329, -165.0 ], [ 45.31481481481481, -165.0 ], [ 45.31481481481481, -170.0 ], [ 50.333333333333329, -170.0 ] ] ] } },
{ "type": "Feature", "properties": { "opt_id": 874 }, "geometry": { "type": "Polygon", "coordinates": [ [ [ 90.481481481481467, -170.0 ], [ 90.481481481481467, -165.0 ], [ 85.462962962962948, -165.0 ], [ 85.462962962962948, -170.0 ], [ 90.481481481481467, -170.0 ] ] ] } },
{ "type": "Feature", "properties": { "opt_id": 875 }, "geometry": { "type": "Polygon", "coordinates": [ [ [ 115.574074074074062, -170.0 ], [ 115.574074074074062, -165.0 ], [ 110.555555555555543, -165.0 ], [ 110.555555555555543, -170.0 ], [ 115.574074074074062, -170.0 ] ] ] } },
{ "type": "Feature", "properties": { "opt_id": 876 }, "geometry": { "type": "Polygon", "coordinates": [ [ [ 120.592592592592595, -170.0 ], [ 120.592592592592595, -165.0 ], [ 115.574074074074076, -165.0 ], [ 115.574074074074076, -170.0 ], [ 120.592592592592595, -170.0 ] ] ] } },
{ "type": "Feature", "properties": { "opt_id": 877 }, "geometry": { "type": "Polygon", "coordinates": [ [ [ 125.6111111111111, -170.0 ], [ 125.6111111111111, -165.0 ], [ 120.592592592592581, -165.0 ], [ 120.592592592592581, -170.0 ], [ 125.6111111111111, -170.0 ] ] ] } },
{ "type": "Feature", "properties": { "opt_id": 878 }, "geometry": { "type": "Polygon", "coordinates": [ [ [ 130.629629629629591, -170.0 ], [ 130.629629629629591, -165.0 ], [ 125.611111111111086, -165.0 ], [ 125.611111111111086, -170.0 ], [ 130.629629629629591, -170.0 ] ] ] } },
{ "type": "Feature", "properties": { "opt_id": 879 }, "geometry": { "type": "Polygon", "coordinates": [ [ [ 135.648148148148124, -170.0 ], [ 135.648148148148124, -165.0 ], [ 130.629629629629619, -165.0 ], [ 130.629629629629619, -170.0 ], [ 135.648148148148124, -170.0 ] ] ] } },
{ "type": "Feature", "properties": { "opt_id": 880 }, "geometry": { "type": "Polygon", "coordinates": [ [ [ 140.666666666666629, -170.0 ], [ 140.666666666666629, -165.0 ], [ 135.648148148148124, -165.0 ], [ 135.648148148148124, -170.0 ], [ 140.666666666666629, -170.0 ] ] ] } },
{ "type": "Feature", "properties": { "opt_id": 881 }, "geometry": { "type": "Polygon", "coordinates": [ [ [ 145.685185185185162, -170.0 ], [ 145.685185185185162, -165.0 ], [ 140.666666666666657, -165.0 ], [ 140.666666666666657, -170.0 ], [ 145.685185185185162, -170.0 ] ] ] } },
{ "type": "Feature", "properties": { "opt_id": 882 }, "geometry": { "type": "Polygon", "coordinates": [ [ [ 150.703703703703667, -170.0 ], [ 150.703703703703667, -165.0 ], [ 145.685185185185162, -165.0 ], [ 145.685185185185162, -170.0 ], [ 150.703703703703667, -170.0 ] ] ] } },
{ "type": "Feature", "properties": { "opt_id": 883 }, "geometry": { "type": "Polygon", "coordinates": [ [ [ 155.7222222222222, -170.0 ], [ 155.7222222222222, -165.0 ], [ 150.703703703703695, -165.0 ], [ 150.703703703703695, -170.0 ], [ 155.7222222222222, -170.0 ] ] ] } },
{ "type": "Feature", "properties": { "opt_id": 884 }, "geometry": { "type": "Polygon", "coordinates": [ [ [ 160.740740740740705, -170.0 ], [ 160.740740740740705, -165.0 ], [ 155.7222222222222, -165.0 ], [ 155.7222222222222, -170.0 ], [ 160.740740740740705, -170.0 ] ] ] } },
{ "type": "Feature", "properties": { "opt_id": 885 }, "geometry": { "type": "Polygon", "coordinates": [ [ [ 165.759259259259238, -170.0 ], [ 165.759259259259238, -165.0 ], [ 160.740740740740733, -165.0 ], [ 160.740740740740733, -170.0 ], [ 165.759259259259238, -170.0 ] ] ] } },
{ "type": "Feature", "properties": { "opt_id": 886 }, "geometry": { "type": "Polygon", "coordinates": [ [ [ 170.777777777777743, -170.0 ], [ 170.777777777777743, -165.0 ], [ 165.759259259259238, -165.0 ], [ 165.759259259259238, -170.0 ], [ 170.777777777777743, -170.0 ] ] ] } },
{ "type": "Feature", "properties": { "opt_id": 887 }, "geometry": { "type": "Polygon", "coordinates": [ [ [ 175.796296296296276, -170.0 ], [ 175.796296296296276, -165.0 ], [ 170.777777777777771, -165.0 ], [ 170.777777777777771, -170.0 ], [ 175.796296296296276, -170.0 ] ] ] } },
{ "type": "Feature", "properties": { "opt_id": 888 }, "geometry": { "type": "Polygon", "coordinates": [ [ [ 180.814814814814781, -170.0 ], [ 180.814814814814781, -165.0 ], [ 175.796296296296276, -165.0 ], [ 175.796296296296276, -170.0 ], [ 180.814814814814781, -170.0 ] ] ] } },
{ "type": "Feature", "properties": { "opt_id": 889 }, "geometry": { "type": "Polygon", "coordinates": [ [ [ 185.833333333333314, -170.0 ], [ 185.833333333333314, -165.0 ], [ 180.81481481481481, -165.0 ], [ 180.81481481481481, -170.0 ], [ 185.833333333333314, -170.0 ] ] ] } },
{ "type": "Feature", "properties": { "opt_id": 890 }, "geometry": { "type": "Polygon", "coordinates": [ [ [ 190.851851851851819, -170.0 ], [ 190.851851851851819, -165.0 ], [ 185.833333333333314, -165.0 ], [ 185.833333333333314, -170.0 ], [ 190.851851851851819, -170.0 ] ] ] } },
{ "type": "Feature", "properties": { "opt_id": 891 }, "geometry": { "type": "Polygon", "coordinates": [ [ [ 195.870370370370352, -170.0 ], [ 195.870370370370352, -165.0 ], [ 190.851851851851848, -165.0 ], [ 190.851851851851848, -170.0 ], [ 195.870370370370352, -170.0 ] ] ] } },
{ "type": "Feature", "properties": { "opt_id": 892 }, "geometry": { "type": "Polygon", "coordinates": [ [ [ 200.888888888888857, -170.0 ], [ 200.888888888888857, -165.0 ], [ 195.870370370370352, -165.0 ], [ 195.870370370370352, -170.0 ], [ 200.888888888888857, -170.0 ] ] ] } },
{ "type": "Feature", "properties": { "opt_id": 893 }, "geometry": { "type": "Polygon", "coordinates": [ [ [ 205.907407407407362, -170.0 ], [ 205.907407407407362, -165.0 ], [ 200.888888888888857, -165.0 ], [ 200.888888888888857, -170.0 ], [ 205.907407407407362, -170.0 ] ] ] } },
{ "type": "Feature", "properties": { "opt_id": 894 }, "geometry": { "type": "Polygon", "coordinates": [ [ [ 15.203703703703702, -175.0 ], [ 15.203703703703702, -170.0 ], [ 10.185185185185183, -170.0 ], [ 10.185185185185183, -175.0 ], [ 15.203703703703702, -175.0 ] ] ] } },
{ "type": "Feature", "properties": { "opt_id": 895 }, "geometry": { "type": "Polygon", "coordinates": [ [ [ 20.222222222222221, -175.0 ], [ 20.222222222222221, -170.0 ], [ 15.203703703703702, -170.0 ], [ 15.203703703703702, -175.0 ], [ 20.222222222222221, -175.0 ] ] ] } },
{ "type": "Feature", "properties": { "opt_id": 896 }, "geometry": { "type": "Polygon", "coordinates": [ [ [ 25.240740740740733, -175.0 ], [ 25.240740740740733, -170.0 ], [ 20.222222222222214, -170.0 ], [ 20.222222222222214, -175.0 ], [ 25.240740740740733, -175.0 ] ] ] } },
{ "type": "Feature", "properties": { "opt_id": 897 }, "geometry": { "type": "Polygon", "coordinates": [ [ [ 45.31481481481481, -175.0 ], [ 45.31481481481481, -170.0 ], [ 40.296296296296291, -170.0 ], [ 40.296296296296291, -175.0 ], [ 45.31481481481481, -175.0 ] ] ] } },
{ "type": "Feature", "properties": { "opt_id": 898 }, "geometry": { "type": "Polygon", "coordinates": [ [ [ 50.333333333333329, -175.0 ], [ 50.333333333333329, -170.0 ], [ 45.31481481481481, -170.0 ], [ 45.31481481481481, -175.0 ], [ 50.333333333333329, -175.0 ] ] ] } },
{ "type": "Feature", "properties": { "opt_id": 899 }, "geometry": { "type": "Polygon", "coordinates": [ [ [ 90.481481481481467, -175.0 ], [ 90.481481481481467, -170.0 ], [ 85.462962962962948, -170.0 ], [ 85.462962962962948, -175.0 ], [ 90.481481481481467, -175.0 ] ] ] } },
{ "type": "Feature", "properties": { "opt_id": 900 }, "geometry": { "type": "Polygon", "coordinates": [ [ [ 115.574074074074062, -175.0 ], [ 115.574074074074062, -170.0 ], [ 110.555555555555543, -170.0 ], [ 110.555555555555543, -175.0 ], [ 115.574074074074062, -175.0 ] ] ] } },
{ "type": "Feature", "properties": { "opt_id": 901 }, "geometry": { "type": "Polygon", "coordinates": [ [ [ 120.592592592592595, -175.0 ], [ 120.592592592592595, -170.0 ], [ 115.574074074074076, -170.0 ], [ 115.574074074074076, -175.0 ], [ 120.592592592592595, -175.0 ] ] ] } },
{ "type": "Feature", "properties": { "opt_id": 902 }, "geometry": { "type": "Polygon", "coordinates": [ [ [ 125.6111111111111, -175.0 ], [ 125.6111111111111, -170.0 ], [ 120.592592592592581, -170.0 ], [ 120.592592592592581, -175.0 ], [ 125.6111111111111, -175.0 ] ] ] } },
{ "type": "Feature", "properties": { "opt_id": 903 }, "geometry": { "type": "Polygon", "coordinates": [ [ [ 130.629629629629591, -175.0 ], [ 130.629629629629591, -170.0 ], [ 125.611111111111086, -170.0 ], [ 125.611111111111086, -175.0 ], [ 130.629629629629591, -175.0 ] ] ] } },
{ "type": "Feature", "properties": { "opt_id": 904 }, "geometry": { "type": "Polygon", "coordinates": [ [ [ 135.648148148148124, -175.0 ], [ 135.648148148148124, -170.0 ], [ 130.629629629629619, -170.0 ], [ 130.629629629629619, -175.0 ], [ 135.648148148148124, -175.0 ] ] ] } },
{ "type": "Feature", "properties": { "opt_id": 905 }, "geometry": { "type": "Polygon", "coordinates": [ [ [ 140.666666666666629, -175.0 ], [ 140.666666666666629, -170.0 ], [ 135.648148148148124, -170.0 ], [ 135.648148148148124, -175.0 ], [ 140.666666666666629, -175.0 ] ] ] } },
{ "type": "Feature", "properties": { "opt_id": 906 }, "geometry": { "type": "Polygon", "coordinates": [ [ [ 145.685185185185162, -175.0 ], [ 145.685185185185162, -170.0 ], [ 140.666666666666657, -170.0 ], [ 140.666666666666657, -175.0 ], [ 145.685185185185162, -175.0 ] ] ] } },
{ "type": "Feature", "properties": { "opt_id": 907 }, "geometry": { "type": "Polygon", "coordinates": [ [ [ 150.703703703703667, -175.0 ], [ 150.703703703703667, -170.0 ], [ 145.685185185185162, -170.0 ], [ 145.685185185185162, -175.0 ], [ 150.703703703703667, -175.0 ] ] ] } },
{ "type": "Feature", "properties": { "opt_id": 908 }, "geometry": { "type": "Polygon", "coordinates": [ [ [ 155.7222222222222, -175.0 ], [ 155.7222222222222, -170.0 ], [ 150.703703703703695, -170.0 ], [ 150.703703703703695, -175.0 ], [ 155.7222222222222, -175.0 ] ] ] } },
{ "type": "Feature", "properties": { "opt_id": 909 }, "geometry": { "type": "Polygon", "coordinates": [ [ [ 160.740740740740705, -175.0 ], [ 160.740740740740705, -170.0 ], [ 155.7222222222222, -170.0 ], [ 155.7222222222222, -175.0 ], [ 160.740740740740705, -175.0 ] ] ] } },
{ "type": "Feature", "properties": { "opt_id": 910 }, "geometry": { "type": "Polygon", "coordinates": [ [ [ 165.759259259259238, -175.0 ], [ 165.759259259259238, -170.0 ], [ 160.740740740740733, -170.0 ], [ 160.740740740740733, -175.0 ], [ 165.759259259259238, -175.0 ] ] ] } },
{ "type": "Feature", "properties": { "opt_id": 911 }, "geometry": { "type": "Polygon", "coordinates": [ [ [ 170.777777777777743, -175.0 ], [ 170.777777777777743, -170.0 ], [ 165.759259259259238, -170.0 ], [ 165.759259259259238, -175.0 ], [ 170.777777777777743, -175.0 ] ] ] } },
{ "type": "Feature", "properties": { "opt_id": 912 }, "geometry": { "type": "Polygon", "coordinates": [ [ [ 175.796296296296276, -175.0 ], [ 175.796296296296276, -170.0 ], [ 170.777777777777771, -170.0 ], [ 170.777777777777771, -175.0 ], [ 175.796296296296276, -175.0 ] ] ] } },
{ "type": "Feature", "properties": { "opt_id": 913 }, "geometry": { "type": "Polygon", "coordinates": [ [ [ 180.814814814814781, -175.0 ], [ 180.814814814814781, -170.0 ], [ 175.796296296296276, -170.0 ], [ 175.796296296296276, -175.0 ], [ 180.814814814814781, -175.0 ] ] ] } },
{ "type": "Feature", "properties": { "opt_id": 914 }, "geometry": { "type": "Polygon", "coordinates": [ [ [ 185.833333333333314, -175.0 ], [ 185.833333333333314, -170.0 ], [ 180.81481481481481, -170.0 ], [ 180.81481481481481, -175.0 ], [ 185.833333333333314, -175.0 ] ] ] } },
{ "type": "Feature", "properties": { "opt_id": 915 }, "geometry": { "type": "Polygon", "coordinates": [ [ [ 190.851851851851819, -175.0 ], [ 190.851851851851819, -170.0 ], [ 185.833333333333314, -170.0 ], [ 185.833333333333314, -175.0 ], [ 190.851851851851819, -175.0 ] ] ] } },
{ "type": "Feature", "properties": { "opt_id": 916 }, "geometry": { "type": "Polygon", "coordinates": [ [ [ 195.870370370370352, -175.0 ], [ 195.870370370370352, -170.0 ], [ 190.851851851851848, -170.0 ], [ 190.851851851851848, -175.0 ], [ 195.870370370370352, -175.0 ] ] ] } },
{ "type": "Feature", "properties": { "opt_id": 917 }, "geometry": { "type": "Polygon", "coordinates": [ [ [ 200.888888888888857, -175.0 ], [ 200.888888888888857, -170.0 ], [ 195.870370370370352, -170.0 ], [ 195.870370370370352, -175.0 ], [ 200.888888888888857, -175.0 ] ] ] } },
{ "type": "Feature", "properties": { "opt_id": 918 }, "geometry": { "type": "Polygon", "coordinates": [ [ [ 205.907407407407362, -175.0 ], [ 205.907407407407362, -170.0 ], [ 200.888888888888857, -170.0 ], [ 200.888888888888857, -175.0 ], [ 205.907407407407362, -175.0 ] ] ] } },
{ "type": "Feature", "properties": { "opt_id": 919 }, "geometry": { "type": "Polygon", "coordinates": [ [ [ 15.203703703703702, -180.0 ], [ 15.203703703703702, -175.0 ], [ 10.185185185185183, -175.0 ], [ 10.185185185185183, -180.0 ], [ 15.203703703703702, -180.0 ] ] ] } },
{ "type": "Feature", "properties": { "opt_id": 920 }, "geometry": { "type": "Polygon", "coordinates": [ [ [ 20.222222222222221, -180.0 ], [ 20.222222222222221, -175.0 ], [ 15.203703703703702, -175.0 ], [ 15.203703703703702, -180.0 ], [ 20.222222222222221, -180.0 ] ] ] } },
{ "type": "Feature", "properties": { "opt_id": 921 }, "geometry": { "type": "Polygon", "coordinates": [ [ [ 25.240740740740733, -180.0 ], [ 25.240740740740733, -175.0 ], [ 20.222222222222214, -175.0 ], [ 20.222222222222214, -180.0 ], [ 25.240740740740733, -180.0 ] ] ] } },
{ "type": "Feature", "properties": { "opt_id": 922 }, "geometry": { "type": "Polygon", "coordinates": [ [ [ 45.31481481481481, -180.0 ], [ 45.31481481481481, -175.0 ], [ 40.296296296296291, -175.0 ], [ 40.296296296296291, -180.0 ], [ 45.31481481481481, -180.0 ] ] ] } },
{ "type": "Feature", "properties": { "opt_id": 923 }, "geometry": { "type": "Polygon", "coordinates": [ [ [ 50.333333333333329, -180.0 ], [ 50.333333333333329, -175.0 ], [ 45.31481481481481, -175.0 ], [ 45.31481481481481, -180.0 ], [ 50.333333333333329, -180.0 ] ] ] } },
{ "type": "Feature", "properties": { "opt_id": 924 }, "geometry": { "type": "Polygon", "coordinates": [ [ [ 55.351851851851848, -180.0 ], [ 55.351851851851848, -175.0 ], [ 50.333333333333329, -175.0 ], [ 50.333333333333329, -180.0 ], [ 55.351851851851848, -180.0 ] ] ] } },
{ "type": "Feature", "properties": { "opt_id": 925 }, "geometry": { "type": "Polygon", "coordinates": [ [ [ 60.370370370370367, -180.0 ], [ 60.370370370370367, -175.0 ], [ 55.351851851851848, -175.0 ], [ 55.351851851851848, -180.0 ], [ 60.370370370370367, -180.0 ] ] ] } },
{ "type": "Feature", "properties": { "opt_id": 926 }, "geometry": { "type": "Polygon", "coordinates": [ [ [ 65.388888888888886, -180.0 ], [ 65.388888888888886, -175.0 ], [ 60.370370370370367, -175.0 ], [ 60.370370370370367, -180.0 ], [ 65.388888888888886, -180.0 ] ] ] } },
{ "type": "Feature", "properties": { "opt_id": 927 }, "geometry": { "type": "Polygon", "coordinates": [ [ [ 70.407407407407405, -180.0 ], [ 70.407407407407405, -175.0 ], [ 65.388888888888886, -175.0 ], [ 65.388888888888886, -180.0 ], [ 70.407407407407405, -180.0 ] ] ] } },
{ "type": "Feature", "properties": { "opt_id": 928 }, "geometry": { "type": "Polygon", "coordinates": [ [ [ 75.425925925925924, -180.0 ], [ 75.425925925925924, -175.0 ], [ 70.407407407407405, -175.0 ], [ 70.407407407407405, -180.0 ], [ 75.425925925925924, -180.0 ] ] ] } },
{ "type": "Feature", "properties": { "opt_id": 929 }, "geometry": { "type": "Polygon", "coordinates": [ [ [ 80.444444444444443, -180.0 ], [ 80.444444444444443, -175.0 ], [ 75.425925925925924, -175.0 ], [ 75.425925925925924, -180.0 ], [ 80.444444444444443, -180.0 ] ] ] } },
{ "type": "Feature", "properties": { "opt_id": 930 }, "geometry": { "type": "Polygon", "coordinates": [ [ [ 85.462962962962948, -180.0 ], [ 85.462962962962948, -175.0 ], [ 80.444444444444429, -175.0 ], [ 80.444444444444429, -180.0 ], [ 85.462962962962948, -180.0 ] ] ] } },
{ "type": "Feature", "properties": { "opt_id": 931 }, "geometry": { "type": "Polygon", "coordinates": [ [ [ 90.481481481481467, -180.0 ], [ 90.481481481481467, -175.0 ], [ 85.462962962962948, -175.0 ], [ 85.462962962962948, -180.0 ], [ 90.481481481481467, -180.0 ] ] ] } },
{ "type": "Feature", "properties": { "opt_id": 932 }, "geometry": { "type": "Polygon", "coordinates": [ [ [ 115.574074074074062, -180.0 ], [ 115.574074074074062, -175.0 ], [ 110.555555555555543, -175.0 ], [ 110.555555555555543, -180.0 ], [ 115.574074074074062, -180.0 ] ] ] } },
{ "type": "Feature", "properties": { "opt_id": 933 }, "geometry": { "type": "Polygon", "coordinates": [ [ [ 120.592592592592595, -180.0 ], [ 120.592592592592595, -175.0 ], [ 115.574074074074076, -175.0 ], [ 115.574074074074076, -180.0 ], [ 120.592592592592595, -180.0 ] ] ] } },
{ "type": "Feature", "properties": { "opt_id": 934 }, "geometry": { "type": "Polygon", "coordinates": [ [ [ 125.6111111111111, -180.0 ], [ 125.6111111111111, -175.0 ], [ 120.592592592592581, -175.0 ], [ 120.592592592592581, -180.0 ], [ 125.6111111111111, -180.0 ] ] ] } },
{ "type": "Feature", "properties": { "opt_id": 935 }, "geometry": { "type": "Polygon", "coordinates": [ [ [ 130.629629629629591, -180.0 ], [ 130.629629629629591, -175.0 ], [ 125.611111111111086, -175.0 ], [ 125.611111111111086, -180.0 ], [ 130.629629629629591, -180.0 ] ] ] } },
{ "type": "Feature", "properties": { "opt_id": 936 }, "geometry": { "type": "Polygon", "coordinates": [ [ [ 135.648148148148124, -180.0 ], [ 135.648148148148124, -175.0 ], [ 130.629629629629619, -175.0 ], [ 130.629629629629619, -180.0 ], [ 135.648148148148124, -180.0 ] ] ] } },
{ "type": "Feature", "properties": { "opt_id": 937 }, "geometry": { "type": "Polygon", "coordinates": [ [ [ 140.666666666666629, -180.0 ], [ 140.666666666666629, -175.0 ], [ 135.648148148148124, -175.0 ], [ 135.648148148148124, -180.0 ], [ 140.666666666666629, -180.0 ] ] ] } },
{ "type": "Feature", "properties": { "opt_id": 938 }, "geometry": { "type": "Polygon", "coordinates": [ [ [ 145.685185185185162, -180.0 ], [ 145.685185185185162, -175.0 ], [ 140.666666666666657, -175.0 ], [ 140.666666666666657, -180.0 ], [ 145.685185185185162, -180.0 ] ] ] } },
{ "type": "Feature", "properties": { "opt_id": 939 }, "geometry": { "type": "Polygon", "coordinates": [ [ [ 150.703703703703667, -180.0 ], [ 150.703703703703667, -175.0 ], [ 145.685185185185162, -175.0 ], [ 145.685185185185162, -180.0 ], [ 150.703703703703667, -180.0 ] ] ] } },
{ "type": "Feature", "properties": { "opt_id": 940 }, "geometry": { "type": "Polygon", "coordinates": [ [ [ 155.7222222222222, -180.0 ], [ 155.7222222222222, -175.0 ], [ 150.703703703703695, -175.0 ], [ 150.703703703703695, -180.0 ], [ 155.7222222222222, -180.0 ] ] ] } },
{ "type": "Feature", "properties": { "opt_id": 941 }, "geometry": { "type": "Polygon", "coordinates": [ [ [ 160.740740740740705, -180.0 ], [ 160.740740740740705, -175.0 ], [ 155.7222222222222, -175.0 ], [ 155.7222222222222, -180.0 ], [ 160.740740740740705, -180.0 ] ] ] } },
{ "type": "Feature", "properties": { "opt_id": 942 }, "geometry": { "type": "Polygon", "coordinates": [ [ [ 165.759259259259238, -180.0 ], [ 165.759259259259238, -175.0 ], [ 160.740740740740733, -175.0 ], [ 160.740740740740733, -180.0 ], [ 165.759259259259238, -180.0 ] ] ] } },
{ "type": "Feature", "properties": { "opt_id": 943 }, "geometry": { "type": "Polygon", "coordinates": [ [ [ 170.777777777777743, -180.0 ], [ 170.777777777777743, -175.0 ], [ 165.759259259259238, -175.0 ], [ 165.759259259259238, -180.0 ], [ 170.777777777777743, -180.0 ] ] ] } },
{ "type": "Feature", "properties": { "opt_id": 944 }, "geometry": { "type": "Polygon", "coordinates": [ [ [ 175.796296296296276, -180.0 ], [ 175.796296296296276, -175.0 ], [ 170.777777777777771, -175.0 ], [ 170.777777777777771, -180.0 ], [ 175.796296296296276, -180.0 ] ] ] } },
{ "type": "Feature", "properties": { "opt_id": 945 }, "geometry": { "type": "Polygon", "coordinates": [ [ [ 180.814814814814781, -180.0 ], [ 180.814814814814781, -175.0 ], [ 175.796296296296276, -175.0 ], [ 175.796296296296276, -180.0 ], [ 180.814814814814781, -180.0 ] ] ] } },
{ "type": "Feature", "properties": { "opt_id": 946 }, "geometry": { "type": "Polygon", "coordinates": [ [ [ 185.833333333333314, -180.0 ], [ 185.833333333333314, -175.0 ], [ 180.81481481481481, -175.0 ], [ 180.81481481481481, -180.0 ], [ 185.833333333333314, -180.0 ] ] ] } },
{ "type": "Feature", "properties": { "opt_id": 947 }, "geometry": { "type": "Polygon", "coordinates": [ [ [ 190.851851851851819, -180.0 ], [ 190.851851851851819, -175.0 ], [ 185.833333333333314, -175.0 ], [ 185.833333333333314, -180.0 ], [ 190.851851851851819, -180.0 ] ] ] } },
{ "type": "Feature", "properties": { "opt_id": 948 }, "geometry": { "type": "Polygon", "coordinates": [ [ [ 195.870370370370352, -180.0 ], [ 195.870370370370352, -175.0 ], [ 190.851851851851848, -175.0 ], [ 190.851851851851848, -180.0 ], [ 195.870370370370352, -180.0 ] ] ] } },
{ "type": "Feature", "properties": { "opt_id": 949 }, "geometry": { "type": "Polygon", "coordinates": [ [ [ 200.888888888888857, -180.0 ], [ 200.888888888888857, -175.0 ], [ 195.870370370370352, -175.0 ], [ 195.870370370370352, -180.0 ], [ 200.888888888888857, -180.0 ] ] ] } },
{ "type": "Feature", "properties": { "opt_id": 950 }, "geometry": { "type": "Polygon", "coordinates": [ [ [ 205.907407407407362, -180.0 ], [ 205.907407407407362, -175.0 ], [ 200.888888888888857, -175.0 ], [ 200.888888888888857, -180.0 ], [ 205.907407407407362, -180.0 ] ] ] } },
{ "type": "Feature", "properties": { "opt_id": 951 }, "geometry": { "type": "Polygon", "coordinates": [ [ [ 15.203703703703702, -185.0 ], [ 15.203703703703702, -180.0 ], [ 10.185185185185183, -180.0 ], [ 10.185185185185183, -185.0 ], [ 15.203703703703702, -185.0 ] ] ] } },
{ "type": "Feature", "properties": { "opt_id": 952 }, "geometry": { "type": "Polygon", "coordinates": [ [ [ 20.222222222222221, -185.0 ], [ 20.222222222222221, -180.0 ], [ 15.203703703703702, -180.0 ], [ 15.203703703703702, -185.0 ], [ 20.222222222222221, -185.0 ] ] ] } },
{ "type": "Feature", "properties": { "opt_id": 953 }, "geometry": { "type": "Polygon", "coordinates": [ [ [ 25.240740740740733, -185.0 ], [ 25.240740740740733, -180.0 ], [ 20.222222222222214, -180.0 ], [ 20.222222222222214, -185.0 ], [ 25.240740740740733, -185.0 ] ] ] } },
{ "type": "Feature", "properties": { "opt_id": 954 }, "geometry": { "type": "Polygon", "coordinates": [ [ [ 45.31481481481481, -185.0 ], [ 45.31481481481481, -180.0 ], [ 40.296296296296291, -180.0 ], [ 40.296296296296291, -185.0 ], [ 45.31481481481481, -185.0 ] ] ] } },
{ "type": "Feature", "properties": { "opt_id": 955 }, "geometry": { "type": "Polygon", "coordinates": [ [ [ 50.333333333333329, -185.0 ], [ 50.333333333333329, -180.0 ], [ 45.31481481481481, -180.0 ], [ 45.31481481481481, -185.0 ], [ 50.333333333333329, -185.0 ] ] ] } },
{ "type": "Feature", "properties": { "opt_id": 956 }, "geometry": { "type": "Polygon", "coordinates": [ [ [ 55.351851851851848, -185.0 ], [ 55.351851851851848, -180.0 ], [ 50.333333333333329, -180.0 ], [ 50.333333333333329, -185.0 ], [ 55.351851851851848, -185.0 ] ] ] } },
{ "type": "Feature", "properties": { "opt_id": 957 }, "geometry": { "type": "Polygon", "coordinates": [ [ [ 60.370370370370367, -185.0 ], [ 60.370370370370367, -180.0 ], [ 55.351851851851848, -180.0 ], [ 55.351851851851848, -185.0 ], [ 60.370370370370367, -185.0 ] ] ] } },
{ "type": "Feature", "properties": { "opt_id": 958 }, "geometry": { "type": "Polygon", "coordinates": [ [ [ 65.388888888888886, -185.0 ], [ 65.388888888888886, -180.0 ], [ 60.370370370370367, -180.0 ], [ 60.370370370370367, -185.0 ], [ 65.388888888888886, -185.0 ] ] ] } },
{ "type": "Feature", "properties": { "opt_id": 959 }, "geometry": { "type": "Polygon", "coordinates": [ [ [ 70.407407407407405, -185.0 ], [ 70.407407407407405, -180.0 ], [ 65.388888888888886, -180.0 ], [ 65.388888888888886, -185.0 ], [ 70.407407407407405, -185.0 ] ] ] } },
{ "type": "Feature", "properties": { "opt_id": 960 }, "geometry": { "type": "Polygon", "coordinates": [ [ [ 75.425925925925924, -185.0 ], [ 75.425925925925924, -180.0 ], [ 70.407407407407405, -180.0 ], [ 70.407407407407405, -185.0 ], [ 75.425925925925924, -185.0 ] ] ] } },
{ "type": "Feature", "properties": { "opt_id": 961 }, "geometry": { "type": "Polygon", "coordinates": [ [ [ 80.444444444444443, -185.0 ], [ 80.444444444444443, -180.0 ], [ 75.425925925925924, -180.0 ], [ 75.425925925925924, -185.0 ], [ 80.444444444444443, -185.0 ] ] ] } },
{ "type": "Feature", "properties": { "opt_id": 962 }, "geometry": { "type": "Polygon", "coordinates": [ [ [ 85.462962962962948, -185.0 ], [ 85.462962962962948, -180.0 ], [ 80.444444444444429, -180.0 ], [ 80.444444444444429, -185.0 ], [ 85.462962962962948, -185.0 ] ] ] } },
{ "type": "Feature", "properties": { "opt_id": 963 }, "geometry": { "type": "Polygon", "coordinates": [ [ [ 90.481481481481467, -185.0 ], [ 90.481481481481467, -180.0 ], [ 85.462962962962948, -180.0 ], [ 85.462962962962948, -185.0 ], [ 90.481481481481467, -185.0 ] ] ] } },
{ "type": "Feature", "properties": { "opt_id": 964 }, "geometry": { "type": "Polygon", "coordinates": [ [ [ 115.574074074074062, -185.0 ], [ 115.574074074074062, -180.0 ], [ 110.555555555555543, -180.0 ], [ 110.555555555555543, -185.0 ], [ 115.574074074074062, -185.0 ] ] ] } },
{ "type": "Feature", "properties": { "opt_id": 965 }, "geometry": { "type": "Polygon", "coordinates": [ [ [ 120.592592592592595, -185.0 ], [ 120.592592592592595, -180.0 ], [ 115.574074074074076, -180.0 ], [ 115.574074074074076, -185.0 ], [ 120.592592592592595, -185.0 ] ] ] } },
{ "type": "Feature", "properties": { "opt_id": 966 }, "geometry": { "type": "Polygon", "coordinates": [ [ [ 125.6111111111111, -185.0 ], [ 125.6111111111111, -180.0 ], [ 120.592592592592581, -180.0 ], [ 120.592592592592581, -185.0 ], [ 125.6111111111111, -185.0 ] ] ] } },
{ "type": "Feature", "properties": { "opt_id": 967 }, "geometry": { "type": "Polygon", "coordinates": [ [ [ 130.629629629629591, -185.0 ], [ 130.629629629629591, -180.0 ], [ 125.611111111111086, -180.0 ], [ 125.611111111111086, -185.0 ], [ 130.629629629629591, -185.0 ] ] ] } },
{ "type": "Feature", "properties": { "opt_id": 968 }, "geometry": { "type": "Polygon", "coordinates": [ [ [ 135.648148148148124, -185.0 ], [ 135.648148148148124, -180.0 ], [ 130.629629629629619, -180.0 ], [ 130.629629629629619, -185.0 ], [ 135.648148148148124, -185.0 ] ] ] } },
{ "type": "Feature", "properties": { "opt_id": 969 }, "geometry": { "type": "Polygon", "coordinates": [ [ [ 140.666666666666629, -185.0 ], [ 140.666666666666629, -180.0 ], [ 135.648148148148124, -180.0 ], [ 135.648148148148124, -185.0 ], [ 140.666666666666629, -185.0 ] ] ] } },
{ "type": "Feature", "properties": { "opt_id": 970 }, "geometry": { "type": "Polygon", "coordinates": [ [ [ 145.685185185185162, -185.0 ], [ 145.685185185185162, -180.0 ], [ 140.666666666666657, -180.0 ], [ 140.666666666666657, -185.0 ], [ 145.685185185185162, -185.0 ] ] ] } },
{ "type": "Feature", "properties": { "opt_id": 971 }, "geometry": { "type": "Polygon", "coordinates": [ [ [ 150.703703703703667, -185.0 ], [ 150.703703703703667, -180.0 ], [ 145.685185185185162, -180.0 ], [ 145.685185185185162, -185.0 ], [ 150.703703703703667, -185.0 ] ] ] } },
{ "type": "Feature", "properties": { "opt_id": 972 }, "geometry": { "type": "Polygon", "coordinates": [ [ [ 155.7222222222222, -185.0 ], [ 155.7222222222222, -180.0 ], [ 150.703703703703695, -180.0 ], [ 150.703703703703695, -185.0 ], [ 155.7222222222222, -185.0 ] ] ] } },
{ "type": "Feature", "properties": { "opt_id": 973 }, "geometry": { "type": "Polygon", "coordinates": [ [ [ 160.740740740740705, -185.0 ], [ 160.740740740740705, -180.0 ], [ 155.7222222222222, -180.0 ], [ 155.7222222222222, -185.0 ], [ 160.740740740740705, -185.0 ] ] ] } },
{ "type": "Feature", "properties": { "opt_id": 974 }, "geometry": { "type": "Polygon", "coordinates": [ [ [ 165.759259259259238, -185.0 ], [ 165.759259259259238, -180.0 ], [ 160.740740740740733, -180.0 ], [ 160.740740740740733, -185.0 ], [ 165.759259259259238, -185.0 ] ] ] } },
{ "type": "Feature", "properties": { "opt_id": 975 }, "geometry": { "type": "Polygon", "coordinates": [ [ [ 170.777777777777743, -185.0 ], [ 170.777777777777743, -180.0 ], [ 165.759259259259238, -180.0 ], [ 165.759259259259238, -185.0 ], [ 170.777777777777743, -185.0 ] ] ] } },
{ "type": "Feature", "properties": { "opt_id": 976 }, "geometry": { "type": "Polygon", "coordinates": [ [ [ 175.796296296296276, -185.0 ], [ 175.796296296296276, -180.0 ], [ 170.777777777777771, -180.0 ], [ 170.777777777777771, -185.0 ], [ 175.796296296296276, -185.0 ] ] ] } },
{ "type": "Feature", "properties": { "opt_id": 977 }, "geometry": { "type": "Polygon", "coordinates": [ [ [ 180.814814814814781, -185.0 ], [ 180.814814814814781, -180.0 ], [ 175.796296296296276, -180.0 ], [ 175.796296296296276, -185.0 ], [ 180.814814814814781, -185.0 ] ] ] } },
{ "type": "Feature", "properties": { "opt_id": 978 }, "geometry": { "type": "Polygon", "coordinates": [ [ [ 185.833333333333314, -185.0 ], [ 185.833333333333314, -180.0 ], [ 180.81481481481481, -180.0 ], [ 180.81481481481481, -185.0 ], [ 185.833333333333314, -185.0 ] ] ] } },
{ "type": "Feature", "properties": { "opt_id": 979 }, "geometry": { "type": "Polygon", "coordinates": [ [ [ 190.851851851851819, -185.0 ], [ 190.851851851851819, -180.0 ], [ 185.833333333333314, -180.0 ], [ 185.833333333333314, -185.0 ], [ 190.851851851851819, -185.0 ] ] ] } },
{ "type": "Feature", "properties": { "opt_id": 980 }, "geometry": { "type": "Polygon", "coordinates": [ [ [ 195.870370370370352, -185.0 ], [ 195.870370370370352, -180.0 ], [ 190.851851851851848, -180.0 ], [ 190.851851851851848, -185.0 ], [ 195.870370370370352, -185.0 ] ] ] } },
{ "type": "Feature", "properties": { "opt_id": 981 }, "geometry": { "type": "Polygon", "coordinates": [ [ [ 200.888888888888857, -185.0 ], [ 200.888888888888857, -180.0 ], [ 195.870370370370352, -180.0 ], [ 195.870370370370352, -185.0 ], [ 200.888888888888857, -185.0 ] ] ] } },
{ "type": "Feature", "properties": { "opt_id": 982 }, "geometry": { "type": "Polygon", "coordinates": [ [ [ 205.907407407407362, -185.0 ], [ 205.907407407407362, -180.0 ], [ 200.888888888888857, -180.0 ], [ 200.888888888888857, -185.0 ], [ 205.907407407407362, -185.0 ] ] ] } },
{ "type": "Feature", "properties": { "opt_id": 983 }, "geometry": { "type": "Polygon", "coordinates": [ [ [ 15.203703703703702, -190.0 ], [ 15.203703703703702, -185.0 ], [ 10.185185185185183, -185.0 ], [ 10.185185185185183, -190.0 ], [ 15.203703703703702, -190.0 ] ] ] } },
{ "type": "Feature", "properties": { "opt_id": 984 }, "geometry": { "type": "Polygon", "coordinates": [ [ [ 20.222222222222221, -190.0 ], [ 20.222222222222221, -185.0 ], [ 15.203703703703702, -185.0 ], [ 15.203703703703702, -190.0 ], [ 20.222222222222221, -190.0 ] ] ] } },
{ "type": "Feature", "properties": { "opt_id": 985 }, "geometry": { "type": "Polygon", "coordinates": [ [ [ 25.240740740740733, -190.0 ], [ 25.240740740740733, -185.0 ], [ 20.222222222222214, -185.0 ], [ 20.222222222222214, -190.0 ], [ 25.240740740740733, -190.0 ] ] ] } },
{ "type": "Feature", "properties": { "opt_id": 986 }, "geometry": { "type": "Polygon", "coordinates": [ [ [ 45.31481481481481, -190.0 ], [ 45.31481481481481, -185.0 ], [ 40.296296296296291, -185.0 ], [ 40.296296296296291, -190.0 ], [ 45.31481481481481, -190.0 ] ] ] } },
{ "type": "Feature", "properties": { "opt_id": 987 }, "geometry": { "type": "Polygon", "coordinates": [ [ [ 50.333333333333329, -190.0 ], [ 50.333333333333329, -185.0 ], [ 45.31481481481481, -185.0 ], [ 45.31481481481481, -190.0 ], [ 50.333333333333329, -190.0 ] ] ] } },
{ "type": "Feature", "properties": { "opt_id": 988 }, "geometry": { "type": "Polygon", "coordinates": [ [ [ 55.351851851851848, -190.0 ], [ 55.351851851851848, -185.0 ], [ 50.333333333333329, -185.0 ], [ 50.333333333333329, -190.0 ], [ 55.351851851851848, -190.0 ] ] ] } },
{ "type": "Feature", "properties": { "opt_id": 989 }, "geometry": { "type": "Polygon", "coordinates": [ [ [ 60.370370370370367, -190.0 ], [ 60.370370370370367, -185.0 ], [ 55.351851851851848, -185.0 ], [ 55.351851851851848, -190.0 ], [ 60.370370370370367, -190.0 ] ] ] } },
{ "type": "Feature", "properties": { "opt_id": 990 }, "geometry": { "type": "Polygon", "coordinates": [ [ [ 65.388888888888886, -190.0 ], [ 65.388888888888886, -185.0 ], [ 60.370370370370367, -185.0 ], [ 60.370370370370367, -190.0 ], [ 65.388888888888886, -190.0 ] ] ] } },
{ "type": "Feature", "properties": { "opt_id": 991 }, "geometry": { "type": "Polygon", "coordinates": [ [ [ 70.407407407407405, -190.0 ], [ 70.407407407407405, -185.0 ], [ 65.388888888888886, -185.0 ], [ 65.388888888888886, -190.0 ], [ 70.407407407407405, -190.0 ] ] ] } },
{ "type": "Feature", "properties": { "opt_id": 992 }, "geometry": { "type": "Polygon", "coordinates": [ [ [ 75.425925925925924, -190.0 ], [ 75.425925925925924, -185.0 ], [ 70.407407407407405, -185.0 ], [ 70.407407407407405, -190.0 ], [ 75.425925925925924, -190.0 ] ] ] } },
{ "type": "Feature", "properties": { "opt_id": 993 }, "geometry": { "type": "Polygon", "coordinates": [ [ [ 80.444444444444443, -190.0 ], [ 80.444444444444443, -185.0 ], [ 75.425925925925924, -185.0 ], [ 75.425925925925924, -190.0 ], [ 80.444444444444443, -190.0 ] ] ] } },
{ "type": "Feature", "properties": { "opt_id": 994 }, "geometry": { "type": "Polygon", "coordinates": [ [ [ 85.462962962962948, -190.0 ], [ 85.462962962962948, -185.0 ], [ 80.444444444444429, -185.0 ], [ 80.444444444444429, -190.0 ], [ 85.462962962962948, -190.0 ] ] ] } },
{ "type": "Feature", "properties": { "opt_id": 995 }, "geometry": { "type": "Polygon", "coordinates": [ [ [ 90.481481481481467, -190.0 ], [ 90.481481481481467, -185.0 ], [ 85.462962962962948, -185.0 ], [ 85.462962962962948, -190.0 ], [ 90.481481481481467, -190.0 ] ] ] } },
{ "type": "Feature", "properties": { "opt_id": 996 }, "geometry": { "type": "Polygon", "coordinates": [ [ [ 115.574074074074062, -190.0 ], [ 115.574074074074062, -185.0 ], [ 110.555555555555543, -185.0 ], [ 110.555555555555543, -190.0 ], [ 115.574074074074062, -190.0 ] ] ] } },
{ "type": "Feature", "properties": { "opt_id": 997 }, "geometry": { "type": "Polygon", "coordinates": [ [ [ 120.592592592592595, -190.0 ], [ 120.592592592592595, -185.0 ], [ 115.574074074074076, -185.0 ], [ 115.574074074074076, -190.0 ], [ 120.592592592592595, -190.0 ] ] ] } },
{ "type": "Feature", "properties": { "opt_id": 998 }, "geometry": { "type": "Polygon", "coordinates": [ [ [ 125.6111111111111, -190.0 ], [ 125.6111111111111, -185.0 ], [ 120.592592592592581, -185.0 ], [ 120.592592592592581, -190.0 ], [ 125.6111111111111, -190.0 ] ] ] } },
{ "type": "Feature", "properties": { "opt_id": 999 }, "geometry": { "type": "Polygon", "coordinates": [ [ [ 130.629629629629591, -190.0 ], [ 130.629629629629591, -185.0 ], [ 125.611111111111086, -185.0 ], [ 125.611111111111086, -190.0 ], [ 130.629629629629591, -190.0 ] ] ] } },
{ "type": "Feature", "properties": { "opt_id": 1000 }, "geometry": { "type": "Polygon", "coordinates": [ [ [ 135.648148148148124, -190.0 ], [ 135.648148148148124, -185.0 ], [ 130.629629629629619, -185.0 ], [ 130.629629629629619, -190.0 ], [ 135.648148148148124, -190.0 ] ] ] } },
{ "type": "Feature", "properties": { "opt_id": 1001 }, "geometry": { "type": "Polygon", "coordinates": [ [ [ 140.666666666666629, -190.0 ], [ 140.666666666666629, -185.0 ], [ 135.648148148148124, -185.0 ], [ 135.648148148148124, -190.0 ], [ 140.666666666666629, -190.0 ] ] ] } },
{ "type": "Feature", "properties": { "opt_id": 1002 }, "geometry": { "type": "Polygon", "coordinates": [ [ [ 145.685185185185162, -190.0 ], [ 145.685185185185162, -185.0 ], [ 140.666666666666657, -185.0 ], [ 140.666666666666657, -190.0 ], [ 145.685185185185162, -190.0 ] ] ] } },
{ "type": "Feature", "properties": { "opt_id": 1003 }, "geometry": { "type": "Polygon", "coordinates": [ [ [ 150.703703703703667, -190.0 ], [ 150.703703703703667, -185.0 ], [ 145.685185185185162, -185.0 ], [ 145.685185185185162, -190.0 ], [ 150.703703703703667, -190.0 ] ] ] } },
{ "type": "Feature", "properties": { "opt_id": 1004 }, "geometry": { "type": "Polygon", "coordinates": [ [ [ 155.7222222222222, -190.0 ], [ 155.7222222222222, -185.0 ], [ 150.703703703703695, -185.0 ], [ 150.703703703703695, -190.0 ], [ 155.7222222222222, -190.0 ] ] ] } },
{ "type": "Feature", "properties": { "opt_id": 1005 }, "geometry": { "type": "Polygon", "coordinates": [ [ [ 160.740740740740705, -190.0 ], [ 160.740740740740705, -185.0 ], [ 155.7222222222222, -185.0 ], [ 155.7222222222222, -190.0 ], [ 160.740740740740705, -190.0 ] ] ] } },
{ "type": "Feature", "properties": { "opt_id": 1006 }, "geometry": { "type": "Polygon", "coordinates": [ [ [ 165.759259259259238, -190.0 ], [ 165.759259259259238, -185.0 ], [ 160.740740740740733, -185.0 ], [ 160.740740740740733, -190.0 ], [ 165.759259259259238, -190.0 ] ] ] } },
{ "type": "Feature", "properties": { "opt_id": 1007 }, "geometry": { "type": "Polygon", "coordinates": [ [ [ 170.777777777777743, -190.0 ], [ 170.777777777777743, -185.0 ], [ 165.759259259259238, -185.0 ], [ 165.759259259259238, -190.0 ], [ 170.777777777777743, -190.0 ] ] ] } },
{ "type": "Feature", "properties": { "opt_id": 1008 }, "geometry": { "type": "Polygon", "coordinates": [ [ [ 175.796296296296276, -190.0 ], [ 175.796296296296276, -185.0 ], [ 170.777777777777771, -185.0 ], [ 170.777777777777771, -190.0 ], [ 175.796296296296276, -190.0 ] ] ] } },
{ "type": "Feature", "properties": { "opt_id": 1009 }, "geometry": { "type": "Polygon", "coordinates": [ [ [ 180.814814814814781, -190.0 ], [ 180.814814814814781, -185.0 ], [ 175.796296296296276, -185.0 ], [ 175.796296296296276, -190.0 ], [ 180.814814814814781, -190.0 ] ] ] } },
{ "type": "Feature", "properties": { "opt_id": 1010 }, "geometry": { "type": "Polygon", "coordinates": [ [ [ 185.833333333333314, -190.0 ], [ 185.833333333333314, -185.0 ], [ 180.81481481481481, -185.0 ], [ 180.81481481481481, -190.0 ], [ 185.833333333333314, -190.0 ] ] ] } },
{ "type": "Feature", "properties": { "opt_id": 1011 }, "geometry": { "type": "Polygon", "coordinates": [ [ [ 190.851851851851819, -190.0 ], [ 190.851851851851819, -185.0 ], [ 185.833333333333314, -185.0 ], [ 185.833333333333314, -190.0 ], [ 190.851851851851819, -190.0 ] ] ] } },
{ "type": "Feature", "properties": { "opt_id": 1012 }, "geometry": { "type": "Polygon", "coordinates": [ [ [ 195.870370370370352, -190.0 ], [ 195.870370370370352, -185.0 ], [ 190.851851851851848, -185.0 ], [ 190.851851851851848, -190.0 ], [ 195.870370370370352, -190.0 ] ] ] } },
{ "type": "Feature", "properties": { "opt_id": 1013 }, "geometry": { "type": "Polygon", "coordinates": [ [ [ 200.888888888888857, -190.0 ], [ 200.888888888888857, -185.0 ], [ 195.870370370370352, -185.0 ], [ 195.870370370370352, -190.0 ], [ 200.888888888888857, -190.0 ] ] ] } },
{ "type": "Feature", "properties": { "opt_id": 1014 }, "geometry": { "type": "Polygon", "coordinates": [ [ [ 205.907407407407362, -190.0 ], [ 205.907407407407362, -185.0 ], [ 200.888888888888857, -185.0 ], [ 200.888888888888857, -190.0 ], [ 205.907407407407362, -190.0 ] ] ] } },
{ "type": "Feature", "properties": { "opt_id": 1015 }, "geometry": { "type": "Polygon", "coordinates": [ [ [ 15.203703703703702, -195.0 ], [ 15.203703703703702, -190.0 ], [ 10.185185185185183, -190.0 ], [ 10.185185185185183, -195.0 ], [ 15.203703703703702, -195.0 ] ] ] } },
{ "type": "Feature", "properties": { "opt_id": 1016 }, "geometry": { "type": "Polygon", "coordinates": [ [ [ 20.222222222222221, -195.0 ], [ 20.222222222222221, -190.0 ], [ 15.203703703703702, -190.0 ], [ 15.203703703703702, -195.0 ], [ 20.222222222222221, -195.0 ] ] ] } },
{ "type": "Feature", "properties": { "opt_id": 1017 }, "geometry": { "type": "Polygon", "coordinates": [ [ [ 25.240740740740733, -195.0 ], [ 25.240740740740733, -190.0 ], [ 20.222222222222214, -190.0 ], [ 20.222222222222214, -195.0 ], [ 25.240740740740733, -195.0 ] ] ] } },
{ "type": "Feature", "properties": { "opt_id": 1018 }, "geometry": { "type": "Polygon", "coordinates": [ [ [ 45.31481481481481, -195.0 ], [ 45.31481481481481, -190.0 ], [ 40.296296296296291, -190.0 ], [ 40.296296296296291, -195.0 ], [ 45.31481481481481, -195.0 ] ] ] } },
{ "type": "Feature", "properties": { "opt_id": 1019 }, "geometry": { "type": "Polygon", "coordinates": [ [ [ 50.333333333333329, -195.0 ], [ 50.333333333333329, -190.0 ], [ 45.31481481481481, -190.0 ], [ 45.31481481481481, -195.0 ], [ 50.333333333333329, -195.0 ] ] ] } },
{ "type": "Feature", "properties": { "opt_id": 1020 }, "geometry": { "type": "Polygon", "coordinates": [ [ [ 70.407407407407405, -195.0 ], [ 70.407407407407405, -190.0 ], [ 65.388888888888886, -190.0 ], [ 65.388888888888886, -195.0 ], [ 70.407407407407405, -195.0 ] ] ] } },
{ "type": "Feature", "properties": { "opt_id": 1021 }, "geometry": { "type": "Polygon", "coordinates": [ [ [ 75.425925925925924, -195.0 ], [ 75.425925925925924, -190.0 ], [ 70.407407407407405, -190.0 ], [ 70.407407407407405, -195.0 ], [ 75.425925925925924, -195.0 ] ] ] } },
{ "type": "Feature", "properties": { "opt_id": 1022 }, "geometry": { "type": "Polygon", "coordinates": [ [ [ 80.444444444444443, -195.0 ], [ 80.444444444444443, -190.0 ], [ 75.425925925925924, -190.0 ], [ 75.425925925925924, -195.0 ], [ 80.444444444444443, -195.0 ] ] ] } },
{ "type": "Feature", "properties": { "opt_id": 1023 }, "geometry": { "type": "Polygon", "coordinates": [ [ [ 85.462962962962948, -195.0 ], [ 85.462962962962948, -190.0 ], [ 80.444444444444429, -190.0 ], [ 80.444444444444429, -195.0 ], [ 85.462962962962948, -195.0 ] ] ] } },
{ "type": "Feature", "properties": { "opt_id": 1024 }, "geometry": { "type": "Polygon", "coordinates": [ [ [ 90.481481481481467, -195.0 ], [ 90.481481481481467, -190.0 ], [ 85.462962962962948, -190.0 ], [ 85.462962962962948, -195.0 ], [ 90.481481481481467, -195.0 ] ] ] } },
{ "type": "Feature", "properties": { "opt_id": 1025 }, "geometry": { "type": "Polygon", "coordinates": [ [ [ 115.574074074074062, -195.0 ], [ 115.574074074074062, -190.0 ], [ 110.555555555555543, -190.0 ], [ 110.555555555555543, -195.0 ], [ 115.574074074074062, -195.0 ] ] ] } },
{ "type": "Feature", "properties": { "opt_id": 1026 }, "geometry": { "type": "Polygon", "coordinates": [ [ [ 120.592592592592595, -195.0 ], [ 120.592592592592595, -190.0 ], [ 115.574074074074076, -190.0 ], [ 115.574074074074076, -195.0 ], [ 120.592592592592595, -195.0 ] ] ] } },
{ "type": "Feature", "properties": { "opt_id": 1027 }, "geometry": { "type": "Polygon", "coordinates": [ [ [ 125.6111111111111, -195.0 ], [ 125.6111111111111, -190.0 ], [ 120.592592592592581, -190.0 ], [ 120.592592592592581, -195.0 ], [ 125.6111111111111, -195.0 ] ] ] } },
{ "type": "Feature", "properties": { "opt_id": 1028 }, "geometry": { "type": "Polygon", "coordinates": [ [ [ 130.629629629629591, -195.0 ], [ 130.629629629629591, -190.0 ], [ 125.611111111111086, -190.0 ], [ 125.611111111111086, -195.0 ], [ 130.629629629629591, -195.0 ] ] ] } },
{ "type": "Feature", "properties": { "opt_id": 1029 }, "geometry": { "type": "Polygon", "coordinates": [ [ [ 135.648148148148124, -195.0 ], [ 135.648148148148124, -190.0 ], [ 130.629629629629619, -190.0 ], [ 130.629629629629619, -195.0 ], [ 135.648148148148124, -195.0 ] ] ] } },
{ "type": "Feature", "properties": { "opt_id": 1030 }, "geometry": { "type": "Polygon", "coordinates": [ [ [ 140.666666666666629, -195.0 ], [ 140.666666666666629, -190.0 ], [ 135.648148148148124, -190.0 ], [ 135.648148148148124, -195.0 ], [ 140.666666666666629, -195.0 ] ] ] } },
{ "type": "Feature", "properties": { "opt_id": 1031 }, "geometry": { "type": "Polygon", "coordinates": [ [ [ 145.685185185185162, -195.0 ], [ 145.685185185185162, -190.0 ], [ 140.666666666666657, -190.0 ], [ 140.666666666666657, -195.0 ], [ 145.685185185185162, -195.0 ] ] ] } },
{ "type": "Feature", "properties": { "opt_id": 1032 }, "geometry": { "type": "Polygon", "coordinates": [ [ [ 150.703703703703667, -195.0 ], [ 150.703703703703667, -190.0 ], [ 145.685185185185162, -190.0 ], [ 145.685185185185162, -195.0 ], [ 150.703703703703667, -195.0 ] ] ] } },
{ "type": "Feature", "properties": { "opt_id": 1033 }, "geometry": { "type": "Polygon", "coordinates": [ [ [ 155.7222222222222, -195.0 ], [ 155.7222222222222, -190.0 ], [ 150.703703703703695, -190.0 ], [ 150.703703703703695, -195.0 ], [ 155.7222222222222, -195.0 ] ] ] } },
{ "type": "Feature", "properties": { "opt_id": 1034 }, "geometry": { "type": "Polygon", "coordinates": [ [ [ 160.740740740740705, -195.0 ], [ 160.740740740740705, -190.0 ], [ 155.7222222222222, -190.0 ], [ 155.7222222222222, -195.0 ], [ 160.740740740740705, -195.0 ] ] ] } },
{ "type": "Feature", "properties": { "opt_id": 1035 }, "geometry": { "type": "Polygon", "coordinates": [ [ [ 165.759259259259238, -195.0 ], [ 165.759259259259238, -190.0 ], [ 160.740740740740733, -190.0 ], [ 160.740740740740733, -195.0 ], [ 165.759259259259238, -195.0 ] ] ] } },
{ "type": "Feature", "properties": { "opt_id": 1036 }, "geometry": { "type": "Polygon", "coordinates": [ [ [ 170.777777777777743, -195.0 ], [ 170.777777777777743, -190.0 ], [ 165.759259259259238, -190.0 ], [ 165.759259259259238, -195.0 ], [ 170.777777777777743, -195.0 ] ] ] } },
{ "type": "Feature", "properties": { "opt_id": 1037 }, "geometry": { "type": "Polygon", "coordinates": [ [ [ 175.796296296296276, -195.0 ], [ 175.796296296296276, -190.0 ], [ 170.777777777777771, -190.0 ], [ 170.777777777777771, -195.0 ], [ 175.796296296296276, -195.0 ] ] ] } },
{ "type": "Feature", "properties": { "opt_id": 1038 }, "geometry": { "type": "Polygon", "coordinates": [ [ [ 180.814814814814781, -195.0 ], [ 180.814814814814781, -190.0 ], [ 175.796296296296276, -190.0 ], [ 175.796296296296276, -195.0 ], [ 180.814814814814781, -195.0 ] ] ] } },
{ "type": "Feature", "properties": { "opt_id": 1039 }, "geometry": { "type": "Polygon", "coordinates": [ [ [ 185.833333333333314, -195.0 ], [ 185.833333333333314, -190.0 ], [ 180.81481481481481, -190.0 ], [ 180.81481481481481, -195.0 ], [ 185.833333333333314, -195.0 ] ] ] } },
{ "type": "Feature", "properties": { "opt_id": 1040 }, "geometry": { "type": "Polygon", "coordinates": [ [ [ 190.851851851851819, -195.0 ], [ 190.851851851851819, -190.0 ], [ 185.833333333333314, -190.0 ], [ 185.833333333333314, -195.0 ], [ 190.851851851851819, -195.0 ] ] ] } },
{ "type": "Feature", "properties": { "opt_id": 1041 }, "geometry": { "type": "Polygon", "coordinates": [ [ [ 195.870370370370352, -195.0 ], [ 195.870370370370352, -190.0 ], [ 190.851851851851848, -190.0 ], [ 190.851851851851848, -195.0 ], [ 195.870370370370352, -195.0 ] ] ] } },
{ "type": "Feature", "properties": { "opt_id": 1042 }, "geometry": { "type": "Polygon", "coordinates": [ [ [ 200.888888888888857, -195.0 ], [ 200.888888888888857, -190.0 ], [ 195.870370370370352, -190.0 ], [ 195.870370370370352, -195.0 ], [ 200.888888888888857, -195.0 ] ] ] } },
{ "type": "Feature", "properties": { "opt_id": 1043 }, "geometry": { "type": "Polygon", "coordinates": [ [ [ 205.907407407407362, -195.0 ], [ 205.907407407407362, -190.0 ], [ 200.888888888888857, -190.0 ], [ 200.888888888888857, -195.0 ], [ 205.907407407407362, -195.0 ] ] ] } },
{ "type": "Feature", "properties": { "opt_id": 1044 }, "geometry": { "type": "Polygon", "coordinates": [ [ [ 15.203703703703702, -200.0 ], [ 15.203703703703702, -195.0 ], [ 10.185185185185183, -195.0 ], [ 10.185185185185183, -200.0 ], [ 15.203703703703702, -200.0 ] ] ] } },
{ "type": "Feature", "properties": { "opt_id": 1045 }, "geometry": { "type": "Polygon", "coordinates": [ [ [ 20.222222222222221, -200.0 ], [ 20.222222222222221, -195.0 ], [ 15.203703703703702, -195.0 ], [ 15.203703703703702, -200.0 ], [ 20.222222222222221, -200.0 ] ] ] } },
{ "type": "Feature", "properties": { "opt_id": 1046 }, "geometry": { "type": "Polygon", "coordinates": [ [ [ 25.240740740740733, -200.0 ], [ 25.240740740740733, -195.0 ], [ 20.222222222222214, -195.0 ], [ 20.222222222222214, -200.0 ], [ 25.240740740740733, -200.0 ] ] ] } },
{ "type": "Feature", "properties": { "opt_id": 1047 }, "geometry": { "type": "Polygon", "coordinates": [ [ [ 70.407407407407405, -200.0 ], [ 70.407407407407405, -195.0 ], [ 65.388888888888886, -195.0 ], [ 65.388888888888886, -200.0 ], [ 70.407407407407405, -200.0 ] ] ] } },
{ "type": "Feature", "properties": { "opt_id": 1048 }, "geometry": { "type": "Polygon", "coordinates": [ [ [ 75.425925925925924, -200.0 ], [ 75.425925925925924, -195.0 ], [ 70.407407407407405, -195.0 ], [ 70.407407407407405, -200.0 ], [ 75.425925925925924, -200.0 ] ] ] } },
{ "type": "Feature", "properties": { "opt_id": 1049 }, "geometry": { "type": "Polygon", "coordinates": [ [ [ 80.444444444444443, -200.0 ], [ 80.444444444444443, -195.0 ], [ 75.425925925925924, -195.0 ], [ 75.425925925925924, -200.0 ], [ 80.444444444444443, -200.0 ] ] ] } },
{ "type": "Feature", "properties": { "opt_id": 1050 }, "geometry": { "type": "Polygon", "coordinates": [ [ [ 85.462962962962948, -200.0 ], [ 85.462962962962948, -195.0 ], [ 80.444444444444429, -195.0 ], [ 80.444444444444429, -200.0 ], [ 85.462962962962948, -200.0 ] ] ] } },
{ "type": "Feature", "properties": { "opt_id": 1051 }, "geometry": { "type": "Polygon", "coordinates": [ [ [ 90.481481481481467, -200.0 ], [ 90.481481481481467, -195.0 ], [ 85.462962962962948, -195.0 ], [ 85.462962962962948, -200.0 ], [ 90.481481481481467, -200.0 ] ] ] } },
{ "type": "Feature", "properties": { "opt_id": 1052 }, "geometry": { "type": "Polygon", "coordinates": [ [ [ 115.574074074074062, -200.0 ], [ 115.574074074074062, -195.0 ], [ 110.555555555555543, -195.0 ], [ 110.555555555555543, -200.0 ], [ 115.574074074074062, -200.0 ] ] ] } },
{ "type": "Feature", "properties": { "opt_id": 1053 }, "geometry": { "type": "Polygon", "coordinates": [ [ [ 120.592592592592595, -200.0 ], [ 120.592592592592595, -195.0 ], [ 115.574074074074076, -195.0 ], [ 115.574074074074076, -200.0 ], [ 120.592592592592595, -200.0 ] ] ] } },
{ "type": "Feature", "properties": { "opt_id": 1054 }, "geometry": { "type": "Polygon", "coordinates": [ [ [ 125.6111111111111, -200.0 ], [ 125.6111111111111, -195.0 ], [ 120.592592592592581, -195.0 ], [ 120.592592592592581, -200.0 ], [ 125.6111111111111, -200.0 ] ] ] } },
{ "type": "Feature", "properties": { "opt_id": 1055 }, "geometry": { "type": "Polygon", "coordinates": [ [ [ 130.629629629629591, -200.0 ], [ 130.629629629629591, -195.0 ], [ 125.611111111111086, -195.0 ], [ 125.611111111111086, -200.0 ], [ 130.629629629629591, -200.0 ] ] ] } },
{ "type": "Feature", "properties": { "opt_id": 1056 }, "geometry": { "type": "Polygon", "coordinates": [ [ [ 135.648148148148124, -200.0 ], [ 135.648148148148124, -195.0 ], [ 130.629629629629619, -195.0 ], [ 130.629629629629619, -200.0 ], [ 135.648148148148124, -200.0 ] ] ] } },
{ "type": "Feature", "properties": { "opt_id": 1057 }, "geometry": { "type": "Polygon", "coordinates": [ [ [ 140.666666666666629, -200.0 ], [ 140.666666666666629, -195.0 ], [ 135.648148148148124, -195.0 ], [ 135.648148148148124, -200.0 ], [ 140.666666666666629, -200.0 ] ] ] } },
{ "type": "Feature", "properties": { "opt_id": 1058 }, "geometry": { "type": "Polygon", "coordinates": [ [ [ 145.685185185185162, -200.0 ], [ 145.685185185185162, -195.0 ], [ 140.666666666666657, -195.0 ], [ 140.666666666666657, -200.0 ], [ 145.685185185185162, -200.0 ] ] ] } },
{ "type": "Feature", "properties": { "opt_id": 1059 }, "geometry": { "type": "Polygon", "coordinates": [ [ [ 150.703703703703667, -200.0 ], [ 150.703703703703667, -195.0 ], [ 145.685185185185162, -195.0 ], [ 145.685185185185162, -200.0 ], [ 150.703703703703667, -200.0 ] ] ] } },
{ "type": "Feature", "properties": { "opt_id": 1060 }, "geometry": { "type": "Polygon", "coordinates": [ [ [ 155.7222222222222, -200.0 ], [ 155.7222222222222, -195.0 ], [ 150.703703703703695, -195.0 ], [ 150.703703703703695, -200.0 ], [ 155.7222222222222, -200.0 ] ] ] } },
{ "type": "Feature", "properties": { "opt_id": 1061 }, "geometry": { "type": "Polygon", "coordinates": [ [ [ 160.740740740740705, -200.0 ], [ 160.740740740740705, -195.0 ], [ 155.7222222222222, -195.0 ], [ 155.7222222222222, -200.0 ], [ 160.740740740740705, -200.0 ] ] ] } },
{ "type": "Feature", "properties": { "opt_id": 1062 }, "geometry": { "type": "Polygon", "coordinates": [ [ [ 165.759259259259238, -200.0 ], [ 165.759259259259238, -195.0 ], [ 160.740740740740733, -195.0 ], [ 160.740740740740733, -200.0 ], [ 165.759259259259238, -200.0 ] ] ] } },
{ "type": "Feature", "properties": { "opt_id": 1063 }, "geometry": { "type": "Polygon", "coordinates": [ [ [ 170.777777777777743, -200.0 ], [ 170.777777777777743, -195.0 ], [ 165.759259259259238, -195.0 ], [ 165.759259259259238, -200.0 ], [ 170.777777777777743, -200.0 ] ] ] } },
{ "type": "Feature", "properties": { "opt_id": 1064 }, "geometry": { "type": "Polygon", "coordinates": [ [ [ 175.796296296296276, -200.0 ], [ 175.796296296296276, -195.0 ], [ 170.777777777777771, -195.0 ], [ 170.777777777777771, -200.0 ], [ 175.796296296296276, -200.0 ] ] ] } },
{ "type": "Feature", "properties": { "opt_id": 1065 }, "geometry": { "type": "Polygon", "coordinates": [ [ [ 180.814814814814781, -200.0 ], [ 180.814814814814781, -195.0 ], [ 175.796296296296276, -195.0 ], [ 175.796296296296276, -200.0 ], [ 180.814814814814781, -200.0 ] ] ] } },
{ "type": "Feature", "properties": { "opt_id": 1066 }, "geometry": { "type": "Polygon", "coordinates": [ [ [ 185.833333333333314, -200.0 ], [ 185.833333333333314, -195.0 ], [ 180.81481481481481, -195.0 ], [ 180.81481481481481, -200.0 ], [ 185.833333333333314, -200.0 ] ] ] } },
{ "type": "Feature", "properties": { "opt_id": 1067 }, "geometry": { "type": "Polygon", "coordinates": [ [ [ 190.851851851851819, -200.0 ], [ 190.851851851851819, -195.0 ], [ 185.833333333333314, -195.0 ], [ 185.833333333333314, -200.0 ], [ 190.851851851851819, -200.0 ] ] ] } },
{ "type": "Feature", "properties": { "opt_id": 1068 }, "geometry": { "type": "Polygon", "coordinates": [ [ [ 195.870370370370352, -200.0 ], [ 195.870370370370352, -195.0 ], [ 190.851851851851848, -195.0 ], [ 190.851851851851848, -200.0 ], [ 195.870370370370352, -200.0 ] ] ] } },
{ "type": "Feature", "properties": { "opt_id": 1069 }, "geometry": { "type": "Polygon", "coordinates": [ [ [ 200.888888888888857, -200.0 ], [ 200.888888888888857, -195.0 ], [ 195.870370370370352, -195.0 ], [ 195.870370370370352, -200.0 ], [ 200.888888888888857, -200.0 ] ] ] } },
{ "type": "Feature", "properties": { "opt_id": 1070 }, "geometry": { "type": "Polygon", "coordinates": [ [ [ 205.907407407407362, -200.0 ], [ 205.907407407407362, -195.0 ], [ 200.888888888888857, -195.0 ], [ 200.888888888888857, -200.0 ], [ 205.907407407407362, -200.0 ] ] ] } },
{ "type": "Feature", "properties": { "opt_id": 1071 }, "geometry": { "type": "Polygon", "coordinates": [ [ [ 15.203703703703702, -205.0 ], [ 15.203703703703702, -200.0 ], [ 10.185185185185183, -200.0 ], [ 10.185185185185183, -205.0 ], [ 15.203703703703702, -205.0 ] ] ] } },
{ "type": "Feature", "properties": { "opt_id": 1072 }, "geometry": { "type": "Polygon", "coordinates": [ [ [ 20.222222222222221, -205.0 ], [ 20.222222222222221, -200.0 ], [ 15.203703703703702, -200.0 ], [ 15.203703703703702, -205.0 ], [ 20.222222222222221, -205.0 ] ] ] } },
{ "type": "Feature", "properties": { "opt_id": 1073 }, "geometry": { "type": "Polygon", "coordinates": [ [ [ 70.407407407407405, -205.0 ], [ 70.407407407407405, -200.0 ], [ 65.388888888888886, -200.0 ], [ 65.388888888888886, -205.0 ], [ 70.407407407407405, -205.0 ] ] ] } },
{ "type": "Feature", "properties": { "opt_id": 1074 }, "geometry": { "type": "Polygon", "coordinates": [ [ [ 75.425925925925924, -205.0 ], [ 75.425925925925924, -200.0 ], [ 70.407407407407405, -200.0 ], [ 70.407407407407405, -205.0 ], [ 75.425925925925924, -205.0 ] ] ] } },
{ "type": "Feature", "properties": { "opt_id": 1075 }, "geometry": { "type": "Polygon", "coordinates": [ [ [ 80.444444444444443, -205.0 ], [ 80.444444444444443, -200.0 ], [ 75.425925925925924, -200.0 ], [ 75.425925925925924, -205.0 ], [ 80.444444444444443, -205.0 ] ] ] } },
{ "type": "Feature", "properties": { "opt_id": 1076 }, "geometry": { "type": "Polygon", "coordinates": [ [ [ 85.462962962962948, -205.0 ], [ 85.462962962962948, -200.0 ], [ 80.444444444444429, -200.0 ], [ 80.444444444444429, -205.0 ], [ 85.462962962962948, -205.0 ] ] ] } },
{ "type": "Feature", "properties": { "opt_id": 1077 }, "geometry": { "type": "Polygon", "coordinates": [ [ [ 90.481481481481467, -205.0 ], [ 90.481481481481467, -200.0 ], [ 85.462962962962948, -200.0 ], [ 85.462962962962948, -205.0 ], [ 90.481481481481467, -205.0 ] ] ] } },
{ "type": "Feature", "properties": { "opt_id": 1078 }, "geometry": { "type": "Polygon", "coordinates": [ [ [ 15.203703703703702, -210.0 ], [ 15.203703703703702, -205.0 ], [ 10.185185185185183, -205.0 ], [ 10.185185185185183, -210.0 ], [ 15.203703703703702, -210.0 ] ] ] } },
{ "type": "Feature", "properties": { "opt_id": 1079 }, "geometry": { "type": "Polygon", "coordinates": [ [ [ 20.222222222222221, -210.0 ], [ 20.222222222222221, -205.0 ], [ 15.203703703703702, -205.0 ], [ 15.203703703703702, -210.0 ], [ 20.222222222222221, -210.0 ] ] ] } },
{ "type": "Feature", "properties": { "opt_id": 1080 }, "geometry": { "type": "Polygon", "coordinates": [ [ [ 25.240740740740733, -210.0 ], [ 25.240740740740733, -205.0 ], [ 20.222222222222214, -205.0 ], [ 20.222222222222214, -210.0 ], [ 25.240740740740733, -210.0 ] ] ] } },
{ "type": "Feature", "properties": { "opt_id": 1081 }, "geometry": { "type": "Polygon", "coordinates": [ [ [ 30.259259259259252, -210.0 ], [ 30.259259259259252, -205.0 ], [ 25.240740740740733, -205.0 ], [ 25.240740740740733, -210.0 ], [ 30.259259259259252, -210.0 ] ] ] } },
{ "type": "Feature", "properties": { "opt_id": 1082 }, "geometry": { "type": "Polygon", "coordinates": [ [ [ 35.277777777777771, -210.0 ], [ 35.277777777777771, -205.0 ], [ 30.259259259259252, -205.0 ], [ 30.259259259259252, -210.0 ], [ 35.277777777777771, -210.0 ] ] ] } },
{ "type": "Feature", "properties": { "opt_id": 1083 }, "geometry": { "type": "Polygon", "coordinates": [ [ [ 40.296296296296291, -210.0 ], [ 40.296296296296291, -205.0 ], [ 35.277777777777771, -205.0 ], [ 35.277777777777771, -210.0 ], [ 40.296296296296291, -210.0 ] ] ] } },
{ "type": "Feature", "properties": { "opt_id": 1084 }, "geometry": { "type": "Polygon", "coordinates": [ [ [ 45.31481481481481, -210.0 ], [ 45.31481481481481, -205.0 ], [ 40.296296296296291, -205.0 ], [ 40.296296296296291, -210.0 ], [ 45.31481481481481, -210.0 ] ] ] } },
{ "type": "Feature", "properties": { "opt_id": 1085 }, "geometry": { "type": "Polygon", "coordinates": [ [ [ 50.333333333333329, -210.0 ], [ 50.333333333333329, -205.0 ], [ 45.31481481481481, -205.0 ], [ 45.31481481481481, -210.0 ], [ 50.333333333333329, -210.0 ] ] ] } },
{ "type": "Feature", "properties": { "opt_id": 1086 }, "geometry": { "type": "Polygon", "coordinates": [ [ [ 55.351851851851848, -210.0 ], [ 55.351851851851848, -205.0 ], [ 50.333333333333329, -205.0 ], [ 50.333333333333329, -210.0 ], [ 55.351851851851848, -210.0 ] ] ] } },
{ "type": "Feature", "properties": { "opt_id": 1087 }, "geometry": { "type": "Polygon", "coordinates": [ [ [ 60.370370370370367, -210.0 ], [ 60.370370370370367, -205.0 ], [ 55.351851851851848, -205.0 ], [ 55.351851851851848, -210.0 ], [ 60.370370370370367, -210.0 ] ] ] } },
{ "type": "Feature", "properties": { "opt_id": 1088 }, "geometry": { "type": "Polygon", "coordinates": [ [ [ 65.388888888888886, -210.0 ], [ 65.388888888888886, -205.0 ], [ 60.370370370370367, -205.0 ], [ 60.370370370370367, -210.0 ], [ 65.388888888888886, -210.0 ] ] ] } },
{ "type": "Feature", "properties": { "opt_id": 1089 }, "geometry": { "type": "Polygon", "coordinates": [ [ [ 70.407407407407405, -210.0 ], [ 70.407407407407405, -205.0 ], [ 65.388888888888886, -205.0 ], [ 65.388888888888886, -210.0 ], [ 70.407407407407405, -210.0 ] ] ] } },
{ "type": "Feature", "properties": { "opt_id": 1090 }, "geometry": { "type": "Polygon", "coordinates": [ [ [ 75.425925925925924, -210.0 ], [ 75.425925925925924, -205.0 ], [ 70.407407407407405, -205.0 ], [ 70.407407407407405, -210.0 ], [ 75.425925925925924, -210.0 ] ] ] } },
{ "type": "Feature", "properties": { "opt_id": 1091 }, "geometry": { "type": "Polygon", "coordinates": [ [ [ 80.444444444444443, -210.0 ], [ 80.444444444444443, -205.0 ], [ 75.425925925925924, -205.0 ], [ 75.425925925925924, -210.0 ], [ 80.444444444444443, -210.0 ] ] ] } },
{ "type": "Feature", "properties": { "opt_id": 1092 }, "geometry": { "type": "Polygon", "coordinates": [ [ [ 85.462962962962948, -210.0 ], [ 85.462962962962948, -205.0 ], [ 80.444444444444429, -205.0 ], [ 80.444444444444429, -210.0 ], [ 85.462962962962948, -210.0 ] ] ] } },
{ "type": "Feature", "properties": { "opt_id": 1093 }, "geometry": { "type": "Polygon", "coordinates": [ [ [ 90.481481481481467, -210.0 ], [ 90.481481481481467, -205.0 ], [ 85.462962962962948, -205.0 ], [ 85.462962962962948, -210.0 ], [ 90.481481481481467, -210.0 ] ] ] } },
{ "type": "Feature", "properties": { "opt_id": 1094 }, "geometry": { "type": "Polygon", "coordinates": [ [ [ 160.740740740740705, -210.0 ], [ 160.740740740740705, -205.0 ], [ 155.7222222222222, -205.0 ], [ 155.7222222222222, -210.0 ], [ 160.740740740740705, -210.0 ] ] ] } },
{ "type": "Feature", "properties": { "opt_id": 1095 }, "geometry": { "type": "Polygon", "coordinates": [ [ [ 40.296296296296291, -215.0 ], [ 40.296296296296291, -210.0 ], [ 35.277777777777771, -210.0 ], [ 35.277777777777771, -215.0 ], [ 40.296296296296291, -215.0 ] ] ] } },
{ "type": "Feature", "properties": { "opt_id": 1096 }, "geometry": { "type": "Polygon", "coordinates": [ [ [ 45.31481481481481, -215.0 ], [ 45.31481481481481, -210.0 ], [ 40.296296296296291, -210.0 ], [ 40.296296296296291, -215.0 ], [ 45.31481481481481, -215.0 ] ] ] } },
{ "type": "Feature", "properties": { "opt_id": 1097 }, "geometry": { "type": "Polygon", "coordinates": [ [ [ 50.333333333333329, -215.0 ], [ 50.333333333333329, -210.0 ], [ 45.31481481481481, -210.0 ], [ 45.31481481481481, -215.0 ], [ 50.333333333333329, -215.0 ] ] ] } },
{ "type": "Feature", "properties": { "opt_id": 1098 }, "geometry": { "type": "Polygon", "coordinates": [ [ [ 55.351851851851848, -215.0 ], [ 55.351851851851848, -210.0 ], [ 50.333333333333329, -210.0 ], [ 50.333333333333329, -215.0 ], [ 55.351851851851848, -215.0 ] ] ] } },
{ "type": "Feature", "properties": { "opt_id": 1099 }, "geometry": { "type": "Polygon", "coordinates": [ [ [ 60.370370370370367, -215.0 ], [ 60.370370370370367, -210.0 ], [ 55.351851851851848, -210.0 ], [ 55.351851851851848, -215.0 ], [ 60.370370370370367, -215.0 ] ] ] } },
{ "type": "Feature", "properties": { "opt_id": 1100 }, "geometry": { "type": "Polygon", "coordinates": [ [ [ 65.388888888888886, -215.0 ], [ 65.388888888888886, -210.0 ], [ 60.370370370370367, -210.0 ], [ 60.370370370370367, -215.0 ], [ 65.388888888888886, -215.0 ] ] ] } },
{ "type": "Feature", "properties": { "opt_id": 1101 }, "geometry": { "type": "Polygon", "coordinates": [ [ [ 70.407407407407405, -215.0 ], [ 70.407407407407405, -210.0 ], [ 65.388888888888886, -210.0 ], [ 65.388888888888886, -215.0 ], [ 70.407407407407405, -215.0 ] ] ] } },
{ "type": "Feature", "properties": { "opt_id": 1102 }, "geometry": { "type": "Polygon", "coordinates": [ [ [ 75.425925925925924, -215.0 ], [ 75.425925925925924, -210.0 ], [ 70.407407407407405, -210.0 ], [ 70.407407407407405, -215.0 ], [ 75.425925925925924, -215.0 ] ] ] } },
{ "type": "Feature", "properties": { "opt_id": 1103 }, "geometry": { "type": "Polygon", "coordinates": [ [ [ 80.444444444444443, -215.0 ], [ 80.444444444444443, -210.0 ], [ 75.425925925925924, -210.0 ], [ 75.425925925925924, -215.0 ], [ 80.444444444444443, -215.0 ] ] ] } },
{ "type": "Feature", "properties": { "opt_id": 1104 }, "geometry": { "type": "Polygon", "coordinates": [ [ [ 85.462962962962948, -215.0 ], [ 85.462962962962948, -210.0 ], [ 80.444444444444429, -210.0 ], [ 80.444444444444429, -215.0 ], [ 85.462962962962948, -215.0 ] ] ] } },
{ "type": "Feature", "properties": { "opt_id": 1105 }, "geometry": { "type": "Polygon", "coordinates": [ [ [ 90.481481481481467, -215.0 ], [ 90.481481481481467, -210.0 ], [ 85.462962962962948, -210.0 ], [ 85.462962962962948, -215.0 ], [ 90.481481481481467, -215.0 ] ] ] } },
{ "type": "Feature", "properties": { "opt_id": 1106 }, "geometry": { "type": "Polygon", "coordinates": [ [ [ 160.740740740740705, -215.0 ], [ 160.740740740740705, -210.0 ], [ 155.7222222222222, -210.0 ], [ 155.7222222222222, -215.0 ], [ 160.740740740740705, -215.0 ] ] ] } },
{ "type": "Feature", "properties": { "opt_id": 1107 }, "geometry": { "type": "Polygon", "coordinates": [ [ [ 40.296296296296291, -220.0 ], [ 40.296296296296291, -215.0 ], [ 35.277777777777771, -215.0 ], [ 35.277777777777771, -220.0 ], [ 40.296296296296291, -220.0 ] ] ] } },
{ "type": "Feature", "properties": { "opt_id": 1108 }, "geometry": { "type": "Polygon", "coordinates": [ [ [ 45.31481481481481, -220.0 ], [ 45.31481481481481, -215.0 ], [ 40.296296296296291, -215.0 ], [ 40.296296296296291, -220.0 ], [ 45.31481481481481, -220.0 ] ] ] } },
{ "type": "Feature", "properties": { "opt_id": 1109 }, "geometry": { "type": "Polygon", "coordinates": [ [ [ 50.333333333333329, -220.0 ], [ 50.333333333333329, -215.0 ], [ 45.31481481481481, -215.0 ], [ 45.31481481481481, -220.0 ], [ 50.333333333333329, -220.0 ] ] ] } },
{ "type": "Feature", "properties": { "opt_id": 1110 }, "geometry": { "type": "Polygon", "coordinates": [ [ [ 55.351851851851848, -220.0 ], [ 55.351851851851848, -215.0 ], [ 50.333333333333329, -215.0 ], [ 50.333333333333329, -220.0 ], [ 55.351851851851848, -220.0 ] ] ] } },
{ "type": "Feature", "properties": { "opt_id": 1111 }, "geometry": { "type": "Polygon", "coordinates": [ [ [ 60.370370370370367, -220.0 ], [ 60.370370370370367, -215.0 ], [ 55.351851851851848, -215.0 ], [ 55.351851851851848, -220.0 ], [ 60.370370370370367, -220.0 ] ] ] } },
{ "type": "Feature", "properties": { "opt_id": 1112 }, "geometry": { "type": "Polygon", "coordinates": [ [ [ 65.388888888888886, -220.0 ], [ 65.388888888888886, -215.0 ], [ 60.370370370370367, -215.0 ], [ 60.370370370370367, -220.0 ], [ 65.388888888888886, -220.0 ] ] ] } },
{ "type": "Feature", "properties": { "opt_id": 1113 }, "geometry": { "type": "Polygon", "coordinates": [ [ [ 70.407407407407405, -220.0 ], [ 70.407407407407405, -215.0 ], [ 65.388888888888886, -215.0 ], [ 65.388888888888886, -220.0 ], [ 70.407407407407405, -220.0 ] ] ] } },
{ "type": "Feature", "properties": { "opt_id": 1114 }, "geometry": { "type": "Polygon", "coordinates": [ [ [ 75.425925925925924, -220.0 ], [ 75.425925925925924, -215.0 ], [ 70.407407407407405, -215.0 ], [ 70.407407407407405, -220.0 ], [ 75.425925925925924, -220.0 ] ] ] } },
{ "type": "Feature", "properties": { "opt_id": 1115 }, "geometry": { "type": "Polygon", "coordinates": [ [ [ 80.444444444444443, -220.0 ], [ 80.444444444444443, -215.0 ], [ 75.425925925925924, -215.0 ], [ 75.425925925925924, -220.0 ], [ 80.444444444444443, -220.0 ] ] ] } },
{ "type": "Feature", "properties": { "opt_id": 1116 }, "geometry": { "type": "Polygon", "coordinates": [ [ [ 85.462962962962948, -220.0 ], [ 85.462962962962948, -215.0 ], [ 80.444444444444429, -215.0 ], [ 80.444444444444429, -220.0 ], [ 85.462962962962948, -220.0 ] ] ] } },
{ "type": "Feature", "properties": { "opt_id": 1117 }, "geometry": { "type": "Polygon", "coordinates": [ [ [ 90.481481481481467, -220.0 ], [ 90.481481481481467, -215.0 ], [ 85.462962962962948, -215.0 ], [ 85.462962962962948, -220.0 ], [ 90.481481481481467, -220.0 ] ] ] } },
{ "type": "Feature", "properties": { "opt_id": 1118 }, "geometry": { "type": "Polygon", "coordinates": [ [ [ 160.740740740740705, -220.0 ], [ 160.740740740740705, -215.0 ], [ 155.7222222222222, -215.0 ], [ 155.7222222222222, -220.0 ], [ 160.740740740740705, -220.0 ] ] ] } },
{ "type": "Feature", "properties": { "opt_id": 1119 }, "geometry": { "type": "Polygon", "coordinates": [ [ [ 40.296296296296291, -225.0 ], [ 40.296296296296291, -220.0 ], [ 35.277777777777771, -220.0 ], [ 35.277777777777771, -225.0 ], [ 40.296296296296291, -225.0 ] ] ] } },
{ "type": "Feature", "properties": { "opt_id": 1120 }, "geometry": { "type": "Polygon", "coordinates": [ [ [ 75.425925925925924, -225.0 ], [ 75.425925925925924, -220.0 ], [ 70.407407407407405, -220.0 ], [ 70.407407407407405, -225.0 ], [ 75.425925925925924, -225.0 ] ] ] } },
{ "type": "Feature", "properties": { "opt_id": 1121 }, "geometry": { "type": "Polygon", "coordinates": [ [ [ 80.444444444444443, -225.0 ], [ 80.444444444444443, -220.0 ], [ 75.425925925925924, -220.0 ], [ 75.425925925925924, -225.0 ], [ 80.444444444444443, -225.0 ] ] ] } },
{ "type": "Feature", "properties": { "opt_id": 1122 }, "geometry": { "type": "Polygon", "coordinates": [ [ [ 85.462962962962948, -225.0 ], [ 85.462962962962948, -220.0 ], [ 80.444444444444429, -220.0 ], [ 80.444444444444429, -225.0 ], [ 85.462962962962948, -225.0 ] ] ] } },
{ "type": "Feature", "properties": { "opt_id": 1123 }, "geometry": { "type": "Polygon", "coordinates": [ [ [ 90.481481481481467, -225.0 ], [ 90.481481481481467, -220.0 ], [ 85.462962962962948, -220.0 ], [ 85.462962962962948, -225.0 ], [ 90.481481481481467, -225.0 ] ] ] } },
{ "type": "Feature", "properties": { "opt_id": 1124 }, "geometry": { "type": "Polygon", "coordinates": [ [ [ 160.740740740740705, -225.0 ], [ 160.740740740740705, -220.0 ], [ 155.7222222222222, -220.0 ], [ 155.7222222222222, -225.0 ], [ 160.740740740740705, -225.0 ] ] ] } },
{ "type": "Feature", "properties": { "opt_id": 1125 }, "geometry": { "type": "Polygon", "coordinates": [ [ [ 40.296296296296291, -230.0 ], [ 40.296296296296291, -225.0 ], [ 35.277777777777771, -225.0 ], [ 35.277777777777771, -230.0 ], [ 40.296296296296291, -230.0 ] ] ] } },
{ "type": "Feature", "properties": { "opt_id": 1126 }, "geometry": { "type": "Polygon", "coordinates": [ [ [ 75.425925925925924, -230.0 ], [ 75.425925925925924, -225.0 ], [ 70.407407407407405, -225.0 ], [ 70.407407407407405, -230.0 ], [ 75.425925925925924, -230.0 ] ] ] } },
{ "type": "Feature", "properties": { "opt_id": 1127 }, "geometry": { "type": "Polygon", "coordinates": [ [ [ 80.444444444444443, -230.0 ], [ 80.444444444444443, -225.0 ], [ 75.425925925925924, -225.0 ], [ 75.425925925925924, -230.0 ], [ 80.444444444444443, -230.0 ] ] ] } },
{ "type": "Feature", "properties": { "opt_id": 1128 }, "geometry": { "type": "Polygon", "coordinates": [ [ [ 85.462962962962948, -230.0 ], [ 85.462962962962948, -225.0 ], [ 80.444444444444429, -225.0 ], [ 80.444444444444429, -230.0 ], [ 85.462962962962948, -230.0 ] ] ] } },
{ "type": "Feature", "properties": { "opt_id": 1129 }, "geometry": { "type": "Polygon", "coordinates": [ [ [ 90.481481481481467, -230.0 ], [ 90.481481481481467, -225.0 ], [ 85.462962962962948, -225.0 ], [ 85.462962962962948, -230.0 ], [ 90.481481481481467, -230.0 ] ] ] } },
{ "type": "Feature", "properties": { "opt_id": 1130 }, "geometry": { "type": "Polygon", "coordinates": [ [ [ 135.648148148148124, -230.0 ], [ 135.648148148148124, -225.0 ], [ 130.629629629629619, -225.0 ], [ 130.629629629629619, -230.0 ], [ 135.648148148148124, -230.0 ] ] ] } },
{ "type": "Feature", "properties": { "opt_id": 1131 }, "geometry": { "type": "Polygon", "coordinates": [ [ [ 140.666666666666629, -230.0 ], [ 140.666666666666629, -225.0 ], [ 135.648148148148124, -225.0 ], [ 135.648148148148124, -230.0 ], [ 140.666666666666629, -230.0 ] ] ] } },
{ "type": "Feature", "properties": { "opt_id": 1132 }, "geometry": { "type": "Polygon", "coordinates": [ [ [ 145.685185185185162, -230.0 ], [ 145.685185185185162, -225.0 ], [ 140.666666666666657, -225.0 ], [ 140.666666666666657, -230.0 ], [ 145.685185185185162, -230.0 ] ] ] } },
{ "type": "Feature", "properties": { "opt_id": 1133 }, "geometry": { "type": "Polygon", "coordinates": [ [ [ 150.703703703703667, -230.0 ], [ 150.703703703703667, -225.0 ], [ 145.685185185185162, -225.0 ], [ 145.685185185185162, -230.0 ], [ 150.703703703703667, -230.0 ] ] ] } },
{ "type": "Feature", "properties": { "opt_id": 1134 }, "geometry": { "type": "Polygon", "coordinates": [ [ [ 155.7222222222222, -230.0 ], [ 155.7222222222222, -225.0 ], [ 150.703703703703695, -225.0 ], [ 150.703703703703695, -230.0 ], [ 155.7222222222222, -230.0 ] ] ] } },
{ "type": "Feature", "properties": { "opt_id": 1135 }, "geometry": { "type": "Polygon", "coordinates": [ [ [ 160.740740740740705, -230.0 ], [ 160.740740740740705, -225.0 ], [ 155.7222222222222, -225.0 ], [ 155.7222222222222, -230.0 ], [ 160.740740740740705, -230.0 ] ] ] } },
{ "type": "Feature", "properties": { "opt_id": 1136 }, "geometry": { "type": "Polygon", "coordinates": [ [ [ 40.296296296296291, -235.0 ], [ 40.296296296296291, -230.0 ], [ 35.277777777777771, -230.0 ], [ 35.277777777777771, -235.0 ], [ 40.296296296296291, -235.0 ] ] ] } },
{ "type": "Feature", "properties": { "opt_id": 1137 }, "geometry": { "type": "Polygon", "coordinates": [ [ [ 75.425925925925924, -235.0 ], [ 75.425925925925924, -230.0 ], [ 70.407407407407405, -230.0 ], [ 70.407407407407405, -235.0 ], [ 75.425925925925924, -235.0 ] ] ] } },
{ "type": "Feature", "properties": { "opt_id": 1138 }, "geometry": { "type": "Polygon", "coordinates": [ [ [ 80.444444444444443, -235.0 ], [ 80.444444444444443, -230.0 ], [ 75.425925925925924, -230.0 ], [ 75.425925925925924, -235.0 ], [ 80.444444444444443, -235.0 ] ] ] } },
{ "type": "Feature", "properties": { "opt_id": 1139 }, "geometry": { "type": "Polygon", "coordinates": [ [ [ 85.462962962962948, -235.0 ], [ 85.462962962962948, -230.0 ], [ 80.444444444444429, -230.0 ], [ 80.444444444444429, -235.0 ], [ 85.462962962962948, -235.0 ] ] ] } },
{ "type": "Feature", "properties": { "opt_id": 1140 }, "geometry": { "type": "Polygon", "coordinates": [ [ [ 90.481481481481467, -235.0 ], [ 90.481481481481467, -230.0 ], [ 85.462962962962948, -230.0 ], [ 85.462962962962948, -235.0 ], [ 90.481481481481467, -235.0 ] ] ] } },
{ "type": "Feature", "properties": { "opt_id": 1141 }, "geometry": { "type": "Polygon", "coordinates": [ [ [ 115.574074074074062, -235.0 ], [ 115.574074074074062, -230.0 ], [ 110.555555555555543, -230.0 ], [ 110.555555555555543, -235.0 ], [ 115.574074074074062, -235.0 ] ] ] } },
{ "type": "Feature", "properties": { "opt_id": 1142 }, "geometry": { "type": "Polygon", "coordinates": [ [ [ 120.592592592592595, -235.0 ], [ 120.592592592592595, -230.0 ], [ 115.574074074074076, -230.0 ], [ 115.574074074074076, -235.0 ], [ 120.592592592592595, -235.0 ] ] ] } },
{ "type": "Feature", "properties": { "opt_id": 1143 }, "geometry": { "type": "Polygon", "coordinates": [ [ [ 125.6111111111111, -235.0 ], [ 125.6111111111111, -230.0 ], [ 120.592592592592581, -230.0 ], [ 120.592592592592581, -235.0 ], [ 125.6111111111111, -235.0 ] ] ] } },
{ "type": "Feature", "properties": { "opt_id": 1144 }, "geometry": { "type": "Polygon", "coordinates": [ [ [ 130.629629629629591, -235.0 ], [ 130.629629629629591, -230.0 ], [ 125.611111111111086, -230.0 ], [ 125.611111111111086, -235.0 ], [ 130.629629629629591, -235.0 ] ] ] } },
{ "type": "Feature", "properties": { "opt_id": 1145 }, "geometry": { "type": "Polygon", "coordinates": [ [ [ 135.648148148148124, -235.0 ], [ 135.648148148148124, -230.0 ], [ 130.629629629629619, -230.0 ], [ 130.629629629629619, -235.0 ], [ 135.648148148148124, -235.0 ] ] ] } },
{ "type": "Feature", "properties": { "opt_id": 1146 }, "geometry": { "type": "Polygon", "coordinates": [ [ [ 140.666666666666629, -235.0 ], [ 140.666666666666629, -230.0 ], [ 135.648148148148124, -230.0 ], [ 135.648148148148124, -235.0 ], [ 140.666666666666629, -235.0 ] ] ] } },
{ "type": "Feature", "properties": { "opt_id": 1147 }, "geometry": { "type": "Polygon", "coordinates": [ [ [ 145.685185185185162, -235.0 ], [ 145.685185185185162, -230.0 ], [ 140.666666666666657, -230.0 ], [ 140.666666666666657, -235.0 ], [ 145.685185185185162, -235.0 ] ] ] } },
{ "type": "Feature", "properties": { "opt_id": 1148 }, "geometry": { "type": "Polygon", "coordinates": [ [ [ 150.703703703703667, -235.0 ], [ 150.703703703703667, -230.0 ], [ 145.685185185185162, -230.0 ], [ 145.685185185185162, -235.0 ], [ 150.703703703703667, -235.0 ] ] ] } },
{ "type": "Feature", "properties": { "opt_id": 1149 }, "geometry": { "type": "Polygon", "coordinates": [ [ [ 155.7222222222222, -235.0 ], [ 155.7222222222222, -230.0 ], [ 150.703703703703695, -230.0 ], [ 150.703703703703695, -235.0 ], [ 155.7222222222222, -235.0 ] ] ] } },
{ "type": "Feature", "properties": { "opt_id": 1150 }, "geometry": { "type": "Polygon", "coordinates": [ [ [ 160.740740740740705, -235.0 ], [ 160.740740740740705, -230.0 ], [ 155.7222222222222, -230.0 ], [ 155.7222222222222, -235.0 ], [ 160.740740740740705, -235.0 ] ] ] } },
{ "type": "Feature", "properties": { "opt_id": 1151 }, "geometry": { "type": "Polygon", "coordinates": [ [ [ 165.759259259259238, -235.0 ], [ 165.759259259259238, -230.0 ], [ 160.740740740740733, -230.0 ], [ 160.740740740740733, -235.0 ], [ 165.759259259259238, -235.0 ] ] ] } },
{ "type": "Feature", "properties": { "opt_id": 1152 }, "geometry": { "type": "Polygon", "coordinates": [ [ [ 170.777777777777743, -235.0 ], [ 170.777777777777743, -230.0 ], [ 165.759259259259238, -230.0 ], [ 165.759259259259238, -235.0 ], [ 170.777777777777743, -235.0 ] ] ] } },
{ "type": "Feature", "properties": { "opt_id": 1153 }, "geometry": { "type": "Polygon", "coordinates": [ [ [ 175.796296296296276, -235.0 ], [ 175.796296296296276, -230.0 ], [ 170.777777777777771, -230.0 ], [ 170.777777777777771, -235.0 ], [ 175.796296296296276, -235.0 ] ] ] } },
{ "type": "Feature", "properties": { "opt_id": 1154 }, "geometry": { "type": "Polygon", "coordinates": [ [ [ 180.814814814814781, -235.0 ], [ 180.814814814814781, -230.0 ], [ 175.796296296296276, -230.0 ], [ 175.796296296296276, -235.0 ], [ 180.814814814814781, -235.0 ] ] ] } },
{ "type": "Feature", "properties": { "opt_id": 1155 }, "geometry": { "type": "Polygon", "coordinates": [ [ [ 185.833333333333314, -235.0 ], [ 185.833333333333314, -230.0 ], [ 180.81481481481481, -230.0 ], [ 180.81481481481481, -235.0 ], [ 185.833333333333314, -235.0 ] ] ] } },
{ "type": "Feature", "properties": { "opt_id": 1156 }, "geometry": { "type": "Polygon", "coordinates": [ [ [ 190.851851851851819, -235.0 ], [ 190.851851851851819, -230.0 ], [ 185.833333333333314, -230.0 ], [ 185.833333333333314, -235.0 ], [ 190.851851851851819, -235.0 ] ] ] } },
{ "type": "Feature", "properties": { "opt_id": 1157 }, "geometry": { "type": "Polygon", "coordinates": [ [ [ 195.870370370370352, -235.0 ], [ 195.870370370370352, -230.0 ], [ 190.851851851851848, -230.0 ], [ 190.851851851851848, -235.0 ], [ 195.870370370370352, -235.0 ] ] ] } },
{ "type": "Feature", "properties": { "opt_id": 1158 }, "geometry": { "type": "Polygon", "coordinates": [ [ [ 200.888888888888857, -235.0 ], [ 200.888888888888857, -230.0 ], [ 195.870370370370352, -230.0 ], [ 195.870370370370352, -235.0 ], [ 200.888888888888857, -235.0 ] ] ] } },
{ "type": "Feature", "properties": { "opt_id": 1159 }, "geometry": { "type": "Polygon", "coordinates": [ [ [ 205.907407407407362, -235.0 ], [ 205.907407407407362, -230.0 ], [ 200.888888888888857, -230.0 ], [ 200.888888888888857, -235.0 ], [ 205.907407407407362, -235.0 ] ] ] } },
{ "type": "Feature", "properties": { "opt_id": 1160 }, "geometry": { "type": "Polygon", "coordinates": [ [ [ 210.925925925925895, -235.0 ], [ 210.925925925925895, -230.0 ], [ 205.907407407407391, -230.0 ], [ 205.907407407407391, -235.0 ], [ 210.925925925925895, -235.0 ] ] ] } },
{ "type": "Feature", "properties": { "opt_id": 1161 }, "geometry": { "type": "Polygon", "coordinates": [ [ [ 40.296296296296291, -240.0 ], [ 40.296296296296291, -235.0 ], [ 35.277777777777771, -235.0 ], [ 35.277777777777771, -240.0 ], [ 40.296296296296291, -240.0 ] ] ] } },
{ "type": "Feature", "properties": { "opt_id": 1162 }, "geometry": { "type": "Polygon", "coordinates": [ [ [ 45.31481481481481, -240.0 ], [ 45.31481481481481, -235.0 ], [ 40.296296296296291, -235.0 ], [ 40.296296296296291, -240.0 ], [ 45.31481481481481, -240.0 ] ] ] } },
{ "type": "Feature", "properties": { "opt_id": 1163 }, "geometry": { "type": "Polygon", "coordinates": [ [ [ 50.333333333333329, -240.0 ], [ 50.333333333333329, -235.0 ], [ 45.31481481481481, -235.0 ], [ 45.31481481481481, -240.0 ], [ 50.333333333333329, -240.0 ] ] ] } },
{ "type": "Feature", "properties": { "opt_id": 1164 }, "geometry": { "type": "Polygon", "coordinates": [ [ [ 60.370370370370367, -240.0 ], [ 60.370370370370367, -235.0 ], [ 55.351851851851848, -235.0 ], [ 55.351851851851848, -240.0 ], [ 60.370370370370367, -240.0 ] ] ] } },
{ "type": "Feature", "properties": { "opt_id": 1165 }, "geometry": { "type": "Polygon", "coordinates": [ [ [ 65.388888888888886, -240.0 ], [ 65.388888888888886, -235.0 ], [ 60.370370370370367, -235.0 ], [ 60.370370370370367, -240.0 ], [ 65.388888888888886, -240.0 ] ] ] } },
{ "type": "Feature", "properties": { "opt_id": 1166 }, "geometry": { "type": "Polygon", "coordinates": [ [ [ 70.407407407407405, -240.0 ], [ 70.407407407407405, -235.0 ], [ 65.388888888888886, -235.0 ], [ 65.388888888888886, -240.0 ], [ 70.407407407407405, -240.0 ] ] ] } },
{ "type": "Feature", "properties": { "opt_id": 1167 }, "geometry": { "type": "Polygon", "coordinates": [ [ [ 75.425925925925924, -240.0 ], [ 75.425925925925924, -235.0 ], [ 70.407407407407405, -235.0 ], [ 70.407407407407405, -240.0 ], [ 75.425925925925924, -240.0 ] ] ] } },
{ "type": "Feature", "properties": { "opt_id": 1168 }, "geometry": { "type": "Polygon", "coordinates": [ [ [ 80.444444444444443, -240.0 ], [ 80.444444444444443, -235.0 ], [ 75.425925925925924, -235.0 ], [ 75.425925925925924, -240.0 ], [ 80.444444444444443, -240.0 ] ] ] } },
{ "type": "Feature", "properties": { "opt_id": 1169 }, "geometry": { "type": "Polygon", "coordinates": [ [ [ 85.462962962962948, -240.0 ], [ 85.462962962962948, -235.0 ], [ 80.444444444444429, -235.0 ], [ 80.444444444444429, -240.0 ], [ 85.462962962962948, -240.0 ] ] ] } },
{ "type": "Feature", "properties": { "opt_id": 1170 }, "geometry": { "type": "Polygon", "coordinates": [ [ [ 90.481481481481467, -240.0 ], [ 90.481481481481467, -235.0 ], [ 85.462962962962948, -235.0 ], [ 85.462962962962948, -240.0 ], [ 90.481481481481467, -240.0 ] ] ] } },
{ "type": "Feature", "properties": { "opt_id": 1171 }, "geometry": { "type": "Polygon", "coordinates": [ [ [ 40.296296296296291, -245.0 ], [ 40.296296296296291, -240.0 ], [ 35.277777777777771, -240.0 ], [ 35.277777777777771, -245.0 ], [ 40.296296296296291, -245.0 ] ] ] } },
{ "type": "Feature", "properties": { "opt_id": 1172 }, "geometry": { "type": "Polygon", "coordinates": [ [ [ 45.31481481481481, -245.0 ], [ 45.31481481481481, -240.0 ], [ 40.296296296296291, -240.0 ], [ 40.296296296296291, -245.0 ], [ 45.31481481481481, -245.0 ] ] ] } },
{ "type": "Feature", "properties": { "opt_id": 1173 }, "geometry": { "type": "Polygon", "coordinates": [ [ [ 50.333333333333329, -245.0 ], [ 50.333333333333329, -240.0 ], [ 45.31481481481481, -240.0 ], [ 45.31481481481481, -245.0 ], [ 50.333333333333329, -245.0 ] ] ] } },
{ "type": "Feature", "properties": { "opt_id": 1174 }, "geometry": { "type": "Polygon", "coordinates": [ [ [ 55.351851851851848, -245.0 ], [ 55.351851851851848, -240.0 ], [ 50.333333333333329, -240.0 ], [ 50.333333333333329, -245.0 ], [ 55.351851851851848, -245.0 ] ] ] } },
{ "type": "Feature", "properties": { "opt_id": 1175 }, "geometry": { "type": "Polygon", "coordinates": [ [ [ 60.370370370370367, -245.0 ], [ 60.370370370370367, -240.0 ], [ 55.351851851851848, -240.0 ], [ 55.351851851851848, -245.0 ], [ 60.370370370370367, -245.0 ] ] ] } },
{ "type": "Feature", "properties": { "opt_id": 1176 }, "geometry": { "type": "Polygon", "coordinates": [ [ [ 65.388888888888886, -245.0 ], [ 65.388888888888886, -240.0 ], [ 60.370370370370367, -240.0 ], [ 60.370370370370367, -245.0 ], [ 65.388888888888886, -245.0 ] ] ] } },
{ "type": "Feature", "properties": { "opt_id": 1177 }, "geometry": { "type": "Polygon", "coordinates": [ [ [ 70.407407407407405, -245.0 ], [ 70.407407407407405, -240.0 ], [ 65.388888888888886, -240.0 ], [ 65.388888888888886, -245.0 ], [ 70.407407407407405, -245.0 ] ] ] } },
{ "type": "Feature", "properties": { "opt_id": 1178 }, "geometry": { "type": "Polygon", "coordinates": [ [ [ 75.425925925925924, -245.0 ], [ 75.425925925925924, -240.0 ], [ 70.407407407407405, -240.0 ], [ 70.407407407407405, -245.0 ], [ 75.425925925925924, -245.0 ] ] ] } },
{ "type": "Feature", "properties": { "opt_id": 1179 }, "geometry": { "type": "Polygon", "coordinates": [ [ [ 80.444444444444443, -245.0 ], [ 80.444444444444443, -240.0 ], [ 75.425925925925924, -240.0 ], [ 75.425925925925924, -245.0 ], [ 80.444444444444443, -245.0 ] ] ] } },
{ "type": "Feature", "properties": { "opt_id": 1180 }, "geometry": { "type": "Polygon", "coordinates": [ [ [ 85.462962962962948, -245.0 ], [ 85.462962962962948, -240.0 ], [ 80.444444444444429, -240.0 ], [ 80.444444444444429, -245.0 ], [ 85.462962962962948, -245.0 ] ] ] } },
{ "type": "Feature", "properties": { "opt_id": 1181 }, "geometry": { "type": "Polygon", "coordinates": [ [ [ 90.481481481481467, -245.0 ], [ 90.481481481481467, -240.0 ], [ 85.462962962962948, -240.0 ], [ 85.462962962962948, -245.0 ], [ 90.481481481481467, -245.0 ] ] ] } },
{ "type": "Feature", "properties": { "opt_id": 1182 }, "geometry": { "type": "Polygon", "coordinates": [ [ [ 40.296296296296291, -250.0 ], [ 40.296296296296291, -245.0 ], [ 35.277777777777771, -245.0 ], [ 35.277777777777771, -250.0 ], [ 40.296296296296291, -250.0 ] ] ] } },
{ "type": "Feature", "properties": { "opt_id": 1183 }, "geometry": { "type": "Polygon", "coordinates": [ [ [ 45.31481481481481, -250.0 ], [ 45.31481481481481, -245.0 ], [ 40.296296296296291, -245.0 ], [ 40.296296296296291, -250.0 ], [ 45.31481481481481, -250.0 ] ] ] } },
{ "type": "Feature", "properties": { "opt_id": 1184 }, "geometry": { "type": "Polygon", "coordinates": [ [ [ 50.333333333333329, -250.0 ], [ 50.333333333333329, -245.0 ], [ 45.31481481481481, -245.0 ], [ 45.31481481481481, -250.0 ], [ 50.333333333333329, -250.0 ] ] ] } },
{ "type": "Feature", "properties": { "opt_id": 1185 }, "geometry": { "type": "Polygon", "coordinates": [ [ [ 55.351851851851848, -250.0 ], [ 55.351851851851848, -245.0 ], [ 50.333333333333329, -245.0 ], [ 50.333333333333329, -250.0 ], [ 55.351851851851848, -250.0 ] ] ] } },
{ "type": "Feature", "properties": { "opt_id": 1186 }, "geometry": { "type": "Polygon", "coordinates": [ [ [ 60.370370370370367, -250.0 ], [ 60.370370370370367, -245.0 ], [ 55.351851851851848, -245.0 ], [ 55.351851851851848, -250.0 ], [ 60.370370370370367, -250.0 ] ] ] } },
{ "type": "Feature", "properties": { "opt_id": 1187 }, "geometry": { "type": "Polygon", "coordinates": [ [ [ 65.388888888888886, -250.0 ], [ 65.388888888888886, -245.0 ], [ 60.370370370370367, -245.0 ], [ 60.370370370370367, -250.0 ], [ 65.388888888888886, -250.0 ] ] ] } },
{ "type": "Feature", "properties": { "opt_id": 1188 }, "geometry": { "type": "Polygon", "coordinates": [ [ [ 70.407407407407405, -250.0 ], [ 70.407407407407405, -245.0 ], [ 65.388888888888886, -245.0 ], [ 65.388888888888886, -250.0 ], [ 70.407407407407405, -250.0 ] ] ] } },
{ "type": "Feature", "properties": { "opt_id": 1189 }, "geometry": { "type": "Polygon", "coordinates": [ [ [ 75.425925925925924, -250.0 ], [ 75.425925925925924, -245.0 ], [ 70.407407407407405, -245.0 ], [ 70.407407407407405, -250.0 ], [ 75.425925925925924, -250.0 ] ] ] } },
{ "type": "Feature", "properties": { "opt_id": 1190 }, "geometry": { "type": "Polygon", "coordinates": [ [ [ 80.444444444444443, -250.0 ], [ 80.444444444444443, -245.0 ], [ 75.425925925925924, -245.0 ], [ 75.425925925925924, -250.0 ], [ 80.444444444444443, -250.0 ] ] ] } },
{ "type": "Feature", "properties": { "opt_id": 1191 }, "geometry": { "type": "Polygon", "coordinates": [ [ [ 85.462962962962948, -250.0 ], [ 85.462962962962948, -245.0 ], [ 80.444444444444429, -245.0 ], [ 80.444444444444429, -250.0 ], [ 85.462962962962948, -250.0 ] ] ] } },
{ "type": "Feature", "properties": { "opt_id": 1192 }, "geometry": { "type": "Polygon", "coordinates": [ [ [ 90.481481481481467, -250.0 ], [ 90.481481481481467, -245.0 ], [ 85.462962962962948, -245.0 ], [ 85.462962962962948, -250.0 ], [ 90.481481481481467, -250.0 ] ] ] } },
{ "type": "Feature", "properties": { "opt_id": 1193 }, "geometry": { "type": "Polygon", "coordinates": [ [ [ 40.296296296296291, -255.0 ], [ 40.296296296296291, -250.0 ], [ 35.277777777777771, -250.0 ], [ 35.277777777777771, -255.0 ], [ 40.296296296296291, -255.0 ] ] ] } },
{ "type": "Feature", "properties": { "opt_id": 1194 }, "geometry": { "type": "Polygon", "coordinates": [ [ [ 45.31481481481481, -255.0 ], [ 45.31481481481481, -250.0 ], [ 40.296296296296291, -250.0 ], [ 40.296296296296291, -255.0 ], [ 45.31481481481481, -255.0 ] ] ] } },
{ "type": "Feature", "properties": { "opt_id": 1195 }, "geometry": { "type": "Polygon", "coordinates": [ [ [ 50.333333333333329, -255.0 ], [ 50.333333333333329, -250.0 ], [ 45.31481481481481, -250.0 ], [ 45.31481481481481, -255.0 ], [ 50.333333333333329, -255.0 ] ] ] } },
{ "type": "Feature", "properties": { "opt_id": 1196 }, "geometry": { "type": "Polygon", "coordinates": [ [ [ 55.351851851851848, -255.0 ], [ 55.351851851851848, -250.0 ], [ 50.333333333333329, -250.0 ], [ 50.333333333333329, -255.0 ], [ 55.351851851851848, -255.0 ] ] ] } },
{ "type": "Feature", "properties": { "opt_id": 1197 }, "geometry": { "type": "Polygon", "coordinates": [ [ [ 60.370370370370367, -255.0 ], [ 60.370370370370367, -250.0 ], [ 55.351851851851848, -250.0 ], [ 55.351851851851848, -255.0 ], [ 60.370370370370367, -255.0 ] ] ] } },
{ "type": "Feature", "properties": { "opt_id": 1198 }, "geometry": { "type": "Polygon", "coordinates": [ [ [ 65.388888888888886, -255.0 ], [ 65.388888888888886, -250.0 ], [ 60.370370370370367, -250.0 ], [ 60.370370370370367, -255.0 ], [ 65.388888888888886, -255.0 ] ] ] } },
{ "type": "Feature", "properties": { "opt_id": 1199 }, "geometry": { "type": "Polygon", "coordinates": [ [ [ 70.407407407407405, -255.0 ], [ 70.407407407407405, -250.0 ], [ 65.388888888888886, -250.0 ], [ 65.388888888888886, -255.0 ], [ 70.407407407407405, -255.0 ] ] ] } },
{ "type": "Feature", "properties": { "opt_id": 1200 }, "geometry": { "type": "Polygon", "coordinates": [ [ [ 75.425925925925924, -255.0 ], [ 75.425925925925924, -250.0 ], [ 70.407407407407405, -250.0 ], [ 70.407407407407405, -255.0 ], [ 75.425925925925924, -255.0 ] ] ] } },
{ "type": "Feature", "properties": { "opt_id": 1201 }, "geometry": { "type": "Polygon", "coordinates": [ [ [ 80.444444444444443, -255.0 ], [ 80.444444444444443, -250.0 ], [ 75.425925925925924, -250.0 ], [ 75.425925925925924, -255.0 ], [ 80.444444444444443, -255.0 ] ] ] } },
{ "type": "Feature", "properties": { "opt_id": 1202 }, "geometry": { "type": "Polygon", "coordinates": [ [ [ 85.462962962962948, -255.0 ], [ 85.462962962962948, -250.0 ], [ 80.444444444444429, -250.0 ], [ 80.444444444444429, -255.0 ], [ 85.462962962962948, -255.0 ] ] ] } },
{ "type": "Feature", "properties": { "opt_id": 1203 }, "geometry": { "type": "Polygon", "coordinates": [ [ [ 90.481481481481467, -255.0 ], [ 90.481481481481467, -250.0 ], [ 85.462962962962948, -250.0 ], [ 85.462962962962948, -255.0 ], [ 90.481481481481467, -255.0 ] ] ] } },
{ "type": "Feature", "properties": { "opt_id": 1204 }, "geometry": { "type": "Polygon", "coordinates": [ [ [ 115.574074074074062, -255.0 ], [ 115.574074074074062, -250.0 ], [ 110.555555555555543, -250.0 ], [ 110.555555555555543, -255.0 ], [ 115.574074074074062, -255.0 ] ] ] } },
{ "type": "Feature", "properties": { "opt_id": 1205 }, "geometry": { "type": "Polygon", "coordinates": [ [ [ 120.592592592592595, -255.0 ], [ 120.592592592592595, -250.0 ], [ 115.574074074074076, -250.0 ], [ 115.574074074074076, -255.0 ], [ 120.592592592592595, -255.0 ] ] ] } },
{ "type": "Feature", "properties": { "opt_id": 1206 }, "geometry": { "type": "Polygon", "coordinates": [ [ [ 125.6111111111111, -255.0 ], [ 125.6111111111111, -250.0 ], [ 120.592592592592581, -250.0 ], [ 120.592592592592581, -255.0 ], [ 125.6111111111111, -255.0 ] ] ] } },
{ "type": "Feature", "properties": { "opt_id": 1207 }, "geometry": { "type": "Polygon", "coordinates": [ [ [ 130.629629629629591, -255.0 ], [ 130.629629629629591, -250.0 ], [ 125.611111111111086, -250.0 ], [ 125.611111111111086, -255.0 ], [ 130.629629629629591, -255.0 ] ] ] } },
{ "type": "Feature", "properties": { "opt_id": 1208 }, "geometry": { "type": "Polygon", "coordinates": [ [ [ 135.648148148148124, -255.0 ], [ 135.648148148148124, -250.0 ], [ 130.629629629629619, -250.0 ], [ 130.629629629629619, -255.0 ], [ 135.648148148148124, -255.0 ] ] ] } },
{ "type": "Feature", "properties": { "opt_id": 1209 }, "geometry": { "type": "Polygon", "coordinates": [ [ [ 140.666666666666629, -255.0 ], [ 140.666666666666629, -250.0 ], [ 135.648148148148124, -250.0 ], [ 135.648148148148124, -255.0 ], [ 140.666666666666629, -255.0 ] ] ] } },
{ "type": "Feature", "properties": { "opt_id": 1210 }, "geometry": { "type": "Polygon", "coordinates": [ [ [ 145.685185185185162, -255.0 ], [ 145.685185185185162, -250.0 ], [ 140.666666666666657, -250.0 ], [ 140.666666666666657, -255.0 ], [ 145.685185185185162, -255.0 ] ] ] } },
{ "type": "Feature", "properties": { "opt_id": 1211 }, "geometry": { "type": "Polygon", "coordinates": [ [ [ 150.703703703703667, -255.0 ], [ 150.703703703703667, -250.0 ], [ 145.685185185185162, -250.0 ], [ 145.685185185185162, -255.0 ], [ 150.703703703703667, -255.0 ] ] ] } },
{ "type": "Feature", "properties": { "opt_id": 1212 }, "geometry": { "type": "Polygon", "coordinates": [ [ [ 155.7222222222222, -255.0 ], [ 155.7222222222222, -250.0 ], [ 150.703703703703695, -250.0 ], [ 150.703703703703695, -255.0 ], [ 155.7222222222222, -255.0 ] ] ] } },
{ "type": "Feature", "properties": { "opt_id": 1213 }, "geometry": { "type": "Polygon", "coordinates": [ [ [ 160.740740740740705, -255.0 ], [ 160.740740740740705, -250.0 ], [ 155.7222222222222, -250.0 ], [ 155.7222222222222, -255.0 ], [ 160.740740740740705, -255.0 ] ] ] } },
{ "type": "Feature", "properties": { "opt_id": 1214 }, "geometry": { "type": "Polygon", "coordinates": [ [ [ 165.759259259259238, -255.0 ], [ 165.759259259259238, -250.0 ], [ 160.740740740740733, -250.0 ], [ 160.740740740740733, -255.0 ], [ 165.759259259259238, -255.0 ] ] ] } },
{ "type": "Feature", "properties": { "opt_id": 1215 }, "geometry": { "type": "Polygon", "coordinates": [ [ [ 170.777777777777743, -255.0 ], [ 170.777777777777743, -250.0 ], [ 165.759259259259238, -250.0 ], [ 165.759259259259238, -255.0 ], [ 170.777777777777743, -255.0 ] ] ] } },
{ "type": "Feature", "properties": { "opt_id": 1216 }, "geometry": { "type": "Polygon", "coordinates": [ [ [ 175.796296296296276, -255.0 ], [ 175.796296296296276, -250.0 ], [ 170.777777777777771, -250.0 ], [ 170.777777777777771, -255.0 ], [ 175.796296296296276, -255.0 ] ] ] } },
{ "type": "Feature", "properties": { "opt_id": 1217 }, "geometry": { "type": "Polygon", "coordinates": [ [ [ 180.814814814814781, -255.0 ], [ 180.814814814814781, -250.0 ], [ 175.796296296296276, -250.0 ], [ 175.796296296296276, -255.0 ], [ 180.814814814814781, -255.0 ] ] ] } },
{ "type": "Feature", "properties": { "opt_id": 1218 }, "geometry": { "type": "Polygon", "coordinates": [ [ [ 185.833333333333314, -255.0 ], [ 185.833333333333314, -250.0 ], [ 180.81481481481481, -250.0 ], [ 180.81481481481481, -255.0 ], [ 185.833333333333314, -255.0 ] ] ] } },
{ "type": "Feature", "properties": { "opt_id": 1219 }, "geometry": { "type": "Polygon", "coordinates": [ [ [ 190.851851851851819, -255.0 ], [ 190.851851851851819, -250.0 ], [ 185.833333333333314, -250.0 ], [ 185.833333333333314, -255.0 ], [ 190.851851851851819, -255.0 ] ] ] } },
{ "type": "Feature", "properties": { "opt_id": 1220 }, "geometry": { "type": "Polygon", "coordinates": [ [ [ 195.870370370370352, -255.0 ], [ 195.870370370370352, -250.0 ], [ 190.851851851851848, -250.0 ], [ 190.851851851851848, -255.0 ], [ 195.870370370370352, -255.0 ] ] ] } },
{ "type": "Feature", "properties": { "opt_id": 1221 }, "geometry": { "type": "Polygon", "coordinates": [ [ [ 200.888888888888857, -255.0 ], [ 200.888888888888857, -250.0 ], [ 195.870370370370352, -250.0 ], [ 195.870370370370352, -255.0 ], [ 200.888888888888857, -255.0 ] ] ] } },
{ "type": "Feature", "properties": { "opt_id": 1222 }, "geometry": { "type": "Polygon", "coordinates": [ [ [ 205.907407407407362, -255.0 ], [ 205.907407407407362, -250.0 ], [ 200.888888888888857, -250.0 ], [ 200.888888888888857, -255.0 ], [ 205.907407407407362, -255.0 ] ] ] } },
{ "type": "Feature", "properties": { "opt_id": 1223 }, "geometry": { "type": "Polygon", "coordinates": [ [ [ 210.925925925925895, -255.0 ], [ 210.925925925925895, -250.0 ], [ 205.907407407407391, -250.0 ], [ 205.907407407407391, -255.0 ], [ 210.925925925925895, -255.0 ] ] ] } },
{ "type": "Feature", "properties": { "opt_id": 1224 }, "geometry": { "type": "Polygon", "coordinates": [ [ [ 215.9444444444444, -255.0 ], [ 215.9444444444444, -250.0 ], [ 210.925925925925895, -250.0 ], [ 210.925925925925895, -255.0 ], [ 215.9444444444444, -255.0 ] ] ] } },
{ "type": "Feature", "properties": { "opt_id": 1225 }, "geometry": { "type": "Polygon", "coordinates": [ [ [ 40.296296296296291, -260.0 ], [ 40.296296296296291, -255.0 ], [ 35.277777777777771, -255.0 ], [ 35.277777777777771, -260.0 ], [ 40.296296296296291, -260.0 ] ] ] } },
{ "type": "Feature", "properties": { "opt_id": 1226 }, "geometry": { "type": "Polygon", "coordinates": [ [ [ 45.31481481481481, -260.0 ], [ 45.31481481481481, -255.0 ], [ 40.296296296296291, -255.0 ], [ 40.296296296296291, -260.0 ], [ 45.31481481481481, -260.0 ] ] ] } },
{ "type": "Feature", "properties": { "opt_id": 1227 }, "geometry": { "type": "Polygon", "coordinates": [ [ [ 50.333333333333329, -260.0 ], [ 50.333333333333329, -255.0 ], [ 45.31481481481481, -255.0 ], [ 45.31481481481481, -260.0 ], [ 50.333333333333329, -260.0 ] ] ] } },
{ "type": "Feature", "properties": { "opt_id": 1228 }, "geometry": { "type": "Polygon", "coordinates": [ [ [ 55.351851851851848, -260.0 ], [ 55.351851851851848, -255.0 ], [ 50.333333333333329, -255.0 ], [ 50.333333333333329, -260.0 ], [ 55.351851851851848, -260.0 ] ] ] } },
{ "type": "Feature", "properties": { "opt_id": 1229 }, "geometry": { "type": "Polygon", "coordinates": [ [ [ 60.370370370370367, -260.0 ], [ 60.370370370370367, -255.0 ], [ 55.351851851851848, -255.0 ], [ 55.351851851851848, -260.0 ], [ 60.370370370370367, -260.0 ] ] ] } },
{ "type": "Feature", "properties": { "opt_id": 1230 }, "geometry": { "type": "Polygon", "coordinates": [ [ [ 65.388888888888886, -260.0 ], [ 65.388888888888886, -255.0 ], [ 60.370370370370367, -255.0 ], [ 60.370370370370367, -260.0 ], [ 65.388888888888886, -260.0 ] ] ] } },
{ "type": "Feature", "properties": { "opt_id": 1231 }, "geometry": { "type": "Polygon", "coordinates": [ [ [ 70.407407407407405, -260.0 ], [ 70.407407407407405, -255.0 ], [ 65.388888888888886, -255.0 ], [ 65.388888888888886, -260.0 ], [ 70.407407407407405, -260.0 ] ] ] } },
{ "type": "Feature", "properties": { "opt_id": 1232 }, "geometry": { "type": "Polygon", "coordinates": [ [ [ 75.425925925925924, -260.0 ], [ 75.425925925925924, -255.0 ], [ 70.407407407407405, -255.0 ], [ 70.407407407407405, -260.0 ], [ 75.425925925925924, -260.0 ] ] ] } },
{ "type": "Feature", "properties": { "opt_id": 1233 }, "geometry": { "type": "Polygon", "coordinates": [ [ [ 80.444444444444443, -260.0 ], [ 80.444444444444443, -255.0 ], [ 75.425925925925924, -255.0 ], [ 75.425925925925924, -260.0 ], [ 80.444444444444443, -260.0 ] ] ] } },
{ "type": "Feature", "properties": { "opt_id": 1234 }, "geometry": { "type": "Polygon", "coordinates": [ [ [ 85.462962962962948, -260.0 ], [ 85.462962962962948, -255.0 ], [ 80.444444444444429, -255.0 ], [ 80.444444444444429, -260.0 ], [ 85.462962962962948, -260.0 ] ] ] } },
{ "type": "Feature", "properties": { "opt_id": 1235 }, "geometry": { "type": "Polygon", "coordinates": [ [ [ 90.481481481481467, -260.0 ], [ 90.481481481481467, -255.0 ], [ 85.462962962962948, -255.0 ], [ 85.462962962962948, -260.0 ], [ 90.481481481481467, -260.0 ] ] ] } },
{ "type": "Feature", "properties": { "opt_id": 1236 }, "geometry": { "type": "Polygon", "coordinates": [ [ [ 115.574074074074062, -260.0 ], [ 115.574074074074062, -255.0 ], [ 110.555555555555543, -255.0 ], [ 110.555555555555543, -260.0 ], [ 115.574074074074062, -260.0 ] ] ] } },
{ "type": "Feature", "properties": { "opt_id": 1237 }, "geometry": { "type": "Polygon", "coordinates": [ [ [ 120.592592592592595, -260.0 ], [ 120.592592592592595, -255.0 ], [ 115.574074074074076, -255.0 ], [ 115.574074074074076, -260.0 ], [ 120.592592592592595, -260.0 ] ] ] } },
{ "type": "Feature", "properties": { "opt_id": 1238 }, "geometry": { "type": "Polygon", "coordinates": [ [ [ 125.6111111111111, -260.0 ], [ 125.6111111111111, -255.0 ], [ 120.592592592592581, -255.0 ], [ 120.592592592592581, -260.0 ], [ 125.6111111111111, -260.0 ] ] ] } },
{ "type": "Feature", "properties": { "opt_id": 1239 }, "geometry": { "type": "Polygon", "coordinates": [ [ [ 130.629629629629591, -260.0 ], [ 130.629629629629591, -255.0 ], [ 125.611111111111086, -255.0 ], [ 125.611111111111086, -260.0 ], [ 130.629629629629591, -260.0 ] ] ] } },
{ "type": "Feature", "properties": { "opt_id": 1240 }, "geometry": { "type": "Polygon", "coordinates": [ [ [ 135.648148148148124, -260.0 ], [ 135.648148148148124, -255.0 ], [ 130.629629629629619, -255.0 ], [ 130.629629629629619, -260.0 ], [ 135.648148148148124, -260.0 ] ] ] } },
{ "type": "Feature", "properties": { "opt_id": 1241 }, "geometry": { "type": "Polygon", "coordinates": [ [ [ 140.666666666666629, -260.0 ], [ 140.666666666666629, -255.0 ], [ 135.648148148148124, -255.0 ], [ 135.648148148148124, -260.0 ], [ 140.666666666666629, -260.0 ] ] ] } },
{ "type": "Feature", "properties": { "opt_id": 1242 }, "geometry": { "type": "Polygon", "coordinates": [ [ [ 145.685185185185162, -260.0 ], [ 145.685185185185162, -255.0 ], [ 140.666666666666657, -255.0 ], [ 140.666666666666657, -260.0 ], [ 145.685185185185162, -260.0 ] ] ] } },
{ "type": "Feature", "properties": { "opt_id": 1243 }, "geometry": { "type": "Polygon", "coordinates": [ [ [ 150.703703703703667, -260.0 ], [ 150.703703703703667, -255.0 ], [ 145.685185185185162, -255.0 ], [ 145.685185185185162, -260.0 ], [ 150.703703703703667, -260.0 ] ] ] } },
{ "type": "Feature", "properties": { "opt_id": 1244 }, "geometry": { "type": "Polygon", "coordinates": [ [ [ 155.7222222222222, -260.0 ], [ 155.7222222222222, -255.0 ], [ 150.703703703703695, -255.0 ], [ 150.703703703703695, -260.0 ], [ 155.7222222222222, -260.0 ] ] ] } },
{ "type": "Feature", "properties": { "opt_id": 1245 }, "geometry": { "type": "Polygon", "coordinates": [ [ [ 160.740740740740705, -260.0 ], [ 160.740740740740705, -255.0 ], [ 155.7222222222222, -255.0 ], [ 155.7222222222222, -260.0 ], [ 160.740740740740705, -260.0 ] ] ] } },
{ "type": "Feature", "properties": { "opt_id": 1246 }, "geometry": { "type": "Polygon", "coordinates": [ [ [ 165.759259259259238, -260.0 ], [ 165.759259259259238, -255.0 ], [ 160.740740740740733, -255.0 ], [ 160.740740740740733, -260.0 ], [ 165.759259259259238, -260.0 ] ] ] } },
{ "type": "Feature", "properties": { "opt_id": 1247 }, "geometry": { "type": "Polygon", "coordinates": [ [ [ 170.777777777777743, -260.0 ], [ 170.777777777777743, -255.0 ], [ 165.759259259259238, -255.0 ], [ 165.759259259259238, -260.0 ], [ 170.777777777777743, -260.0 ] ] ] } },
{ "type": "Feature", "properties": { "opt_id": 1248 }, "geometry": { "type": "Polygon", "coordinates": [ [ [ 175.796296296296276, -260.0 ], [ 175.796296296296276, -255.0 ], [ 170.777777777777771, -255.0 ], [ 170.777777777777771, -260.0 ], [ 175.796296296296276, -260.0 ] ] ] } },
{ "type": "Feature", "properties": { "opt_id": 1249 }, "geometry": { "type": "Polygon", "coordinates": [ [ [ 180.814814814814781, -260.0 ], [ 180.814814814814781, -255.0 ], [ 175.796296296296276, -255.0 ], [ 175.796296296296276, -260.0 ], [ 180.814814814814781, -260.0 ] ] ] } },
{ "type": "Feature", "properties": { "opt_id": 1250 }, "geometry": { "type": "Polygon", "coordinates": [ [ [ 185.833333333333314, -260.0 ], [ 185.833333333333314, -255.0 ], [ 180.81481481481481, -255.0 ], [ 180.81481481481481, -260.0 ], [ 185.833333333333314, -260.0 ] ] ] } },
{ "type": "Feature", "properties": { "opt_id": 1251 }, "geometry": { "type": "Polygon", "coordinates": [ [ [ 190.851851851851819, -260.0 ], [ 190.851851851851819, -255.0 ], [ 185.833333333333314, -255.0 ], [ 185.833333333333314, -260.0 ], [ 190.851851851851819, -260.0 ] ] ] } },
{ "type": "Feature", "properties": { "opt_id": 1252 }, "geometry": { "type": "Polygon", "coordinates": [ [ [ 195.870370370370352, -260.0 ], [ 195.870370370370352, -255.0 ], [ 190.851851851851848, -255.0 ], [ 190.851851851851848, -260.0 ], [ 195.870370370370352, -260.0 ] ] ] } },
{ "type": "Feature", "properties": { "opt_id": 1253 }, "geometry": { "type": "Polygon", "coordinates": [ [ [ 200.888888888888857, -260.0 ], [ 200.888888888888857, -255.0 ], [ 195.870370370370352, -255.0 ], [ 195.870370370370352, -260.0 ], [ 200.888888888888857, -260.0 ] ] ] } },
{ "type": "Feature", "properties": { "opt_id": 1254 }, "geometry": { "type": "Polygon", "coordinates": [ [ [ 205.907407407407362, -260.0 ], [ 205.907407407407362, -255.0 ], [ 200.888888888888857, -255.0 ], [ 200.888888888888857, -260.0 ], [ 205.907407407407362, -260.0 ] ] ] } },
{ "type": "Feature", "properties": { "opt_id": 1255 }, "geometry": { "type": "Polygon", "coordinates": [ [ [ 210.925925925925895, -260.0 ], [ 210.925925925925895, -255.0 ], [ 205.907407407407391, -255.0 ], [ 205.907407407407391, -260.0 ], [ 210.925925925925895, -260.0 ] ] ] } },
{ "type": "Feature", "properties": { "opt_id": 1256 }, "geometry": { "type": "Polygon", "coordinates": [ [ [ 215.9444444444444, -260.0 ], [ 215.9444444444444, -255.0 ], [ 210.925925925925895, -255.0 ], [ 210.925925925925895, -260.0 ], [ 215.9444444444444, -260.0 ] ] ] } },
{ "type": "Feature", "properties": { "opt_id": 1257 }, "geometry": { "type": "Polygon", "coordinates": [ [ [ 40.296296296296291, -265.0 ], [ 40.296296296296291, -260.0 ], [ 35.277777777777771, -260.0 ], [ 35.277777777777771, -265.0 ], [ 40.296296296296291, -265.0 ] ] ] } },
{ "type": "Feature", "properties": { "opt_id": 1258 }, "geometry": { "type": "Polygon", "coordinates": [ [ [ 45.31481481481481, -265.0 ], [ 45.31481481481481, -260.0 ], [ 40.296296296296291, -260.0 ], [ 40.296296296296291, -265.0 ], [ 45.31481481481481, -265.0 ] ] ] } },
{ "type": "Feature", "properties": { "opt_id": 1259 }, "geometry": { "type": "Polygon", "coordinates": [ [ [ 50.333333333333329, -265.0 ], [ 50.333333333333329, -260.0 ], [ 45.31481481481481, -260.0 ], [ 45.31481481481481, -265.0 ], [ 50.333333333333329, -265.0 ] ] ] } },
{ "type": "Feature", "properties": { "opt_id": 1260 }, "geometry": { "type": "Polygon", "coordinates": [ [ [ 55.351851851851848, -265.0 ], [ 55.351851851851848, -260.0 ], [ 50.333333333333329, -260.0 ], [ 50.333333333333329, -265.0 ], [ 55.351851851851848, -265.0 ] ] ] } },
{ "type": "Feature", "properties": { "opt_id": 1261 }, "geometry": { "type": "Polygon", "coordinates": [ [ [ 60.370370370370367, -265.0 ], [ 60.370370370370367, -260.0 ], [ 55.351851851851848, -260.0 ], [ 55.351851851851848, -265.0 ], [ 60.370370370370367, -265.0 ] ] ] } },
{ "type": "Feature", "properties": { "opt_id": 1262 }, "geometry": { "type": "Polygon", "coordinates": [ [ [ 65.388888888888886, -265.0 ], [ 65.388888888888886, -260.0 ], [ 60.370370370370367, -260.0 ], [ 60.370370370370367, -265.0 ], [ 65.388888888888886, -265.0 ] ] ] } },
{ "type": "Feature", "properties": { "opt_id": 1263 }, "geometry": { "type": "Polygon", "coordinates": [ [ [ 70.407407407407405, -265.0 ], [ 70.407407407407405, -260.0 ], [ 65.388888888888886, -260.0 ], [ 65.388888888888886, -265.0 ], [ 70.407407407407405, -265.0 ] ] ] } },
{ "type": "Feature", "properties": { "opt_id": 1264 }, "geometry": { "type": "Polygon", "coordinates": [ [ [ 75.425925925925924, -265.0 ], [ 75.425925925925924, -260.0 ], [ 70.407407407407405, -260.0 ], [ 70.407407407407405, -265.0 ], [ 75.425925925925924, -265.0 ] ] ] } },
{ "type": "Feature", "properties": { "opt_id": 1265 }, "geometry": { "type": "Polygon", "coordinates": [ [ [ 80.444444444444443, -265.0 ], [ 80.444444444444443, -260.0 ], [ 75.425925925925924, -260.0 ], [ 75.425925925925924, -265.0 ], [ 80.444444444444443, -265.0 ] ] ] } },
{ "type": "Feature", "properties": { "opt_id": 1266 }, "geometry": { "type": "Polygon", "coordinates": [ [ [ 85.462962962962948, -265.0 ], [ 85.462962962962948, -260.0 ], [ 80.444444444444429, -260.0 ], [ 80.444444444444429, -265.0 ], [ 85.462962962962948, -265.0 ] ] ] } },
{ "type": "Feature", "properties": { "opt_id": 1267 }, "geometry": { "type": "Polygon", "coordinates": [ [ [ 90.481481481481467, -265.0 ], [ 90.481481481481467, -260.0 ], [ 85.462962962962948, -260.0 ], [ 85.462962962962948, -265.0 ], [ 90.481481481481467, -265.0 ] ] ] } },
{ "type": "Feature", "properties": { "opt_id": 1268 }, "geometry": { "type": "Polygon", "coordinates": [ [ [ 115.574074074074062, -265.0 ], [ 115.574074074074062, -260.0 ], [ 110.555555555555543, -260.0 ], [ 110.555555555555543, -265.0 ], [ 115.574074074074062, -265.0 ] ] ] } },
{ "type": "Feature", "properties": { "opt_id": 1269 }, "geometry": { "type": "Polygon", "coordinates": [ [ [ 120.592592592592595, -265.0 ], [ 120.592592592592595, -260.0 ], [ 115.574074074074076, -260.0 ], [ 115.574074074074076, -265.0 ], [ 120.592592592592595, -265.0 ] ] ] } },
{ "type": "Feature", "properties": { "opt_id": 1270 }, "geometry": { "type": "Polygon", "coordinates": [ [ [ 125.6111111111111, -265.0 ], [ 125.6111111111111, -260.0 ], [ 120.592592592592581, -260.0 ], [ 120.592592592592581, -265.0 ], [ 125.6111111111111, -265.0 ] ] ] } },
{ "type": "Feature", "properties": { "opt_id": 1271 }, "geometry": { "type": "Polygon", "coordinates": [ [ [ 130.629629629629591, -265.0 ], [ 130.629629629629591, -260.0 ], [ 125.611111111111086, -260.0 ], [ 125.611111111111086, -265.0 ], [ 130.629629629629591, -265.0 ] ] ] } },
{ "type": "Feature", "properties": { "opt_id": 1272 }, "geometry": { "type": "Polygon", "coordinates": [ [ [ 135.648148148148124, -265.0 ], [ 135.648148148148124, -260.0 ], [ 130.629629629629619, -260.0 ], [ 130.629629629629619, -265.0 ], [ 135.648148148148124, -265.0 ] ] ] } },
{ "type": "Feature", "properties": { "opt_id": 1273 }, "geometry": { "type": "Polygon", "coordinates": [ [ [ 140.666666666666629, -265.0 ], [ 140.666666666666629, -260.0 ], [ 135.648148148148124, -260.0 ], [ 135.648148148148124, -265.0 ], [ 140.666666666666629, -265.0 ] ] ] } },
{ "type": "Feature", "properties": { "opt_id": 1274 }, "geometry": { "type": "Polygon", "coordinates": [ [ [ 145.685185185185162, -265.0 ], [ 145.685185185185162, -260.0 ], [ 140.666666666666657, -260.0 ], [ 140.666666666666657, -265.0 ], [ 145.685185185185162, -265.0 ] ] ] } },
{ "type": "Feature", "properties": { "opt_id": 1275 }, "geometry": { "type": "Polygon", "coordinates": [ [ [ 150.703703703703667, -265.0 ], [ 150.703703703703667, -260.0 ], [ 145.685185185185162, -260.0 ], [ 145.685185185185162, -265.0 ], [ 150.703703703703667, -265.0 ] ] ] } },
{ "type": "Feature", "properties": { "opt_id": 1276 }, "geometry": { "type": "Polygon", "coordinates": [ [ [ 155.7222222222222, -265.0 ], [ 155.7222222222222, -260.0 ], [ 150.703703703703695, -260.0 ], [ 150.703703703703695, -265.0 ], [ 155.7222222222222, -265.0 ] ] ] } },
{ "type": "Feature", "properties": { "opt_id": 1277 }, "geometry": { "type": "Polygon", "coordinates": [ [ [ 160.740740740740705, -265.0 ], [ 160.740740740740705, -260.0 ], [ 155.7222222222222, -260.0 ], [ 155.7222222222222, -265.0 ], [ 160.740740740740705, -265.0 ] ] ] } },
{ "type": "Feature", "properties": { "opt_id": 1278 }, "geometry": { "type": "Polygon", "coordinates": [ [ [ 165.759259259259238, -265.0 ], [ 165.759259259259238, -260.0 ], [ 160.740740740740733, -260.0 ], [ 160.740740740740733, -265.0 ], [ 165.759259259259238, -265.0 ] ] ] } },
{ "type": "Feature", "properties": { "opt_id": 1279 }, "geometry": { "type": "Polygon", "coordinates": [ [ [ 170.777777777777743, -265.0 ], [ 170.777777777777743, -260.0 ], [ 165.759259259259238, -260.0 ], [ 165.759259259259238, -265.0 ], [ 170.777777777777743, -265.0 ] ] ] } },
{ "type": "Feature", "properties": { "opt_id": 1280 }, "geometry": { "type": "Polygon", "coordinates": [ [ [ 175.796296296296276, -265.0 ], [ 175.796296296296276, -260.0 ], [ 170.777777777777771, -260.0 ], [ 170.777777777777771, -265.0 ], [ 175.796296296296276, -265.0 ] ] ] } },
{ "type": "Feature", "properties": { "opt_id": 1281 }, "geometry": { "type": "Polygon", "coordinates": [ [ [ 180.814814814814781, -265.0 ], [ 180.814814814814781, -260.0 ], [ 175.796296296296276, -260.0 ], [ 175.796296296296276, -265.0 ], [ 180.814814814814781, -265.0 ] ] ] } },
{ "type": "Feature", "properties": { "opt_id": 1282 }, "geometry": { "type": "Polygon", "coordinates": [ [ [ 185.833333333333314, -265.0 ], [ 185.833333333333314, -260.0 ], [ 180.81481481481481, -260.0 ], [ 180.81481481481481, -265.0 ], [ 185.833333333333314, -265.0 ] ] ] } },
{ "type": "Feature", "properties": { "opt_id": 1283 }, "geometry": { "type": "Polygon", "coordinates": [ [ [ 190.851851851851819, -265.0 ], [ 190.851851851851819, -260.0 ], [ 185.833333333333314, -260.0 ], [ 185.833333333333314, -265.0 ], [ 190.851851851851819, -265.0 ] ] ] } },
{ "type": "Feature", "properties": { "opt_id": 1284 }, "geometry": { "type": "Polygon", "coordinates": [ [ [ 195.870370370370352, -265.0 ], [ 195.870370370370352, -260.0 ], [ 190.851851851851848, -260.0 ], [ 190.851851851851848, -265.0 ], [ 195.870370370370352, -265.0 ] ] ] } },
{ "type": "Feature", "properties": { "opt_id": 1285 }, "geometry": { "type": "Polygon", "coordinates": [ [ [ 200.888888888888857, -265.0 ], [ 200.888888888888857, -260.0 ], [ 195.870370370370352, -260.0 ], [ 195.870370370370352, -265.0 ], [ 200.888888888888857, -265.0 ] ] ] } },
{ "type": "Feature", "properties": { "opt_id": 1286 }, "geometry": { "type": "Polygon", "coordinates": [ [ [ 205.907407407407362, -265.0 ], [ 205.907407407407362, -260.0 ], [ 200.888888888888857, -260.0 ], [ 200.888888888888857, -265.0 ], [ 205.907407407407362, -265.0 ] ] ] } },
{ "type": "Feature", "properties": { "opt_id": 1287 }, "geometry": { "type": "Polygon", "coordinates": [ [ [ 210.925925925925895, -265.0 ], [ 210.925925925925895, -260.0 ], [ 205.907407407407391, -260.0 ], [ 205.907407407407391, -265.0 ], [ 210.925925925925895, -265.0 ] ] ] } },
{ "type": "Feature", "properties": { "opt_id": 1288 }, "geometry": { "type": "Polygon", "coordinates": [ [ [ 215.9444444444444, -265.0 ], [ 215.9444444444444, -260.0 ], [ 210.925925925925895, -260.0 ], [ 210.925925925925895, -265.0 ], [ 215.9444444444444, -265.0 ] ] ] } },
{ "type": "Feature", "properties": { "opt_id": 1289 }, "geometry": { "type": "Polygon", "coordinates": [ [ [ 40.296296296296291, -270.0 ], [ 40.296296296296291, -265.0 ], [ 35.277777777777771, -265.0 ], [ 35.277777777777771, -270.0 ], [ 40.296296296296291, -270.0 ] ] ] } },
{ "type": "Feature", "properties": { "opt_id": 1290 }, "geometry": { "type": "Polygon", "coordinates": [ [ [ 45.31481481481481, -270.0 ], [ 45.31481481481481, -265.0 ], [ 40.296296296296291, -265.0 ], [ 40.296296296296291, -270.0 ], [ 45.31481481481481, -270.0 ] ] ] } },
{ "type": "Feature", "properties": { "opt_id": 1291 }, "geometry": { "type": "Polygon", "coordinates": [ [ [ 50.333333333333329, -270.0 ], [ 50.333333333333329, -265.0 ], [ 45.31481481481481, -265.0 ], [ 45.31481481481481, -270.0 ], [ 50.333333333333329, -270.0 ] ] ] } },
{ "type": "Feature", "properties": { "opt_id": 1292 }, "geometry": { "type": "Polygon", "coordinates": [ [ [ 55.351851851851848, -270.0 ], [ 55.351851851851848, -265.0 ], [ 50.333333333333329, -265.0 ], [ 50.333333333333329, -270.0 ], [ 55.351851851851848, -270.0 ] ] ] } },
{ "type": "Feature", "properties": { "opt_id": 1293 }, "geometry": { "type": "Polygon", "coordinates": [ [ [ 60.370370370370367, -270.0 ], [ 60.370370370370367, -265.0 ], [ 55.351851851851848, -265.0 ], [ 55.351851851851848, -270.0 ], [ 60.370370370370367, -270.0 ] ] ] } },
{ "type": "Feature", "properties": { "opt_id": 1294 }, "geometry": { "type": "Polygon", "coordinates": [ [ [ 65.388888888888886, -270.0 ], [ 65.388888888888886, -265.0 ], [ 60.370370370370367, -265.0 ], [ 60.370370370370367, -270.0 ], [ 65.388888888888886, -270.0 ] ] ] } },
{ "type": "Feature", "properties": { "opt_id": 1295 }, "geometry": { "type": "Polygon", "coordinates": [ [ [ 70.407407407407405, -270.0 ], [ 70.407407407407405, -265.0 ], [ 65.388888888888886, -265.0 ], [ 65.388888888888886, -270.0 ], [ 70.407407407407405, -270.0 ] ] ] } },
{ "type": "Feature", "properties": { "opt_id": 1296 }, "geometry": { "type": "Polygon", "coordinates": [ [ [ 75.425925925925924, -270.0 ], [ 75.425925925925924, -265.0 ], [ 70.407407407407405, -265.0 ], [ 70.407407407407405, -270.0 ], [ 75.425925925925924, -270.0 ] ] ] } },
{ "type": "Feature", "properties": { "opt_id": 1297 }, "geometry": { "type": "Polygon", "coordinates": [ [ [ 80.444444444444443, -270.0 ], [ 80.444444444444443, -265.0 ], [ 75.425925925925924, -265.0 ], [ 75.425925925925924, -270.0 ], [ 80.444444444444443, -270.0 ] ] ] } },
{ "type": "Feature", "properties": { "opt_id": 1298 }, "geometry": { "type": "Polygon", "coordinates": [ [ [ 85.462962962962948, -270.0 ], [ 85.462962962962948, -265.0 ], [ 80.444444444444429, -265.0 ], [ 80.444444444444429, -270.0 ], [ 85.462962962962948, -270.0 ] ] ] } },
{ "type": "Feature", "properties": { "opt_id": 1299 }, "geometry": { "type": "Polygon", "coordinates": [ [ [ 90.481481481481467, -270.0 ], [ 90.481481481481467, -265.0 ], [ 85.462962962962948, -265.0 ], [ 85.462962962962948, -270.0 ], [ 90.481481481481467, -270.0 ] ] ] } },
{ "type": "Feature", "properties": { "opt_id": 1300 }, "geometry": { "type": "Polygon", "coordinates": [ [ [ 115.574074074074062, -270.0 ], [ 115.574074074074062, -265.0 ], [ 110.555555555555543, -265.0 ], [ 110.555555555555543, -270.0 ], [ 115.574074074074062, -270.0 ] ] ] } },
{ "type": "Feature", "properties": { "opt_id": 1301 }, "geometry": { "type": "Polygon", "coordinates": [ [ [ 120.592592592592595, -270.0 ], [ 120.592592592592595, -265.0 ], [ 115.574074074074076, -265.0 ], [ 115.574074074074076, -270.0 ], [ 120.592592592592595, -270.0 ] ] ] } },
{ "type": "Feature", "properties": { "opt_id": 1302 }, "geometry": { "type": "Polygon", "coordinates": [ [ [ 125.6111111111111, -270.0 ], [ 125.6111111111111, -265.0 ], [ 120.592592592592581, -265.0 ], [ 120.592592592592581, -270.0 ], [ 125.6111111111111, -270.0 ] ] ] } },
{ "type": "Feature", "properties": { "opt_id": 1303 }, "geometry": { "type": "Polygon", "coordinates": [ [ [ 130.629629629629591, -270.0 ], [ 130.629629629629591, -265.0 ], [ 125.611111111111086, -265.0 ], [ 125.611111111111086, -270.0 ], [ 130.629629629629591, -270.0 ] ] ] } },
{ "type": "Feature", "properties": { "opt_id": 1304 }, "geometry": { "type": "Polygon", "coordinates": [ [ [ 135.648148148148124, -270.0 ], [ 135.648148148148124, -265.0 ], [ 130.629629629629619, -265.0 ], [ 130.629629629629619, -270.0 ], [ 135.648148148148124, -270.0 ] ] ] } },
{ "type": "Feature", "properties": { "opt_id": 1305 }, "geometry": { "type": "Polygon", "coordinates": [ [ [ 140.666666666666629, -270.0 ], [ 140.666666666666629, -265.0 ], [ 135.648148148148124, -265.0 ], [ 135.648148148148124, -270.0 ], [ 140.666666666666629, -270.0 ] ] ] } },
{ "type": "Feature", "properties": { "opt_id": 1306 }, "geometry": { "type": "Polygon", "coordinates": [ [ [ 145.685185185185162, -270.0 ], [ 145.685185185185162, -265.0 ], [ 140.666666666666657, -265.0 ], [ 140.666666666666657, -270.0 ], [ 145.685185185185162, -270.0 ] ] ] } },
{ "type": "Feature", "properties": { "opt_id": 1307 }, "geometry": { "type": "Polygon", "coordinates": [ [ [ 150.703703703703667, -270.0 ], [ 150.703703703703667, -265.0 ], [ 145.685185185185162, -265.0 ], [ 145.685185185185162, -270.0 ], [ 150.703703703703667, -270.0 ] ] ] } },
{ "type": "Feature", "properties": { "opt_id": 1308 }, "geometry": { "type": "Polygon", "coordinates": [ [ [ 155.7222222222222, -270.0 ], [ 155.7222222222222, -265.0 ], [ 150.703703703703695, -265.0 ], [ 150.703703703703695, -270.0 ], [ 155.7222222222222, -270.0 ] ] ] } },
{ "type": "Feature", "properties": { "opt_id": 1309 }, "geometry": { "type": "Polygon", "coordinates": [ [ [ 160.740740740740705, -270.0 ], [ 160.740740740740705, -265.0 ], [ 155.7222222222222, -265.0 ], [ 155.7222222222222, -270.0 ], [ 160.740740740740705, -270.0 ] ] ] } },
{ "type": "Feature", "properties": { "opt_id": 1310 }, "geometry": { "type": "Polygon", "coordinates": [ [ [ 165.759259259259238, -270.0 ], [ 165.759259259259238, -265.0 ], [ 160.740740740740733, -265.0 ], [ 160.740740740740733, -270.0 ], [ 165.759259259259238, -270.0 ] ] ] } },
{ "type": "Feature", "properties": { "opt_id": 1311 }, "geometry": { "type": "Polygon", "coordinates": [ [ [ 170.777777777777743, -270.0 ], [ 170.777777777777743, -265.0 ], [ 165.759259259259238, -265.0 ], [ 165.759259259259238, -270.0 ], [ 170.777777777777743, -270.0 ] ] ] } },
{ "type": "Feature", "properties": { "opt_id": 1312 }, "geometry": { "type": "Polygon", "coordinates": [ [ [ 175.796296296296276, -270.0 ], [ 175.796296296296276, -265.0 ], [ 170.777777777777771, -265.0 ], [ 170.777777777777771, -270.0 ], [ 175.796296296296276, -270.0 ] ] ] } },
{ "type": "Feature", "properties": { "opt_id": 1313 }, "geometry": { "type": "Polygon", "coordinates": [ [ [ 180.814814814814781, -270.0 ], [ 180.814814814814781, -265.0 ], [ 175.796296296296276, -265.0 ], [ 175.796296296296276, -270.0 ], [ 180.814814814814781, -270.0 ] ] ] } },
{ "type": "Feature", "properties": { "opt_id": 1314 }, "geometry": { "type": "Polygon", "coordinates": [ [ [ 185.833333333333314, -270.0 ], [ 185.833333333333314, -265.0 ], [ 180.81481481481481, -265.0 ], [ 180.81481481481481, -270.0 ], [ 185.833333333333314, -270.0 ] ] ] } },
{ "type": "Feature", "properties": { "opt_id": 1315 }, "geometry": { "type": "Polygon", "coordinates": [ [ [ 190.851851851851819, -270.0 ], [ 190.851851851851819, -265.0 ], [ 185.833333333333314, -265.0 ], [ 185.833333333333314, -270.0 ], [ 190.851851851851819, -270.0 ] ] ] } },
{ "type": "Feature", "properties": { "opt_id": 1316 }, "geometry": { "type": "Polygon", "coordinates": [ [ [ 195.870370370370352, -270.0 ], [ 195.870370370370352, -265.0 ], [ 190.851851851851848, -265.0 ], [ 190.851851851851848, -270.0 ], [ 195.870370370370352, -270.0 ] ] ] } },
{ "type": "Feature", "properties": { "opt_id": 1317 }, "geometry": { "type": "Polygon", "coordinates": [ [ [ 200.888888888888857, -270.0 ], [ 200.888888888888857, -265.0 ], [ 195.870370370370352, -265.0 ], [ 195.870370370370352, -270.0 ], [ 200.888888888888857, -270.0 ] ] ] } },
{ "type": "Feature", "properties": { "opt_id": 1318 }, "geometry": { "type": "Polygon", "coordinates": [ [ [ 205.907407407407362, -270.0 ], [ 205.907407407407362, -265.0 ], [ 200.888888888888857, -265.0 ], [ 200.888888888888857, -270.0 ], [ 205.907407407407362, -270.0 ] ] ] } },
{ "type": "Feature", "properties": { "opt_id": 1319 }, "geometry": { "type": "Polygon", "coordinates": [ [ [ 210.925925925925895, -270.0 ], [ 210.925925925925895, -265.0 ], [ 205.907407407407391, -265.0 ], [ 205.907407407407391, -270.0 ], [ 210.925925925925895, -270.0 ] ] ] } },
{ "type": "Feature", "properties": { "opt_id": 1320 }, "geometry": { "type": "Polygon", "coordinates": [ [ [ 215.9444444444444, -270.0 ], [ 215.9444444444444, -265.0 ], [ 210.925925925925895, -265.0 ], [ 210.925925925925895, -270.0 ], [ 215.9444444444444, -270.0 ] ] ] } },
{ "type": "Feature", "properties": { "opt_id": 1321 }, "geometry": { "type": "Polygon", "coordinates": [ [ [ 40.296296296296291, -275.0 ], [ 40.296296296296291, -270.0 ], [ 35.277777777777771, -270.0 ], [ 35.277777777777771, -275.0 ], [ 40.296296296296291, -275.0 ] ] ] } },
{ "type": "Feature", "properties": { "opt_id": 1322 }, "geometry": { "type": "Polygon", "coordinates": [ [ [ 45.31481481481481, -275.0 ], [ 45.31481481481481, -270.0 ], [ 40.296296296296291, -270.0 ], [ 40.296296296296291, -275.0 ], [ 45.31481481481481, -275.0 ] ] ] } },
{ "type": "Feature", "properties": { "opt_id": 1323 }, "geometry": { "type": "Polygon", "coordinates": [ [ [ 50.333333333333329, -275.0 ], [ 50.333333333333329, -270.0 ], [ 45.31481481481481, -270.0 ], [ 45.31481481481481, -275.0 ], [ 50.333333333333329, -275.0 ] ] ] } },
{ "type": "Feature", "properties": { "opt_id": 1324 }, "geometry": { "type": "Polygon", "coordinates": [ [ [ 55.351851851851848, -275.0 ], [ 55.351851851851848, -270.0 ], [ 50.333333333333329, -270.0 ], [ 50.333333333333329, -275.0 ], [ 55.351851851851848, -275.0 ] ] ] } },
{ "type": "Feature", "properties": { "opt_id": 1325 }, "geometry": { "type": "Polygon", "coordinates": [ [ [ 60.370370370370367, -275.0 ], [ 60.370370370370367, -270.0 ], [ 55.351851851851848, -270.0 ], [ 55.351851851851848, -275.0 ], [ 60.370370370370367, -275.0 ] ] ] } },
{ "type": "Feature", "properties": { "opt_id": 1326 }, "geometry": { "type": "Polygon", "coordinates": [ [ [ 65.388888888888886, -275.0 ], [ 65.388888888888886, -270.0 ], [ 60.370370370370367, -270.0 ], [ 60.370370370370367, -275.0 ], [ 65.388888888888886, -275.0 ] ] ] } },
{ "type": "Feature", "properties": { "opt_id": 1327 }, "geometry": { "type": "Polygon", "coordinates": [ [ [ 70.407407407407405, -275.0 ], [ 70.407407407407405, -270.0 ], [ 65.388888888888886, -270.0 ], [ 65.388888888888886, -275.0 ], [ 70.407407407407405, -275.0 ] ] ] } },
{ "type": "Feature", "properties": { "opt_id": 1328 }, "geometry": { "type": "Polygon", "coordinates": [ [ [ 75.425925925925924, -275.0 ], [ 75.425925925925924, -270.0 ], [ 70.407407407407405, -270.0 ], [ 70.407407407407405, -275.0 ], [ 75.425925925925924, -275.0 ] ] ] } },
{ "type": "Feature", "properties": { "opt_id": 1329 }, "geometry": { "type": "Polygon", "coordinates": [ [ [ 80.444444444444443, -275.0 ], [ 80.444444444444443, -270.0 ], [ 75.425925925925924, -270.0 ], [ 75.425925925925924, -275.0 ], [ 80.444444444444443, -275.0 ] ] ] } },
{ "type": "Feature", "properties": { "opt_id": 1330 }, "geometry": { "type": "Polygon", "coordinates": [ [ [ 85.462962962962948, -275.0 ], [ 85.462962962962948, -270.0 ], [ 80.444444444444429, -270.0 ], [ 80.444444444444429, -275.0 ], [ 85.462962962962948, -275.0 ] ] ] } },
{ "type": "Feature", "properties": { "opt_id": 1331 }, "geometry": { "type": "Polygon", "coordinates": [ [ [ 90.481481481481467, -275.0 ], [ 90.481481481481467, -270.0 ], [ 85.462962962962948, -270.0 ], [ 85.462962962962948, -275.0 ], [ 90.481481481481467, -275.0 ] ] ] } },
{ "type": "Feature", "properties": { "opt_id": 1332 }, "geometry": { "type": "Polygon", "coordinates": [ [ [ 115.574074074074062, -275.0 ], [ 115.574074074074062, -270.0 ], [ 110.555555555555543, -270.0 ], [ 110.555555555555543, -275.0 ], [ 115.574074074074062, -275.0 ] ] ] } },
{ "type": "Feature", "properties": { "opt_id": 1333 }, "geometry": { "type": "Polygon", "coordinates": [ [ [ 120.592592592592595, -275.0 ], [ 120.592592592592595, -270.0 ], [ 115.574074074074076, -270.0 ], [ 115.574074074074076, -275.0 ], [ 120.592592592592595, -275.0 ] ] ] } },
{ "type": "Feature", "properties": { "opt_id": 1334 }, "geometry": { "type": "Polygon", "coordinates": [ [ [ 125.6111111111111, -275.0 ], [ 125.6111111111111, -270.0 ], [ 120.592592592592581, -270.0 ], [ 120.592592592592581, -275.0 ], [ 125.6111111111111, -275.0 ] ] ] } },
{ "type": "Feature", "properties": { "opt_id": 1335 }, "geometry": { "type": "Polygon", "coordinates": [ [ [ 130.629629629629591, -275.0 ], [ 130.629629629629591, -270.0 ], [ 125.611111111111086, -270.0 ], [ 125.611111111111086, -275.0 ], [ 130.629629629629591, -275.0 ] ] ] } },
{ "type": "Feature", "properties": { "opt_id": 1336 }, "geometry": { "type": "Polygon", "coordinates": [ [ [ 135.648148148148124, -275.0 ], [ 135.648148148148124, -270.0 ], [ 130.629629629629619, -270.0 ], [ 130.629629629629619, -275.0 ], [ 135.648148148148124, -275.0 ] ] ] } },
{ "type": "Feature", "properties": { "opt_id": 1337 }, "geometry": { "type": "Polygon", "coordinates": [ [ [ 140.666666666666629, -275.0 ], [ 140.666666666666629, -270.0 ], [ 135.648148148148124, -270.0 ], [ 135.648148148148124, -275.0 ], [ 140.666666666666629, -275.0 ] ] ] } },
{ "type": "Feature", "properties": { "opt_id": 1338 }, "geometry": { "type": "Polygon", "coordinates": [ [ [ 145.685185185185162, -275.0 ], [ 145.685185185185162, -270.0 ], [ 140.666666666666657, -270.0 ], [ 140.666666666666657, -275.0 ], [ 145.685185185185162, -275.0 ] ] ] } },
{ "type": "Feature", "properties": { "opt_id": 1339 }, "geometry": { "type": "Polygon", "coordinates": [ [ [ 150.703703703703667, -275.0 ], [ 150.703703703703667, -270.0 ], [ 145.685185185185162, -270.0 ], [ 145.685185185185162, -275.0 ], [ 150.703703703703667, -275.0 ] ] ] } },
{ "type": "Feature", "properties": { "opt_id": 1340 }, "geometry": { "type": "Polygon", "coordinates": [ [ [ 155.7222222222222, -275.0 ], [ 155.7222222222222, -270.0 ], [ 150.703703703703695, -270.0 ], [ 150.703703703703695, -275.0 ], [ 155.7222222222222, -275.0 ] ] ] } },
{ "type": "Feature", "properties": { "opt_id": 1341 }, "geometry": { "type": "Polygon", "coordinates": [ [ [ 160.740740740740705, -275.0 ], [ 160.740740740740705, -270.0 ], [ 155.7222222222222, -270.0 ], [ 155.7222222222222, -275.0 ], [ 160.740740740740705, -275.0 ] ] ] } },
{ "type": "Feature", "properties": { "opt_id": 1342 }, "geometry": { "type": "Polygon", "coordinates": [ [ [ 165.759259259259238, -275.0 ], [ 165.759259259259238, -270.0 ], [ 160.740740740740733, -270.0 ], [ 160.740740740740733, -275.0 ], [ 165.759259259259238, -275.0 ] ] ] } },
{ "type": "Feature", "properties": { "opt_id": 1343 }, "geometry": { "type": "Polygon", "coordinates": [ [ [ 170.777777777777743, -275.0 ], [ 170.777777777777743, -270.0 ], [ 165.759259259259238, -270.0 ], [ 165.759259259259238, -275.0 ], [ 170.777777777777743, -275.0 ] ] ] } },
{ "type": "Feature", "properties": { "opt_id": 1344 }, "geometry": { "type": "Polygon", "coordinates": [ [ [ 175.796296296296276, -275.0 ], [ 175.796296296296276, -270.0 ], [ 170.777777777777771, -270.0 ], [ 170.777777777777771, -275.0 ], [ 175.796296296296276, -275.0 ] ] ] } },
{ "type": "Feature", "properties": { "opt_id": 1345 }, "geometry": { "type": "Polygon", "coordinates": [ [ [ 180.814814814814781, -275.0 ], [ 180.814814814814781, -270.0 ], [ 175.796296296296276, -270.0 ], [ 175.796296296296276, -275.0 ], [ 180.814814814814781, -275.0 ] ] ] } },
{ "type": "Feature", "properties": { "opt_id": 1346 }, "geometry": { "type": "Polygon", "coordinates": [ [ [ 185.833333333333314, -275.0 ], [ 185.833333333333314, -270.0 ], [ 180.81481481481481, -270.0 ], [ 180.81481481481481, -275.0 ], [ 185.833333333333314, -275.0 ] ] ] } },
{ "type": "Feature", "properties": { "opt_id": 1347 }, "geometry": { "type": "Polygon", "coordinates": [ [ [ 190.851851851851819, -275.0 ], [ 190.851851851851819, -270.0 ], [ 185.833333333333314, -270.0 ], [ 185.833333333333314, -275.0 ], [ 190.851851851851819, -275.0 ] ] ] } },
{ "type": "Feature", "properties": { "opt_id": 1348 }, "geometry": { "type": "Polygon", "coordinates": [ [ [ 195.870370370370352, -275.0 ], [ 195.870370370370352, -270.0 ], [ 190.851851851851848, -270.0 ], [ 190.851851851851848, -275.0 ], [ 195.870370370370352, -275.0 ] ] ] } },
{ "type": "Feature", "properties": { "opt_id": 1349 }, "geometry": { "type": "Polygon", "coordinates": [ [ [ 200.888888888888857, -275.0 ], [ 200.888888888888857, -270.0 ], [ 195.870370370370352, -270.0 ], [ 195.870370370370352, -275.0 ], [ 200.888888888888857, -275.0 ] ] ] } },
{ "type": "Feature", "properties": { "opt_id": 1350 }, "geometry": { "type": "Polygon", "coordinates": [ [ [ 205.907407407407362, -275.0 ], [ 205.907407407407362, -270.0 ], [ 200.888888888888857, -270.0 ], [ 200.888888888888857, -275.0 ], [ 205.907407407407362, -275.0 ] ] ] } },
{ "type": "Feature", "properties": { "opt_id": 1351 }, "geometry": { "type": "Polygon", "coordinates": [ [ [ 210.925925925925895, -275.0 ], [ 210.925925925925895, -270.0 ], [ 205.907407407407391, -270.0 ], [ 205.907407407407391, -275.0 ], [ 210.925925925925895, -275.0 ] ] ] } },
{ "type": "Feature", "properties": { "opt_id": 1352 }, "geometry": { "type": "Polygon", "coordinates": [ [ [ 215.9444444444444, -275.0 ], [ 215.9444444444444, -270.0 ], [ 210.925925925925895, -270.0 ], [ 210.925925925925895, -275.0 ], [ 215.9444444444444, -275.0 ] ] ] } },
{ "type": "Feature", "properties": { "opt_id": 1353 }, "geometry": { "type": "Polygon", "coordinates": [ [ [ 40.296296296296291, -280.0 ], [ 40.296296296296291, -275.0 ], [ 35.277777777777771, -275.0 ], [ 35.277777777777771, -280.0 ], [ 40.296296296296291, -280.0 ] ] ] } },
{ "type": "Feature", "properties": { "opt_id": 1354 }, "geometry": { "type": "Polygon", "coordinates": [ [ [ 45.31481481481481, -280.0 ], [ 45.31481481481481, -275.0 ], [ 40.296296296296291, -275.0 ], [ 40.296296296296291, -280.0 ], [ 45.31481481481481, -280.0 ] ] ] } },
{ "type": "Feature", "properties": { "opt_id": 1355 }, "geometry": { "type": "Polygon", "coordinates": [ [ [ 50.333333333333329, -280.0 ], [ 50.333333333333329, -275.0 ], [ 45.31481481481481, -275.0 ], [ 45.31481481481481, -280.0 ], [ 50.333333333333329, -280.0 ] ] ] } },
{ "type": "Feature", "properties": { "opt_id": 1356 }, "geometry": { "type": "Polygon", "coordinates": [ [ [ 55.351851851851848, -280.0 ], [ 55.351851851851848, -275.0 ], [ 50.333333333333329, -275.0 ], [ 50.333333333333329, -280.0 ], [ 55.351851851851848, -280.0 ] ] ] } },
{ "type": "Feature", "properties": { "opt_id": 1357 }, "geometry": { "type": "Polygon", "coordinates": [ [ [ 60.370370370370367, -280.0 ], [ 60.370370370370367, -275.0 ], [ 55.351851851851848, -275.0 ], [ 55.351851851851848, -280.0 ], [ 60.370370370370367, -280.0 ] ] ] } },
{ "type": "Feature", "properties": { "opt_id": 1358 }, "geometry": { "type": "Polygon", "coordinates": [ [ [ 65.388888888888886, -280.0 ], [ 65.388888888888886, -275.0 ], [ 60.370370370370367, -275.0 ], [ 60.370370370370367, -280.0 ], [ 65.388888888888886, -280.0 ] ] ] } },
{ "type": "Feature", "properties": { "opt_id": 1359 }, "geometry": { "type": "Polygon", "coordinates": [ [ [ 70.407407407407405, -280.0 ], [ 70.407407407407405, -275.0 ], [ 65.388888888888886, -275.0 ], [ 65.388888888888886, -280.0 ], [ 70.407407407407405, -280.0 ] ] ] } },
{ "type": "Feature", "properties": { "opt_id": 1360 }, "geometry": { "type": "Polygon", "coordinates": [ [ [ 75.425925925925924, -280.0 ], [ 75.425925925925924, -275.0 ], [ 70.407407407407405, -275.0 ], [ 70.407407407407405, -280.0 ], [ 75.425925925925924, -280.0 ] ] ] } },
{ "type": "Feature", "properties": { "opt_id": 1361 }, "geometry": { "type": "Polygon", "coordinates": [ [ [ 80.444444444444443, -280.0 ], [ 80.444444444444443, -275.0 ], [ 75.425925925925924, -275.0 ], [ 75.425925925925924, -280.0 ], [ 80.444444444444443, -280.0 ] ] ] } },
{ "type": "Feature", "properties": { "opt_id": 1362 }, "geometry": { "type": "Polygon", "coordinates": [ [ [ 85.462962962962948, -280.0 ], [ 85.462962962962948, -275.0 ], [ 80.444444444444429, -275.0 ], [ 80.444444444444429, -280.0 ], [ 85.462962962962948, -280.0 ] ] ] } },
{ "type": "Feature", "properties": { "opt_id": 1363 }, "geometry": { "type": "Polygon", "coordinates": [ [ [ 90.481481481481467, -280.0 ], [ 90.481481481481467, -275.0 ], [ 85.462962962962948, -275.0 ], [ 85.462962962962948, -280.0 ], [ 90.481481481481467, -280.0 ] ] ] } },
{ "type": "Feature", "properties": { "opt_id": 1364 }, "geometry": { "type": "Polygon", "coordinates": [ [ [ 115.574074074074062, -280.0 ], [ 115.574074074074062, -275.0 ], [ 110.555555555555543, -275.0 ], [ 110.555555555555543, -280.0 ], [ 115.574074074074062, -280.0 ] ] ] } },
{ "type": "Feature", "properties": { "opt_id": 1365 }, "geometry": { "type": "Polygon", "coordinates": [ [ [ 120.592592592592595, -280.0 ], [ 120.592592592592595, -275.0 ], [ 115.574074074074076, -275.0 ], [ 115.574074074074076, -280.0 ], [ 120.592592592592595, -280.0 ] ] ] } },
{ "type": "Feature", "properties": { "opt_id": 1366 }, "geometry": { "type": "Polygon", "coordinates": [ [ [ 125.6111111111111, -280.0 ], [ 125.6111111111111, -275.0 ], [ 120.592592592592581, -275.0 ], [ 120.592592592592581, -280.0 ], [ 125.6111111111111, -280.0 ] ] ] } },
{ "type": "Feature", "properties": { "opt_id": 1367 }, "geometry": { "type": "Polygon", "coordinates": [ [ [ 130.629629629629591, -280.0 ], [ 130.629629629629591, -275.0 ], [ 125.611111111111086, -275.0 ], [ 125.611111111111086, -280.0 ], [ 130.629629629629591, -280.0 ] ] ] } },
{ "type": "Feature", "properties": { "opt_id": 1368 }, "geometry": { "type": "Polygon", "coordinates": [ [ [ 135.648148148148124, -280.0 ], [ 135.648148148148124, -275.0 ], [ 130.629629629629619, -275.0 ], [ 130.629629629629619, -280.0 ], [ 135.648148148148124, -280.0 ] ] ] } },
{ "type": "Feature", "properties": { "opt_id": 1369 }, "geometry": { "type": "Polygon", "coordinates": [ [ [ 140.666666666666629, -280.0 ], [ 140.666666666666629, -275.0 ], [ 135.648148148148124, -275.0 ], [ 135.648148148148124, -280.0 ], [ 140.666666666666629, -280.0 ] ] ] } },
{ "type": "Feature", "properties": { "opt_id": 1370 }, "geometry": { "type": "Polygon", "coordinates": [ [ [ 145.685185185185162, -280.0 ], [ 145.685185185185162, -275.0 ], [ 140.666666666666657, -275.0 ], [ 140.666666666666657, -280.0 ], [ 145.685185185185162, -280.0 ] ] ] } },
{ "type": "Feature", "properties": { "opt_id": 1371 }, "geometry": { "type": "Polygon", "coordinates": [ [ [ 150.703703703703667, -280.0 ], [ 150.703703703703667, -275.0 ], [ 145.685185185185162, -275.0 ], [ 145.685185185185162, -280.0 ], [ 150.703703703703667, -280.0 ] ] ] } },
{ "type": "Feature", "properties": { "opt_id": 1372 }, "geometry": { "type": "Polygon", "coordinates": [ [ [ 155.7222222222222, -280.0 ], [ 155.7222222222222, -275.0 ], [ 150.703703703703695, -275.0 ], [ 150.703703703703695, -280.0 ], [ 155.7222222222222, -280.0 ] ] ] } },
{ "type": "Feature", "properties": { "opt_id": 1373 }, "geometry": { "type": "Polygon", "coordinates": [ [ [ 160.740740740740705, -280.0 ], [ 160.740740740740705, -275.0 ], [ 155.7222222222222, -275.0 ], [ 155.7222222222222, -280.0 ], [ 160.740740740740705, -280.0 ] ] ] } },
{ "type": "Feature", "properties": { "opt_id": 1374 }, "geometry": { "type": "Polygon", "coordinates": [ [ [ 165.759259259259238, -280.0 ], [ 165.759259259259238, -275.0 ], [ 160.740740740740733, -275.0 ], [ 160.740740740740733, -280.0 ], [ 165.759259259259238, -280.0 ] ] ] } },
{ "type": "Feature", "properties": { "opt_id": 1375 }, "geometry": { "type": "Polygon", "coordinates": [ [ [ 170.777777777777743, -280.0 ], [ 170.777777777777743, -275.0 ], [ 165.759259259259238, -275.0 ], [ 165.759259259259238, -280.0 ], [ 170.777777777777743, -280.0 ] ] ] } },
{ "type": "Feature", "properties": { "opt_id": 1376 }, "geometry": { "type": "Polygon", "coordinates": [ [ [ 175.796296296296276, -280.0 ], [ 175.796296296296276, -275.0 ], [ 170.777777777777771, -275.0 ], [ 170.777777777777771, -280.0 ], [ 175.796296296296276, -280.0 ] ] ] } },
{ "type": "Feature", "properties": { "opt_id": 1377 }, "geometry": { "type": "Polygon", "coordinates": [ [ [ 180.814814814814781, -280.0 ], [ 180.814814814814781, -275.0 ], [ 175.796296296296276, -275.0 ], [ 175.796296296296276, -280.0 ], [ 180.814814814814781, -280.0 ] ] ] } },
{ "type": "Feature", "properties": { "opt_id": 1378 }, "geometry": { "type": "Polygon", "coordinates": [ [ [ 185.833333333333314, -280.0 ], [ 185.833333333333314, -275.0 ], [ 180.81481481481481, -275.0 ], [ 180.81481481481481, -280.0 ], [ 185.833333333333314, -280.0 ] ] ] } },
{ "type": "Feature", "properties": { "opt_id": 1379 }, "geometry": { "type": "Polygon", "coordinates": [ [ [ 190.851851851851819, -280.0 ], [ 190.851851851851819, -275.0 ], [ 185.833333333333314, -275.0 ], [ 185.833333333333314, -280.0 ], [ 190.851851851851819, -280.0 ] ] ] } },
{ "type": "Feature", "properties": { "opt_id": 1380 }, "geometry": { "type": "Polygon", "coordinates": [ [ [ 195.870370370370352, -280.0 ], [ 195.870370370370352, -275.0 ], [ 190.851851851851848, -275.0 ], [ 190.851851851851848, -280.0 ], [ 195.870370370370352, -280.0 ] ] ] } },
{ "type": "Feature", "properties": { "opt_id": 1381 }, "geometry": { "type": "Polygon", "coordinates": [ [ [ 200.888888888888857, -280.0 ], [ 200.888888888888857, -275.0 ], [ 195.870370370370352, -275.0 ], [ 195.870370370370352, -280.0 ], [ 200.888888888888857, -280.0 ] ] ] } },
{ "type": "Feature", "properties": { "opt_id": 1382 }, "geometry": { "type": "Polygon", "coordinates": [ [ [ 205.907407407407362, -280.0 ], [ 205.907407407407362, -275.0 ], [ 200.888888888888857, -275.0 ], [ 200.888888888888857, -280.0 ], [ 205.907407407407362, -280.0 ] ] ] } },
{ "type": "Feature", "properties": { "opt_id": 1383 }, "geometry": { "type": "Polygon", "coordinates": [ [ [ 210.925925925925895, -280.0 ], [ 210.925925925925895, -275.0 ], [ 205.907407407407391, -275.0 ], [ 205.907407407407391, -280.0 ], [ 210.925925925925895, -280.0 ] ] ] } },
{ "type": "Feature", "properties": { "opt_id": 1384 }, "geometry": { "type": "Polygon", "coordinates": [ [ [ 215.9444444444444, -280.0 ], [ 215.9444444444444, -275.0 ], [ 210.925925925925895, -275.0 ], [ 210.925925925925895, -280.0 ], [ 215.9444444444444, -280.0 ] ] ] } },
{ "type": "Feature", "properties": { "opt_id": 1385 }, "geometry": { "type": "Polygon", "coordinates": [ [ [ 40.296296296296291, -285.0 ], [ 40.296296296296291, -280.0 ], [ 35.277777777777771, -280.0 ], [ 35.277777777777771, -285.0 ], [ 40.296296296296291, -285.0 ] ] ] } },
{ "type": "Feature", "properties": { "opt_id": 1386 }, "geometry": { "type": "Polygon", "coordinates": [ [ [ 45.31481481481481, -285.0 ], [ 45.31481481481481, -280.0 ], [ 40.296296296296291, -280.0 ], [ 40.296296296296291, -285.0 ], [ 45.31481481481481, -285.0 ] ] ] } },
{ "type": "Feature", "properties": { "opt_id": 1387 }, "geometry": { "type": "Polygon", "coordinates": [ [ [ 50.333333333333329, -285.0 ], [ 50.333333333333329, -280.0 ], [ 45.31481481481481, -280.0 ], [ 45.31481481481481, -285.0 ], [ 50.333333333333329, -285.0 ] ] ] } },
{ "type": "Feature", "properties": { "opt_id": 1388 }, "geometry": { "type": "Polygon", "coordinates": [ [ [ 55.351851851851848, -285.0 ], [ 55.351851851851848, -280.0 ], [ 50.333333333333329, -280.0 ], [ 50.333333333333329, -285.0 ], [ 55.351851851851848, -285.0 ] ] ] } },
{ "type": "Feature", "properties": { "opt_id": 1389 }, "geometry": { "type": "Polygon", "coordinates": [ [ [ 60.370370370370367, -285.0 ], [ 60.370370370370367, -280.0 ], [ 55.351851851851848, -280.0 ], [ 55.351851851851848, -285.0 ], [ 60.370370370370367, -285.0 ] ] ] } },
{ "type": "Feature", "properties": { "opt_id": 1390 }, "geometry": { "type": "Polygon", "coordinates": [ [ [ 115.574074074074062, -285.0 ], [ 115.574074074074062, -280.0 ], [ 110.555555555555543, -280.0 ], [ 110.555555555555543, -285.0 ], [ 115.574074074074062, -285.0 ] ] ] } },
{ "type": "Feature", "properties": { "opt_id": 1391 }, "geometry": { "type": "Polygon", "coordinates": [ [ [ 120.592592592592595, -285.0 ], [ 120.592592592592595, -280.0 ], [ 115.574074074074076, -280.0 ], [ 115.574074074074076, -285.0 ], [ 120.592592592592595, -285.0 ] ] ] } },
{ "type": "Feature", "properties": { "opt_id": 1392 }, "geometry": { "type": "Polygon", "coordinates": [ [ [ 125.6111111111111, -285.0 ], [ 125.6111111111111, -280.0 ], [ 120.592592592592581, -280.0 ], [ 120.592592592592581, -285.0 ], [ 125.6111111111111, -285.0 ] ] ] } },
{ "type": "Feature", "properties": { "opt_id": 1393 }, "geometry": { "type": "Polygon", "coordinates": [ [ [ 130.629629629629591, -285.0 ], [ 130.629629629629591, -280.0 ], [ 125.611111111111086, -280.0 ], [ 125.611111111111086, -285.0 ], [ 130.629629629629591, -285.0 ] ] ] } },
{ "type": "Feature", "properties": { "opt_id": 1394 }, "geometry": { "type": "Polygon", "coordinates": [ [ [ 135.648148148148124, -285.0 ], [ 135.648148148148124, -280.0 ], [ 130.629629629629619, -280.0 ], [ 130.629629629629619, -285.0 ], [ 135.648148148148124, -285.0 ] ] ] } },
{ "type": "Feature", "properties": { "opt_id": 1395 }, "geometry": { "type": "Polygon", "coordinates": [ [ [ 140.666666666666629, -285.0 ], [ 140.666666666666629, -280.0 ], [ 135.648148148148124, -280.0 ], [ 135.648148148148124, -285.0 ], [ 140.666666666666629, -285.0 ] ] ] } },
{ "type": "Feature", "properties": { "opt_id": 1396 }, "geometry": { "type": "Polygon", "coordinates": [ [ [ 145.685185185185162, -285.0 ], [ 145.685185185185162, -280.0 ], [ 140.666666666666657, -280.0 ], [ 140.666666666666657, -285.0 ], [ 145.685185185185162, -285.0 ] ] ] } },
{ "type": "Feature", "properties": { "opt_id": 1397 }, "geometry": { "type": "Polygon", "coordinates": [ [ [ 150.703703703703667, -285.0 ], [ 150.703703703703667, -280.0 ], [ 145.685185185185162, -280.0 ], [ 145.685185185185162, -285.0 ], [ 150.703703703703667, -285.0 ] ] ] } },
{ "type": "Feature", "properties": { "opt_id": 1398 }, "geometry": { "type": "Polygon", "coordinates": [ [ [ 155.7222222222222, -285.0 ], [ 155.7222222222222, -280.0 ], [ 150.703703703703695, -280.0 ], [ 150.703703703703695, -285.0 ], [ 155.7222222222222, -285.0 ] ] ] } },
{ "type": "Feature", "properties": { "opt_id": 1399 }, "geometry": { "type": "Polygon", "coordinates": [ [ [ 160.740740740740705, -285.0 ], [ 160.740740740740705, -280.0 ], [ 155.7222222222222, -280.0 ], [ 155.7222222222222, -285.0 ], [ 160.740740740740705, -285.0 ] ] ] } },
{ "type": "Feature", "properties": { "opt_id": 1400 }, "geometry": { "type": "Polygon", "coordinates": [ [ [ 165.759259259259238, -285.0 ], [ 165.759259259259238, -280.0 ], [ 160.740740740740733, -280.0 ], [ 160.740740740740733, -285.0 ], [ 165.759259259259238, -285.0 ] ] ] } },
{ "type": "Feature", "properties": { "opt_id": 1401 }, "geometry": { "type": "Polygon", "coordinates": [ [ [ 170.777777777777743, -285.0 ], [ 170.777777777777743, -280.0 ], [ 165.759259259259238, -280.0 ], [ 165.759259259259238, -285.0 ], [ 170.777777777777743, -285.0 ] ] ] } },
{ "type": "Feature", "properties": { "opt_id": 1402 }, "geometry": { "type": "Polygon", "coordinates": [ [ [ 175.796296296296276, -285.0 ], [ 175.796296296296276, -280.0 ], [ 170.777777777777771, -280.0 ], [ 170.777777777777771, -285.0 ], [ 175.796296296296276, -285.0 ] ] ] } },
{ "type": "Feature", "properties": { "opt_id": 1403 }, "geometry": { "type": "Polygon", "coordinates": [ [ [ 180.814814814814781, -285.0 ], [ 180.814814814814781, -280.0 ], [ 175.796296296296276, -280.0 ], [ 175.796296296296276, -285.0 ], [ 180.814814814814781, -285.0 ] ] ] } },
{ "type": "Feature", "properties": { "opt_id": 1404 }, "geometry": { "type": "Polygon", "coordinates": [ [ [ 185.833333333333314, -285.0 ], [ 185.833333333333314, -280.0 ], [ 180.81481481481481, -280.0 ], [ 180.81481481481481, -285.0 ], [ 185.833333333333314, -285.0 ] ] ] } },
{ "type": "Feature", "properties": { "opt_id": 1405 }, "geometry": { "type": "Polygon", "coordinates": [ [ [ 190.851851851851819, -285.0 ], [ 190.851851851851819, -280.0 ], [ 185.833333333333314, -280.0 ], [ 185.833333333333314, -285.0 ], [ 190.851851851851819, -285.0 ] ] ] } },
{ "type": "Feature", "properties": { "opt_id": 1406 }, "geometry": { "type": "Polygon", "coordinates": [ [ [ 195.870370370370352, -285.0 ], [ 195.870370370370352, -280.0 ], [ 190.851851851851848, -280.0 ], [ 190.851851851851848, -285.0 ], [ 195.870370370370352, -285.0 ] ] ] } },
{ "type": "Feature", "properties": { "opt_id": 1407 }, "geometry": { "type": "Polygon", "coordinates": [ [ [ 200.888888888888857, -285.0 ], [ 200.888888888888857, -280.0 ], [ 195.870370370370352, -280.0 ], [ 195.870370370370352, -285.0 ], [ 200.888888888888857, -285.0 ] ] ] } },
{ "type": "Feature", "properties": { "opt_id": 1408 }, "geometry": { "type": "Polygon", "coordinates": [ [ [ 205.907407407407362, -285.0 ], [ 205.907407407407362, -280.0 ], [ 200.888888888888857, -280.0 ], [ 200.888888888888857, -285.0 ], [ 205.907407407407362, -285.0 ] ] ] } },
{ "type": "Feature", "properties": { "opt_id": 1409 }, "geometry": { "type": "Polygon", "coordinates": [ [ [ 210.925925925925895, -285.0 ], [ 210.925925925925895, -280.0 ], [ 205.907407407407391, -280.0 ], [ 205.907407407407391, -285.0 ], [ 210.925925925925895, -285.0 ] ] ] } },
{ "type": "Feature", "properties": { "opt_id": 1410 }, "geometry": { "type": "Polygon", "coordinates": [ [ [ 215.9444444444444, -285.0 ], [ 215.9444444444444, -280.0 ], [ 210.925925925925895, -280.0 ], [ 210.925925925925895, -285.0 ], [ 215.9444444444444, -285.0 ] ] ] } },
{ "type": "Feature", "properties": { "opt_id": 1411 }, "geometry": { "type": "Polygon", "coordinates": [ [ [ 190.851851851851819, -295.0 ], [ 190.851851851851819, -290.0 ], [ 185.833333333333314, -290.0 ], [ 185.833333333333314, -295.0 ], [ 190.851851851851819, -295.0 ] ] ] } },
{ "type": "Feature", "properties": { "opt_id": 1412 }, "geometry": { "type": "Polygon", "coordinates": [ [ [ 195.870370370370352, -295.0 ], [ 195.870370370370352, -290.0 ], [ 190.851851851851848, -290.0 ], [ 190.851851851851848, -295.0 ], [ 195.870370370370352, -295.0 ] ] ] } },
{ "type": "Feature", "properties": { "opt_id": 1413 }, "geometry": { "type": "Polygon", "coordinates": [ [ [ 200.888888888888857, -295.0 ], [ 200.888888888888857, -290.0 ], [ 195.870370370370352, -290.0 ], [ 195.870370370370352, -295.0 ], [ 200.888888888888857, -295.0 ] ] ] } },
{ "type": "Feature", "properties": { "opt_id": 1414 }, "geometry": { "type": "Polygon", "coordinates": [ [ [ 190.851851851851819, -300.0 ], [ 190.851851851851819, -295.0 ], [ 185.833333333333314, -295.0 ], [ 185.833333333333314, -300.0 ], [ 190.851851851851819, -300.0 ] ] ] } },
{ "type": "Feature", "properties": { "opt_id": 1415 }, "geometry": { "type": "Polygon", "coordinates": [ [ [ 195.870370370370352, -300.0 ], [ 195.870370370370352, -295.0 ], [ 190.851851851851848, -295.0 ], [ 190.851851851851848, -300.0 ], [ 195.870370370370352, -300.0 ] ] ] } },
{ "type": "Feature", "properties": { "opt_id": 1416 }, "geometry": { "type": "Polygon", "coordinates": [ [ [ 200.888888888888857, -300.0 ], [ 200.888888888888857, -295.0 ], [ 195.870370370370352, -295.0 ], [ 195.870370370370352, -300.0 ], [ 200.888888888888857, -300.0 ] ] ] } },
{ "type": "Feature", "properties": { "opt_id": 1417 }, "geometry": { "type": "Polygon", "coordinates": [ [ [ 160.740740740740705, -305.0 ], [ 160.740740740740705, -300.0 ], [ 155.7222222222222, -300.0 ], [ 155.7222222222222, -305.0 ], [ 160.740740740740705, -305.0 ] ] ] } },
{ "type": "Feature", "properties": { "opt_id": 1418 }, "geometry": { "type": "Polygon", "coordinates": [ [ [ 165.759259259259238, -305.0 ], [ 165.759259259259238, -300.0 ], [ 160.740740740740733, -300.0 ], [ 160.740740740740733, -305.0 ], [ 165.759259259259238, -305.0 ] ] ] } },
{ "type": "Feature", "properties": { "opt_id": 1419 }, "geometry": { "type": "Polygon", "coordinates": [ [ [ 170.777777777777743, -305.0 ], [ 170.777777777777743, -300.0 ], [ 165.759259259259238, -300.0 ], [ 165.759259259259238, -305.0 ], [ 170.777777777777743, -305.0 ] ] ] } },
{ "type": "Feature", "properties": { "opt_id": 1420 }, "geometry": { "type": "Polygon", "coordinates": [ [ [ 190.851851851851819, -305.0 ], [ 190.851851851851819, -300.0 ], [ 185.833333333333314, -300.0 ], [ 185.833333333333314, -305.0 ], [ 190.851851851851819, -305.0 ] ] ] } },
{ "type": "Feature", "properties": { "opt_id": 1421 }, "geometry": { "type": "Polygon", "coordinates": [ [ [ 195.870370370370352, -305.0 ], [ 195.870370370370352, -300.0 ], [ 190.851851851851848, -300.0 ], [ 190.851851851851848, -305.0 ], [ 195.870370370370352, -305.0 ] ] ] } },
{ "type": "Feature", "properties": { "opt_id": 1422 }, "geometry": { "type": "Polygon", "coordinates": [ [ [ 200.888888888888857, -305.0 ], [ 200.888888888888857, -300.0 ], [ 195.870370370370352, -300.0 ], [ 195.870370370370352, -305.0 ], [ 200.888888888888857, -305.0 ] ] ] } },
{ "type": "Feature", "properties": { "opt_id": 1423 }, "geometry": { "type": "Polygon", "coordinates": [ [ [ 160.740740740740705, -310.0 ], [ 160.740740740740705, -305.0 ], [ 155.7222222222222, -305.0 ], [ 155.7222222222222, -310.0 ], [ 160.740740740740705, -310.0 ] ] ] } },
{ "type": "Feature", "properties": { "opt_id": 1424 }, "geometry": { "type": "Polygon", "coordinates": [ [ [ 165.759259259259238, -310.0 ], [ 165.759259259259238, -305.0 ], [ 160.740740740740733, -305.0 ], [ 160.740740740740733, -310.0 ], [ 165.759259259259238, -310.0 ] ] ] } },
{ "type": "Feature", "properties": { "opt_id": 1425 }, "geometry": { "type": "Polygon", "coordinates": [ [ [ 170.777777777777743, -310.0 ], [ 170.777777777777743, -305.0 ], [ 165.759259259259238, -305.0 ], [ 165.759259259259238, -310.0 ], [ 170.777777777777743, -310.0 ] ] ] } },
{ "type": "Feature", "properties": { "opt_id": 1426 }, "geometry": { "type": "Polygon", "coordinates": [ [ [ 190.851851851851819, -310.0 ], [ 190.851851851851819, -305.0 ], [ 185.833333333333314, -305.0 ], [ 185.833333333333314, -310.0 ], [ 190.851851851851819, -310.0 ] ] ] } },
{ "type": "Feature", "properties": { "opt_id": 1427 }, "geometry": { "type": "Polygon", "coordinates": [ [ [ 195.870370370370352, -310.0 ], [ 195.870370370370352, -305.0 ], [ 190.851851851851848, -305.0 ], [ 190.851851851851848, -310.0 ], [ 195.870370370370352, -310.0 ] ] ] } },
{ "type": "Feature", "properties": { "opt_id": 1428 }, "geometry": { "type": "Polygon", "coordinates": [ [ [ 200.888888888888857, -310.0 ], [ 200.888888888888857, -305.0 ], [ 195.870370370370352, -305.0 ], [ 195.870370370370352, -310.0 ], [ 200.888888888888857, -310.0 ] ] ] } },
{ "type": "Feature", "properties": { "opt_id": 1429 }, "geometry": { "type": "Polygon", "coordinates": [ [ [ 160.740740740740705, -315.0 ], [ 160.740740740740705, -310.0 ], [ 155.7222222222222, -310.0 ], [ 155.7222222222222, -315.0 ], [ 160.740740740740705, -315.0 ] ] ] } },
{ "type": "Feature", "properties": { "opt_id": 1430 }, "geometry": { "type": "Polygon", "coordinates": [ [ [ 165.759259259259238, -315.0 ], [ 165.759259259259238, -310.0 ], [ 160.740740740740733, -310.0 ], [ 160.740740740740733, -315.0 ], [ 165.759259259259238, -315.0 ] ] ] } },
{ "type": "Feature", "properties": { "opt_id": 1431 }, "geometry": { "type": "Polygon", "coordinates": [ [ [ 170.777777777777743, -315.0 ], [ 170.777777777777743, -310.0 ], [ 165.759259259259238, -310.0 ], [ 165.759259259259238, -315.0 ], [ 170.777777777777743, -315.0 ] ] ] } },
{ "type": "Feature", "properties": { "opt_id": 1432 }, "geometry": { "type": "Polygon", "coordinates": [ [ [ 190.851851851851819, -315.0 ], [ 190.851851851851819, -310.0 ], [ 185.833333333333314, -310.0 ], [ 185.833333333333314, -315.0 ], [ 190.851851851851819, -315.0 ] ] ] } },
{ "type": "Feature", "properties": { "opt_id": 1433 }, "geometry": { "type": "Polygon", "coordinates": [ [ [ 195.870370370370352, -315.0 ], [ 195.870370370370352, -310.0 ], [ 190.851851851851848, -310.0 ], [ 190.851851851851848, -315.0 ], [ 195.870370370370352, -315.0 ] ] ] } },
{ "type": "Feature", "properties": { "opt_id": 1434 }, "geometry": { "type": "Polygon", "coordinates": [ [ [ 200.888888888888857, -315.0 ], [ 200.888888888888857, -310.0 ], [ 195.870370370370352, -310.0 ], [ 195.870370370370352, -315.0 ], [ 200.888888888888857, -315.0 ] ] ] } },
{ "type": "Feature", "properties": { "opt_id": 1435 }, "geometry": { "type": "Polygon", "coordinates": [ [ [ 160.740740740740705, -320.0 ], [ 160.740740740740705, -315.0 ], [ 155.7222222222222, -315.0 ], [ 155.7222222222222, -320.0 ], [ 160.740740740740705, -320.0 ] ] ] } },
{ "type": "Feature", "properties": { "opt_id": 1436 }, "geometry": { "type": "Polygon", "coordinates": [ [ [ 165.759259259259238, -320.0 ], [ 165.759259259259238, -315.0 ], [ 160.740740740740733, -315.0 ], [ 160.740740740740733, -320.0 ], [ 165.759259259259238, -320.0 ] ] ] } },
{ "type": "Feature", "properties": { "opt_id": 1437 }, "geometry": { "type": "Polygon", "coordinates": [ [ [ 170.777777777777743, -320.0 ], [ 170.777777777777743, -315.0 ], [ 165.759259259259238, -315.0 ], [ 165.759259259259238, -320.0 ], [ 170.777777777777743, -320.0 ] ] ] } },
{ "type": "Feature", "properties": { "opt_id": 1438 }, "geometry": { "type": "Polygon", "coordinates": [ [ [ 190.851851851851819, -320.0 ], [ 190.851851851851819, -315.0 ], [ 185.833333333333314, -315.0 ], [ 185.833333333333314, -320.0 ], [ 190.851851851851819, -320.0 ] ] ] } },
{ "type": "Feature", "properties": { "opt_id": 1439 }, "geometry": { "type": "Polygon", "coordinates": [ [ [ 195.870370370370352, -320.0 ], [ 195.870370370370352, -315.0 ], [ 190.851851851851848, -315.0 ], [ 190.851851851851848, -320.0 ], [ 195.870370370370352, -320.0 ] ] ] } },
{ "type": "Feature", "properties": { "opt_id": 1440 }, "geometry": { "type": "Polygon", "coordinates": [ [ [ 200.888888888888857, -320.0 ], [ 200.888888888888857, -315.0 ], [ 195.870370370370352, -315.0 ], [ 195.870370370370352, -320.0 ], [ 200.888888888888857, -320.0 ] ] ] } },
{ "type": "Feature", "properties": { "opt_id": 1441 }, "geometry": { "type": "Polygon", "coordinates": [ [ [ 160.740740740740705, -325.0 ], [ 160.740740740740705, -320.0 ], [ 155.7222222222222, -320.0 ], [ 155.7222222222222, -325.0 ], [ 160.740740740740705, -325.0 ] ] ] } },
{ "type": "Feature", "properties": { "opt_id": 1442 }, "geometry": { "type": "Polygon", "coordinates": [ [ [ 165.759259259259238, -325.0 ], [ 165.759259259259238, -320.0 ], [ 160.740740740740733, -320.0 ], [ 160.740740740740733, -325.0 ], [ 165.759259259259238, -325.0 ] ] ] } },
{ "type": "Feature", "properties": { "opt_id": 1443 }, "geometry": { "type": "Polygon", "coordinates": [ [ [ 170.777777777777743, -325.0 ], [ 170.777777777777743, -320.0 ], [ 165.759259259259238, -320.0 ], [ 165.759259259259238, -325.0 ], [ 170.777777777777743, -325.0 ] ] ] } },
{ "type": "Feature", "properties": { "opt_id": 1444 }, "geometry": { "type": "Polygon", "coordinates": [ [ [ 160.740740740740705, -330.0 ], [ 160.740740740740705, -325.0 ], [ 155.7222222222222, -325.0 ], [ 155.7222222222222, -330.0 ], [ 160.740740740740705, -330.0 ] ] ] } },
{ "type": "Feature", "properties": { "opt_id": 1445 }, "geometry": { "type": "Polygon", "coordinates": [ [ [ 165.759259259259238, -330.0 ], [ 165.759259259259238, -325.0 ], [ 160.740740740740733, -325.0 ], [ 160.740740740740733, -330.0 ], [ 165.759259259259238, -330.0 ] ] ] } },
{ "type": "Feature", "properties": { "opt_id": 1446 }, "geometry": { "type": "Polygon", "coordinates": [ [ [ 170.777777777777743, -330.0 ], [ 170.777777777777743, -325.0 ], [ 165.759259259259238, -325.0 ], [ 165.759259259259238, -330.0 ], [ 170.777777777777743, -330.0 ] ] ] } },
{ "type": "Feature", "properties": { "opt_id": 1447 }, "geometry": { "type": "Polygon", "coordinates": [ [ [ 160.740740740740705, -335.0 ], [ 160.740740740740705, -330.0 ], [ 155.7222222222222, -330.0 ], [ 155.7222222222222, -335.0 ], [ 160.740740740740705, -335.0 ] ] ] } },
{ "type": "Feature", "properties": { "opt_id": 1448 }, "geometry": { "type": "Polygon", "coordinates": [ [ [ 165.759259259259238, -335.0 ], [ 165.759259259259238, -330.0 ], [ 160.740740740740733, -330.0 ], [ 160.740740740740733, -335.0 ], [ 165.759259259259238, -335.0 ] ] ] } },
{ "type": "Feature", "properties": { "opt_id": 1449 }, "geometry": { "type": "Polygon", "coordinates": [ [ [ 170.777777777777743, -335.0 ], [ 170.777777777777743, -330.0 ], [ 165.759259259259238, -330.0 ], [ 165.759259259259238, -335.0 ], [ 170.777777777777743, -335.0 ] ] ] } },
{ "type": "Feature", "properties": { "opt_id": 1450 }, "geometry": { "type": "Polygon", "coordinates": [ [ [ 160.740740740740705, -340.0 ], [ 160.740740740740705, -335.0 ], [ 155.7222222222222, -335.0 ], [ 155.7222222222222, -340.0 ], [ 160.740740740740705, -340.0 ] ] ] } },
{ "type": "Feature", "properties": { "opt_id": 1451 }, "geometry": { "type": "Polygon", "coordinates": [ [ [ 165.759259259259238, -340.0 ], [ 165.759259259259238, -335.0 ], [ 160.740740740740733, -335.0 ], [ 160.740740740740733, -340.0 ], [ 165.759259259259238, -340.0 ] ] ] } },
{ "type": "Feature", "properties": { "opt_id": 1452 }, "geometry": { "type": "Polygon", "coordinates": [ [ [ 170.777777777777743, -340.0 ], [ 170.777777777777743, -335.0 ], [ 165.759259259259238, -335.0 ], [ 165.759259259259238, -340.0 ], [ 170.777777777777743, -340.0 ] ] ] } },
{ "type": "Feature", "properties": { "opt_id": 1453 }, "geometry": { "type": "Polygon", "coordinates": [ [ [ 160.740740740740705, -345.0 ], [ 160.740740740740705, -340.0 ], [ 155.7222222222222, -340.0 ], [ 155.7222222222222, -345.0 ], [ 160.740740740740705, -345.0 ] ] ] } },
{ "type": "Feature", "properties": { "opt_id": 1454 }, "geometry": { "type": "Polygon", "coordinates": [ [ [ 165.759259259259238, -345.0 ], [ 165.759259259259238, -340.0 ], [ 160.740740740740733, -340.0 ], [ 160.740740740740733, -345.0 ], [ 165.759259259259238, -345.0 ] ] ] } },
{ "type": "Feature", "properties": { "opt_id": 1455 }, "geometry": { "type": "Polygon", "coordinates": [ [ [ 170.777777777777743, -345.0 ], [ 170.777777777777743, -340.0 ], [ 165.759259259259238, -340.0 ], [ 165.759259259259238, -345.0 ], [ 170.777777777777743, -345.0 ] ] ] } },
{ "type": "Feature", "properties": { "opt_id": 1456 }, "geometry": { "type": "Polygon", "coordinates": [ [ [ 160.740740740740705, -350.0 ], [ 160.740740740740705, -345.0 ], [ 155.7222222222222, -345.0 ], [ 155.7222222222222, -350.0 ], [ 160.740740740740705, -350.0 ] ] ] } },
{ "type": "Feature", "properties": { "opt_id": 1457 }, "geometry": { "type": "Polygon", "coordinates": [ [ [ 165.759259259259238, -350.0 ], [ 165.759259259259238, -345.0 ], [ 160.740740740740733, -345.0 ], [ 160.740740740740733, -350.0 ], [ 165.759259259259238, -350.0 ] ] ] } },
{ "type": "Feature", "properties": { "opt_id": 1458 }, "geometry": { "type": "Polygon", "coordinates": [ [ [ 170.777777777777743, -350.0 ], [ 170.777777777777743, -345.0 ], [ 165.759259259259238, -345.0 ], [ 165.759259259259238, -350.0 ], [ 170.777777777777743, -350.0 ] ] ] } },
{ "type": "Feature", "properties": { "opt_id": 1459 }, "geometry": { "type": "Polygon", "coordinates": [ [ [ 185.833333333333314, -350.0 ], [ 185.833333333333314, -345.0 ], [ 180.81481481481481, -345.0 ], [ 180.81481481481481, -350.0 ], [ 185.833333333333314, -350.0 ] ] ] } },
{ "type": "Feature", "properties": { "opt_id": 1460 }, "geometry": { "type": "Polygon", "coordinates": [ [ [ 190.851851851851819, -350.0 ], [ 190.851851851851819, -345.0 ], [ 185.833333333333314, -345.0 ], [ 185.833333333333314, -350.0 ], [ 190.851851851851819, -350.0 ] ] ] } },
{ "type": "Feature", "properties": { "opt_id": 1461 }, "geometry": { "type": "Polygon", "coordinates": [ [ [ 195.870370370370352, -350.0 ], [ 195.870370370370352, -345.0 ], [ 190.851851851851848, -345.0 ], [ 190.851851851851848, -350.0 ], [ 195.870370370370352, -350.0 ] ] ] } },
{ "type": "Feature", "properties": { "opt_id": 1462 }, "geometry": { "type": "Polygon", "coordinates": [ [ [ 200.888888888888857, -350.0 ], [ 200.888888888888857, -345.0 ], [ 195.870370370370352, -345.0 ], [ 195.870370370370352, -350.0 ], [ 200.888888888888857, -350.0 ] ] ] } },
{ "type": "Feature", "properties": { "opt_id": 1463 }, "geometry": { "type": "Polygon", "coordinates": [ [ [ 145.685185185185162, -355.0 ], [ 145.685185185185162, -350.0 ], [ 140.666666666666657, -350.0 ], [ 140.666666666666657, -355.0 ], [ 145.685185185185162, -355.0 ] ] ] } },
{ "type": "Feature", "properties": { "opt_id": 1464 }, "geometry": { "type": "Polygon", "coordinates": [ [ [ 150.703703703703667, -355.0 ], [ 150.703703703703667, -350.0 ], [ 145.685185185185162, -350.0 ], [ 145.685185185185162, -355.0 ], [ 150.703703703703667, -355.0 ] ] ] } },
{ "type": "Feature", "properties": { "opt_id": 1465 }, "geometry": { "type": "Polygon", "coordinates": [ [ [ 155.7222222222222, -355.0 ], [ 155.7222222222222, -350.0 ], [ 150.703703703703695, -350.0 ], [ 150.703703703703695, -355.0 ], [ 155.7222222222222, -355.0 ] ] ] } },
{ "type": "Feature", "properties": { "opt_id": 1466 }, "geometry": { "type": "Polygon", "coordinates": [ [ [ 160.740740740740705, -355.0 ], [ 160.740740740740705, -350.0 ], [ 155.7222222222222, -350.0 ], [ 155.7222222222222, -355.0 ], [ 160.740740740740705, -355.0 ] ] ] } },
{ "type": "Feature", "properties": { "opt_id": 1467 }, "geometry": { "type": "Polygon", "coordinates": [ [ [ 165.759259259259238, -355.0 ], [ 165.759259259259238, -350.0 ], [ 160.740740740740733, -350.0 ], [ 160.740740740740733, -355.0 ], [ 165.759259259259238, -355.0 ] ] ] } },
{ "type": "Feature", "properties": { "opt_id": 1468 }, "geometry": { "type": "Polygon", "coordinates": [ [ [ 170.777777777777743, -355.0 ], [ 170.777777777777743, -350.0 ], [ 165.759259259259238, -350.0 ], [ 165.759259259259238, -355.0 ], [ 170.777777777777743, -355.0 ] ] ] } },
{ "type": "Feature", "properties": { "opt_id": 1469 }, "geometry": { "type": "Polygon", "coordinates": [ [ [ 175.796296296296276, -355.0 ], [ 175.796296296296276, -350.0 ], [ 170.777777777777771, -350.0 ], [ 170.777777777777771, -355.0 ], [ 175.796296296296276, -355.0 ] ] ] } },
{ "type": "Feature", "properties": { "opt_id": 1470 }, "geometry": { "type": "Polygon", "coordinates": [ [ [ 180.814814814814781, -355.0 ], [ 180.814814814814781, -350.0 ], [ 175.796296296296276, -350.0 ], [ 175.796296296296276, -355.0 ], [ 180.814814814814781, -355.0 ] ] ] } },
{ "type": "Feature", "properties": { "opt_id": 1471 }, "geometry": { "type": "Polygon", "coordinates": [ [ [ 185.833333333333314, -355.0 ], [ 185.833333333333314, -350.0 ], [ 180.81481481481481, -350.0 ], [ 180.81481481481481, -355.0 ], [ 185.833333333333314, -355.0 ] ] ] } },
{ "type": "Feature", "properties": { "opt_id": 1472 }, "geometry": { "type": "Polygon", "coordinates": [ [ [ 190.851851851851819, -355.0 ], [ 190.851851851851819, -350.0 ], [ 185.833333333333314, -350.0 ], [ 185.833333333333314, -355.0 ], [ 190.851851851851819, -355.0 ] ] ] } },
{ "type": "Feature", "properties": { "opt_id": 1473 }, "geometry": { "type": "Polygon", "coordinates": [ [ [ 195.870370370370352, -355.0 ], [ 195.870370370370352, -350.0 ], [ 190.851851851851848, -350.0 ], [ 190.851851851851848, -355.0 ], [ 195.870370370370352, -355.0 ] ] ] } },
{ "type": "Feature", "properties": { "opt_id": 1474 }, "geometry": { "type": "Polygon", "coordinates": [ [ [ 200.888888888888857, -355.0 ], [ 200.888888888888857, -350.0 ], [ 195.870370370370352, -350.0 ], [ 195.870370370370352, -355.0 ], [ 200.888888888888857, -355.0 ] ] ] } },
{ "type": "Feature", "properties": { "opt_id": 1475 }, "geometry": { "type": "Polygon", "coordinates": [ [ [ 205.907407407407362, -355.0 ], [ 205.907407407407362, -350.0 ], [ 200.888888888888857, -350.0 ], [ 200.888888888888857, -355.0 ], [ 205.907407407407362, -355.0 ] ] ] } },
{ "type": "Feature", "properties": { "opt_id": 1476 }, "geometry": { "type": "Polygon", "coordinates": [ [ [ 210.925925925925895, -355.0 ], [ 210.925925925925895, -350.0 ], [ 205.907407407407391, -350.0 ], [ 205.907407407407391, -355.0 ], [ 210.925925925925895, -355.0 ] ] ] } },
{ "type": "Feature", "properties": { "opt_id": 1477 }, "geometry": { "type": "Polygon", "coordinates": [ [ [ 105.537037037037024, -390.0 ], [ 105.537037037037024, -385.0 ], [ 100.518518518518505, -385.0 ], [ 100.518518518518505, -390.0 ], [ 105.537037037037024, -390.0 ] ] ] } },
{ "type": "Feature", "properties": { "opt_id": 1478 }, "geometry": { "type": "Polygon", "coordinates": [ [ [ 110.555555555555557, -390.0 ], [ 110.555555555555557, -385.0 ], [ 105.537037037037038, -385.0 ], [ 105.537037037037038, -390.0 ], [ 110.555555555555557, -390.0 ] ] ] } },
{ "type": "Feature", "properties": { "opt_id": 1479 }, "geometry": { "type": "Polygon", "coordinates": [ [ [ 115.574074074074062, -390.0 ], [ 115.574074074074062, -385.0 ], [ 110.555555555555543, -385.0 ], [ 110.555555555555543, -390.0 ], [ 115.574074074074062, -390.0 ] ] ] } },
{ "type": "Feature", "properties": { "opt_id": 1480 }, "geometry": { "type": "Polygon", "coordinates": [ [ [ 120.592592592592595, -390.0 ], [ 120.592592592592595, -385.0 ], [ 115.574074074074076, -385.0 ], [ 115.574074074074076, -390.0 ], [ 120.592592592592595, -390.0 ] ] ] } },
{ "type": "Feature", "properties": { "opt_id": 1481 }, "geometry": { "type": "Polygon", "coordinates": [ [ [ 125.6111111111111, -390.0 ], [ 125.6111111111111, -385.0 ], [ 120.592592592592581, -385.0 ], [ 120.592592592592581, -390.0 ], [ 125.6111111111111, -390.0 ] ] ] } },
{ "type": "Feature", "properties": { "opt_id": 1482 }, "geometry": { "type": "Polygon", "coordinates": [ [ [ 130.629629629629591, -390.0 ], [ 130.629629629629591, -385.0 ], [ 125.611111111111086, -385.0 ], [ 125.611111111111086, -390.0 ], [ 130.629629629629591, -390.0 ] ] ] } },
{ "type": "Feature", "properties": { "opt_id": 1483 }, "geometry": { "type": "Polygon", "coordinates": [ [ [ 135.648148148148124, -390.0 ], [ 135.648148148148124, -385.0 ], [ 130.629629629629619, -385.0 ], [ 130.629629629629619, -390.0 ], [ 135.648148148148124, -390.0 ] ] ] } },
{ "type": "Feature", "properties": { "opt_id": 1484 }, "geometry": { "type": "Polygon", "coordinates": [ [ [ 140.666666666666629, -390.0 ], [ 140.666666666666629, -385.0 ], [ 135.648148148148124, -385.0 ], [ 135.648148148148124, -390.0 ], [ 140.666666666666629, -390.0 ] ] ] } },
{ "type": "Feature", "properties": { "opt_id": 1485 }, "geometry": { "type": "Polygon", "coordinates": [ [ [ 145.685185185185162, -390.0 ], [ 145.685185185185162, -385.0 ], [ 140.666666666666657, -385.0 ], [ 140.666666666666657, -390.0 ], [ 145.685185185185162, -390.0 ] ] ] } },
{ "type": "Feature", "properties": { "opt_id": 1486 }, "geometry": { "type": "Polygon", "coordinates": [ [ [ 150.703703703703667, -390.0 ], [ 150.703703703703667, -385.0 ], [ 145.685185185185162, -385.0 ], [ 145.685185185185162, -390.0 ], [ 150.703703703703667, -390.0 ] ] ] } },
{ "type": "Feature", "properties": { "opt_id": 1487 }, "geometry": { "type": "Polygon", "coordinates": [ [ [ 155.7222222222222, -390.0 ], [ 155.7222222222222, -385.0 ], [ 150.703703703703695, -385.0 ], [ 150.703703703703695, -390.0 ], [ 155.7222222222222, -390.0 ] ] ] } },
{ "type": "Feature", "properties": { "opt_id": 1488 }, "geometry": { "type": "Polygon", "coordinates": [ [ [ 160.740740740740705, -390.0 ], [ 160.740740740740705, -385.0 ], [ 155.7222222222222, -385.0 ], [ 155.7222222222222, -390.0 ], [ 160.740740740740705, -390.0 ] ] ] } },
{ "type": "Feature", "properties": { "opt_id": 1489 }, "geometry": { "type": "Polygon", "coordinates": [ [ [ 165.759259259259238, -390.0 ], [ 165.759259259259238, -385.0 ], [ 160.740740740740733, -385.0 ], [ 160.740740740740733, -390.0 ], [ 165.759259259259238, -390.0 ] ] ] } },
{ "type": "Feature", "properties": { "opt_id": 1490 }, "geometry": { "type": "Polygon", "coordinates": [ [ [ 170.777777777777743, -390.0 ], [ 170.777777777777743, -385.0 ], [ 165.759259259259238, -385.0 ], [ 165.759259259259238, -390.0 ], [ 170.777777777777743, -390.0 ] ] ] } },
{ "type": "Feature", "properties": { "opt_id": 1491 }, "geometry": { "type": "Polygon", "coordinates": [ [ [ 175.796296296296276, -390.0 ], [ 175.796296296296276, -385.0 ], [ 170.777777777777771, -385.0 ], [ 170.777777777777771, -390.0 ], [ 175.796296296296276, -390.0 ] ] ] } },
{ "type": "Feature", "properties": { "opt_id": 1492 }, "geometry": { "type": "Polygon", "coordinates": [ [ [ 180.814814814814781, -390.0 ], [ 180.814814814814781, -385.0 ], [ 175.796296296296276, -385.0 ], [ 175.796296296296276, -390.0 ], [ 180.814814814814781, -390.0 ] ] ] } },
{ "type": "Feature", "properties": { "opt_id": 1493 }, "geometry": { "type": "Polygon", "coordinates": [ [ [ 185.833333333333314, -390.0 ], [ 185.833333333333314, -385.0 ], [ 180.81481481481481, -385.0 ], [ 180.81481481481481, -390.0 ], [ 185.833333333333314, -390.0 ] ] ] } },
{ "type": "Feature", "properties": { "opt_id": 1494 }, "geometry": { "type": "Polygon", "coordinates": [ [ [ 190.851851851851819, -390.0 ], [ 190.851851851851819, -385.0 ], [ 185.833333333333314, -385.0 ], [ 185.833333333333314, -390.0 ], [ 190.851851851851819, -390.0 ] ] ] } },
{ "type": "Feature", "properties": { "opt_id": 1495 }, "geometry": { "type": "Polygon", "coordinates": [ [ [ 195.870370370370352, -390.0 ], [ 195.870370370370352, -385.0 ], [ 190.851851851851848, -385.0 ], [ 190.851851851851848, -390.0 ], [ 195.870370370370352, -390.0 ] ] ] } },
{ "type": "Feature", "properties": { "opt_id": 1496 }, "geometry": { "type": "Polygon", "coordinates": [ [ [ 200.888888888888857, -390.0 ], [ 200.888888888888857, -385.0 ], [ 195.870370370370352, -385.0 ], [ 195.870370370370352, -390.0 ], [ 200.888888888888857, -390.0 ] ] ] } },
{ "type": "Feature", "properties": { "opt_id": 1497 }, "geometry": { "type": "Polygon", "coordinates": [ [ [ 205.907407407407362, -390.0 ], [ 205.907407407407362, -385.0 ], [ 200.888888888888857, -385.0 ], [ 200.888888888888857, -390.0 ], [ 205.907407407407362, -390.0 ] ] ] } },
{ "type": "Feature", "properties": { "opt_id": 1498 }, "geometry": { "type": "Polygon", "coordinates": [ [ [ 210.925925925925895, -390.0 ], [ 210.925925925925895, -385.0 ], [ 205.907407407407391, -385.0 ], [ 205.907407407407391, -390.0 ], [ 210.925925925925895, -390.0 ] ] ] } },
{ "type": "Feature", "properties": { "opt_id": 1499 }, "geometry": { "type": "Polygon", "coordinates": [ [ [ 105.537037037037024, -395.0 ], [ 105.537037037037024, -390.0 ], [ 100.518518518518505, -390.0 ], [ 100.518518518518505, -395.0 ], [ 105.537037037037024, -395.0 ] ] ] } },
{ "type": "Feature", "properties": { "opt_id": 1500 }, "geometry": { "type": "Polygon", "coordinates": [ [ [ 110.555555555555557, -395.0 ], [ 110.555555555555557, -390.0 ], [ 105.537037037037038, -390.0 ], [ 105.537037037037038, -395.0 ], [ 110.555555555555557, -395.0 ] ] ] } },
{ "type": "Feature", "properties": { "opt_id": 1501 }, "geometry": { "type": "Polygon", "coordinates": [ [ [ 115.574074074074062, -395.0 ], [ 115.574074074074062, -390.0 ], [ 110.555555555555543, -390.0 ], [ 110.555555555555543, -395.0 ], [ 115.574074074074062, -395.0 ] ] ] } },
{ "type": "Feature", "properties": { "opt_id": 1502 }, "geometry": { "type": "Polygon", "coordinates": [ [ [ 120.592592592592595, -395.0 ], [ 120.592592592592595, -390.0 ], [ 115.574074074074076, -390.0 ], [ 115.574074074074076, -395.0 ], [ 120.592592592592595, -395.0 ] ] ] } },
{ "type": "Feature", "properties": { "opt_id": 1503 }, "geometry": { "type": "Polygon", "coordinates": [ [ [ 125.6111111111111, -395.0 ], [ 125.6111111111111, -390.0 ], [ 120.592592592592581, -390.0 ], [ 120.592592592592581, -395.0 ], [ 125.6111111111111, -395.0 ] ] ] } },
{ "type": "Feature", "properties": { "opt_id": 1504 }, "geometry": { "type": "Polygon", "coordinates": [ [ [ 130.629629629629591, -395.0 ], [ 130.629629629629591, -390.0 ], [ 125.611111111111086, -390.0 ], [ 125.611111111111086, -395.0 ], [ 130.629629629629591, -395.0 ] ] ] } },
{ "type": "Feature", "properties": { "opt_id": 1505 }, "geometry": { "type": "Polygon", "coordinates": [ [ [ 135.648148148148124, -395.0 ], [ 135.648148148148124, -390.0 ], [ 130.629629629629619, -390.0 ], [ 130.629629629629619, -395.0 ], [ 135.648148148148124, -395.0 ] ] ] } },
{ "type": "Feature", "properties": { "opt_id": 1506 }, "geometry": { "type": "Polygon", "coordinates": [ [ [ 140.666666666666629, -395.0 ], [ 140.666666666666629, -390.0 ], [ 135.648148148148124, -390.0 ], [ 135.648148148148124, -395.0 ], [ 140.666666666666629, -395.0 ] ] ] } },
{ "type": "Feature", "properties": { "opt_id": 1507 }, "geometry": { "type": "Polygon", "coordinates": [ [ [ 145.685185185185162, -395.0 ], [ 145.685185185185162, -390.0 ], [ 140.666666666666657, -390.0 ], [ 140.666666666666657, -395.0 ], [ 145.685185185185162, -395.0 ] ] ] } },
{ "type": "Feature", "properties": { "opt_id": 1508 }, "geometry": { "type": "Polygon", "coordinates": [ [ [ 150.703703703703667, -395.0 ], [ 150.703703703703667, -390.0 ], [ 145.685185185185162, -390.0 ], [ 145.685185185185162, -395.0 ], [ 150.703703703703667, -395.0 ] ] ] } },
{ "type": "Feature", "properties": { "opt_id": 1509 }, "geometry": { "type": "Polygon", "coordinates": [ [ [ 155.7222222222222, -395.0 ], [ 155.7222222222222, -390.0 ], [ 150.703703703703695, -390.0 ], [ 150.703703703703695, -395.0 ], [ 155.7222222222222, -395.0 ] ] ] } },
{ "type": "Feature", "properties": { "opt_id": 1510 }, "geometry": { "type": "Polygon", "coordinates": [ [ [ 160.740740740740705, -395.0 ], [ 160.740740740740705, -390.0 ], [ 155.7222222222222, -390.0 ], [ 155.7222222222222, -395.0 ], [ 160.740740740740705, -395.0 ] ] ] } },
{ "type": "Feature", "properties": { "opt_id": 1511 }, "geometry": { "type": "Polygon", "coordinates": [ [ [ 165.759259259259238, -395.0 ], [ 165.759259259259238, -390.0 ], [ 160.740740740740733, -390.0 ], [ 160.740740740740733, -395.0 ], [ 165.759259259259238, -395.0 ] ] ] } },
{ "type": "Feature", "properties": { "opt_id": 1512 }, "geometry": { "type": "Polygon", "coordinates": [ [ [ 170.777777777777743, -395.0 ], [ 170.777777777777743, -390.0 ], [ 165.759259259259238, -390.0 ], [ 165.759259259259238, -395.0 ], [ 170.777777777777743, -395.0 ] ] ] } },
{ "type": "Feature", "properties": { "opt_id": 1513 }, "geometry": { "type": "Polygon", "coordinates": [ [ [ 175.796296296296276, -395.0 ], [ 175.796296296296276, -390.0 ], [ 170.777777777777771, -390.0 ], [ 170.777777777777771, -395.0 ], [ 175.796296296296276, -395.0 ] ] ] } },
{ "type": "Feature", "properties": { "opt_id": 1514 }, "geometry": { "type": "Polygon", "coordinates": [ [ [ 180.814814814814781, -395.0 ], [ 180.814814814814781, -390.0 ], [ 175.796296296296276, -390.0 ], [ 175.796296296296276, -395.0 ], [ 180.814814814814781, -395.0 ] ] ] } },
{ "type": "Feature", "properties": { "opt_id": 1515 }, "geometry": { "type": "Polygon", "coordinates": [ [ [ 185.833333333333314, -395.0 ], [ 185.833333333333314, -390.0 ], [ 180.81481481481481, -390.0 ], [ 180.81481481481481, -395.0 ], [ 185.833333333333314, -395.0 ] ] ] } },
{ "type": "Feature", "properties": { "opt_id": 1516 }, "geometry": { "type": "Polygon", "coordinates": [ [ [ 190.851851851851819, -395.0 ], [ 190.851851851851819, -390.0 ], [ 185.833333333333314, -390.0 ], [ 185.833333333333314, -395.0 ], [ 190.851851851851819, -395.0 ] ] ] } },
{ "type": "Feature", "properties": { "opt_id": 1517 }, "geometry": { "type": "Polygon", "coordinates": [ [ [ 195.870370370370352, -395.0 ], [ 195.870370370370352, -390.0 ], [ 190.851851851851848, -390.0 ], [ 190.851851851851848, -395.0 ], [ 195.870370370370352, -395.0 ] ] ] } },
{ "type": "Feature", "properties": { "opt_id": 1518 }, "geometry": { "type": "Polygon", "coordinates": [ [ [ 200.888888888888857, -395.0 ], [ 200.888888888888857, -390.0 ], [ 195.870370370370352, -390.0 ], [ 195.870370370370352, -395.0 ], [ 200.888888888888857, -395.0 ] ] ] } },
{ "type": "Feature", "properties": { "opt_id": 1519 }, "geometry": { "type": "Polygon", "coordinates": [ [ [ 205.907407407407362, -395.0 ], [ 205.907407407407362, -390.0 ], [ 200.888888888888857, -390.0 ], [ 200.888888888888857, -395.0 ], [ 205.907407407407362, -395.0 ] ] ] } },
{ "type": "Feature", "properties": { "opt_id": 1520 }, "geometry": { "type": "Polygon", "coordinates": [ [ [ 210.925925925925895, -395.0 ], [ 210.925925925925895, -390.0 ], [ 205.907407407407391, -390.0 ], [ 205.907407407407391, -395.0 ], [ 210.925925925925895, -395.0 ] ] ] } },
{ "type": "Feature", "properties": { "opt_id": 1521 }, "geometry": { "type": "Polygon", "coordinates": [ [ [ 105.537037037037024, -400.0 ], [ 105.537037037037024, -395.0 ], [ 100.518518518518505, -395.0 ], [ 100.518518518518505, -400.0 ], [ 105.537037037037024, -400.0 ] ] ] } },
{ "type": "Feature", "properties": { "opt_id": 1522 }, "geometry": { "type": "Polygon", "coordinates": [ [ [ 110.555555555555557, -400.0 ], [ 110.555555555555557, -395.0 ], [ 105.537037037037038, -395.0 ], [ 105.537037037037038, -400.0 ], [ 110.555555555555557, -400.0 ] ] ] } },
{ "type": "Feature", "properties": { "opt_id": 1523 }, "geometry": { "type": "Polygon", "coordinates": [ [ [ 115.574074074074062, -400.0 ], [ 115.574074074074062, -395.0 ], [ 110.555555555555543, -395.0 ], [ 110.555555555555543, -400.0 ], [ 115.574074074074062, -400.0 ] ] ] } },
{ "type": "Feature", "properties": { "opt_id": 1524 }, "geometry": { "type": "Polygon", "coordinates": [ [ [ 120.592592592592595, -400.0 ], [ 120.592592592592595, -395.0 ], [ 115.574074074074076, -395.0 ], [ 115.574074074074076, -400.0 ], [ 120.592592592592595, -400.0 ] ] ] } },
{ "type": "Feature", "properties": { "opt_id": 1525 }, "geometry": { "type": "Polygon", "coordinates": [ [ [ 125.6111111111111, -400.0 ], [ 125.6111111111111, -395.0 ], [ 120.592592592592581, -395.0 ], [ 120.592592592592581, -400.0 ], [ 125.6111111111111, -400.0 ] ] ] } },
{ "type": "Feature", "properties": { "opt_id": 1526 }, "geometry": { "type": "Polygon", "coordinates": [ [ [ 130.629629629629591, -400.0 ], [ 130.629629629629591, -395.0 ], [ 125.611111111111086, -395.0 ], [ 125.611111111111086, -400.0 ], [ 130.629629629629591, -400.0 ] ] ] } },
{ "type": "Feature", "properties": { "opt_id": 1527 }, "geometry": { "type": "Polygon", "coordinates": [ [ [ 135.648148148148124, -400.0 ], [ 135.648148148148124, -395.0 ], [ 130.629629629629619, -395.0 ], [ 130.629629629629619, -400.0 ], [ 135.648148148148124, -400.0 ] ] ] } },
{ "type": "Feature", "properties": { "opt_id": 1528 }, "geometry": { "type": "Polygon", "coordinates": [ [ [ 140.666666666666629, -400.0 ], [ 140.666666666666629, -395.0 ], [ 135.648148148148124, -395.0 ], [ 135.648148148148124, -400.0 ], [ 140.666666666666629, -400.0 ] ] ] } },
{ "type": "Feature", "properties": { "opt_id": 1529 }, "geometry": { "type": "Polygon", "coordinates": [ [ [ 145.685185185185162, -400.0 ], [ 145.685185185185162, -395.0 ], [ 140.666666666666657, -395.0 ], [ 140.666666666666657, -400.0 ], [ 145.685185185185162, -400.0 ] ] ] } },
{ "type": "Feature", "properties": { "opt_id": 1530 }, "geometry": { "type": "Polygon", "coordinates": [ [ [ 150.703703703703667, -400.0 ], [ 150.703703703703667, -395.0 ], [ 145.685185185185162, -395.0 ], [ 145.685185185185162, -400.0 ], [ 150.703703703703667, -400.0 ] ] ] } },
{ "type": "Feature", "properties": { "opt_id": 1531 }, "geometry": { "type": "Polygon", "coordinates": [ [ [ 155.7222222222222, -400.0 ], [ 155.7222222222222, -395.0 ], [ 150.703703703703695, -395.0 ], [ 150.703703703703695, -400.0 ], [ 155.7222222222222, -400.0 ] ] ] } },
{ "type": "Feature", "properties": { "opt_id": 1532 }, "geometry": { "type": "Polygon", "coordinates": [ [ [ 160.740740740740705, -400.0 ], [ 160.740740740740705, -395.0 ], [ 155.7222222222222, -395.0 ], [ 155.7222222222222, -400.0 ], [ 160.740740740740705, -400.0 ] ] ] } },
{ "type": "Feature", "properties": { "opt_id": 1533 }, "geometry": { "type": "Polygon", "coordinates": [ [ [ 165.759259259259238, -400.0 ], [ 165.759259259259238, -395.0 ], [ 160.740740740740733, -395.0 ], [ 160.740740740740733, -400.0 ], [ 165.759259259259238, -400.0 ] ] ] } },
{ "type": "Feature", "properties": { "opt_id": 1534 }, "geometry": { "type": "Polygon", "coordinates": [ [ [ 170.777777777777743, -400.0 ], [ 170.777777777777743, -395.0 ], [ 165.759259259259238, -395.0 ], [ 165.759259259259238, -400.0 ], [ 170.777777777777743, -400.0 ] ] ] } },
{ "type": "Feature", "properties": { "opt_id": 1535 }, "geometry": { "type": "Polygon", "coordinates": [ [ [ 175.796296296296276, -400.0 ], [ 175.796296296296276, -395.0 ], [ 170.777777777777771, -395.0 ], [ 170.777777777777771, -400.0 ], [ 175.796296296296276, -400.0 ] ] ] } },
{ "type": "Feature", "properties": { "opt_id": 1536 }, "geometry": { "type": "Polygon", "coordinates": [ [ [ 180.814814814814781, -400.0 ], [ 180.814814814814781, -395.0 ], [ 175.796296296296276, -395.0 ], [ 175.796296296296276, -400.0 ], [ 180.814814814814781, -400.0 ] ] ] } },
{ "type": "Feature", "properties": { "opt_id": 1537 }, "geometry": { "type": "Polygon", "coordinates": [ [ [ 185.833333333333314, -400.0 ], [ 185.833333333333314, -395.0 ], [ 180.81481481481481, -395.0 ], [ 180.81481481481481, -400.0 ], [ 185.833333333333314, -400.0 ] ] ] } },
{ "type": "Feature", "properties": { "opt_id": 1538 }, "geometry": { "type": "Polygon", "coordinates": [ [ [ 190.851851851851819, -400.0 ], [ 190.851851851851819, -395.0 ], [ 185.833333333333314, -395.0 ], [ 185.833333333333314, -400.0 ], [ 190.851851851851819, -400.0 ] ] ] } },
{ "type": "Feature", "properties": { "opt_id": 1539 }, "geometry": { "type": "Polygon", "coordinates": [ [ [ 195.870370370370352, -400.0 ], [ 195.870370370370352, -395.0 ], [ 190.851851851851848, -395.0 ], [ 190.851851851851848, -400.0 ], [ 195.870370370370352, -400.0 ] ] ] } },
{ "type": "Feature", "properties": { "opt_id": 1540 }, "geometry": { "type": "Polygon", "coordinates": [ [ [ 200.888888888888857, -400.0 ], [ 200.888888888888857, -395.0 ], [ 195.870370370370352, -395.0 ], [ 195.870370370370352, -400.0 ], [ 200.888888888888857, -400.0 ] ] ] } },
{ "type": "Feature", "properties": { "opt_id": 1541 }, "geometry": { "type": "Polygon", "coordinates": [ [ [ 205.907407407407362, -400.0 ], [ 205.907407407407362, -395.0 ], [ 200.888888888888857, -395.0 ], [ 200.888888888888857, -400.0 ], [ 205.907407407407362, -400.0 ] ] ] } },
{ "type": "Feature", "properties": { "opt_id": 1542 }, "geometry": { "type": "Polygon", "coordinates": [ [ [ 210.925925925925895, -400.0 ], [ 210.925925925925895, -395.0 ], [ 205.907407407407391, -395.0 ], [ 205.907407407407391, -400.0 ], [ 210.925925925925895, -400.0 ] ] ] } }
]
}
